ID,Rating,Paygrade,Exam_Area,Subject,Concentration,Question,Answer_A,Answer_B,Answer_C,Answer_D,Correct_Answer,Source_Manual,Source_File,Source_URL,Page,Manual_Edition,Verbatim_Quote,Quote_Verified,Check_Notes,Judge_Verdict,Judge_Notes
ADV001,PS,E-5,Education Services,Final Multiple Score,Award Points,What is the maximum number of award points authorized for an E-5 candidate?,12,10,15,8,B,BUPERSINST 1430.16H,BUPERSINST-1430.16H.pdf,https://www.mynavyhr.navy.mil/Portals/55/Reference/Instructions/BUPERS/BUPERSINST%201430.16.pdf#page=52,52,"1430.16H, 21 Jan 2026",Maximum award points authorized are 10 points for E-5 candidates and 12 points for E-6 candidates.,PASS,Found on stated page.,PASS,
ADV002,PS,E-6,Education Services,Final Multiple Score,Award Points,What is the maximum number of award points authorized for an E-6 candidate?,14,10,12,11,C,BUPERSINST 1430.16H,BUPERSINST-1430.16H.pdf,https://www.mynavyhr.navy.mil/Portals/55/Reference/Instructions/BUPERS/BUPERSINST%201430.16.pdf#page=52,52,"1430.16H, 21 Jan 2026",Maximum award points authorized are 10 points for E-5 candidates and 12 points for E-6 candidates.,PASS,Found on stated page.,PASS,
ADV003,PS,E-5,Education Services,Final Multiple Score,Award Points,How are award points entered on the electronic EAW?,As a decimal to two places,As a one-digit number,As a three-digit number,As a two-digit number,D,BUPERSINST 1430.16H,BUPERSINST-1430.16H.pdf,https://www.mynavyhr.navy.mil/Portals/55/Reference/Instructions/BUPERS/BUPERSINST%201430.16.pdf#page=52,52,"1430.16H, 21 Jan 2026",Award points are entered as a two-digit number.,PASS,Found on stated page.,PASS,
ADV004,PS,E-7,Education Services,Final Multiple Score,Award Points,Are award points included in the final multiple score computation for E-7 candidates?,"Yes, at full value","Yes, at half value",No,Only for combat awards,C,BUPERSINST 1430.16H,BUPERSINST-1430.16H.pdf,https://www.mynavyhr.navy.mil/Portals/55/Reference/Instructions/BUPERS/BUPERSINST%201430.16.pdf#page=52,52,"1430.16H, 21 Jan 2026",Award points are not included in the FMS computation for E-7 candidates.,PASS,Found on stated page.,PASS,
ADV005,PS,E-5,Education Services,Final Multiple Score,Award Points,An award is documented with only a month and year. What ending date is presumed?,The 15th of that month,The last day of that calendar year,The first day of that month,The last day of the respective month,D,BUPERSINST 1430.16H,BUPERSINST-1430.16H.pdf,https://www.mynavyhr.navy.mil/Portals/55/Reference/Instructions/BUPERS/BUPERSINST%201430.16.pdf#page=52,52,"1430.16H, 21 Jan 2026",Awards with only a month/year date are presumed to have an ending date on the last day of the respective month.,PASS,Found on stated page.,PASS,
ADV006,PS,E-5,Education Services,Final Multiple Score,Award Points,Where does NETPDC obtain a candidate's education points?,The candidate's ESR,The command ESO,Section 7 of the EAW,The Joint Service Transcript,D,BUPERSINST 1430.16H,BUPERSINST-1430.16H.pdf,https://www.mynavyhr.navy.mil/Portals/55/Reference/Instructions/BUPERS/BUPERSINST%201430.16.pdf#page=52,52,"1430.16H, 21 Jan 2026",NETPDC will obtain education points from the Joint Service Transcript (JST),PASS,Found on stated page.,PASS,
ADV007,PS,E-5,Education Services,Final Multiple Score,Award Points,"What is the maximum award point credit for letters of commendation signed by a flag, general, or SES officer?",Two points,Three points,Four points,One point,A,BUPERSINST 1430.16H,BUPERSINST-1430.16H.pdf,https://www.mynavyhr.navy.mil/Portals/55/Reference/Instructions/BUPERS/BUPERSINST%201430.16.pdf#page=53,53,"1430.16H, 21 Jan 2026","A maximum of two points for letters of commendation signed by a flag, general, or senior executive service (SES) officer will be credited to the awards factor for E-5 and E-6 candidates only.",PASS,Found on stated page.,PASS,
ADV008,PS,E-5,Education Services,Final Multiple Score,Award Points,"What is the maximum award point credit for an individual's Air Medal, regardless of the number of strikes?",Three points,One point,Five points,Two points,A,BUPERSINST 1430.16H,BUPERSINST-1430.16H.pdf,https://www.mynavyhr.navy.mil/Portals/55/Reference/Instructions/BUPERS/BUPERSINST%201430.16.pdf#page=53,53,"1430.16H, 21 Jan 2026","A maximum of three points for an individual’s Air Medal will be credited to the awards factor for E-5 and E-6 candidates, regardless of the number of strikes.",PASS,Found on stated page.,PASS,
ADV009,PS,E-5,Education Services,Final Multiple Score,Award Points,"A command Battle ""E"" is later issued to a Sailor as an individual letter of commendation. Does it qualify for award point credit?",Only for E-6 candidates,"Yes, one point","Yes, two points",No,D,BUPERSINST 1430.16H,BUPERSINST-1430.16H.pdf,https://www.mynavyhr.navy.mil/Portals/55/Reference/Instructions/BUPERS/BUPERSINST%201430.16.pdf#page=53,53,"1430.16H, 21 Jan 2026","Command or unit awards (e.g., Battle “E,” Golden Helm Award, Robert S. Gray Award, NEY Awards, Golden Oak Leaf Award, etc.) subsequently issued as individual letters of commendation do not qualify for award point credit.",PASS,Found on stated page.,PASS,
ADV010,PS,E-5,Education Services,Final Multiple Score,Award Points,How are Gold and Silver Wreath awards signed by flag officers treated for award points?,They are considered letters of commendation,They receive no credit,They are considered unit awards,They are worth three points each,A,BUPERSINST 1430.16H,BUPERSINST-1430.16H.pdf,https://www.mynavyhr.navy.mil/Portals/55/Reference/Instructions/BUPERS/BUPERSINST%201430.16.pdf#page=53,53,"1430.16H, 21 Jan 2026",Gold and Silver Wreath awards signed by flag officers are considered letters of commendation.,PASS,Found on stated page.,PASS,
ADV011,PS,E-5,Education Services,Final Multiple Score,Performance Mark Average and RSCA PMA,To how many decimal places is PMA rounded?,Two,It is not rounded,One,Three,A,BUPERSINST 1430.16H,BUPERSINST-1430.16H.pdf,https://www.mynavyhr.navy.mil/Portals/55/Reference/Instructions/BUPERS/BUPERSINST%201430.16.pdf#page=54,54,"1430.16H, 21 Jan 2026",PMA will be rounded to two decimal places.,PASS,Found on stated page.,PASS,
ADV012,PS,E-6,Education Services,Final Multiple Score,Performance Mark Average and RSCA PMA,"In the RSCA PMA computation, what happens when the difference between the ITA and RSCA value is 0.04 or less?",0.20 points are added,The evaluation is discarded,The RSCA PMA is set to 0.00,No additional points are added to the evaluation value,D,BUPERSINST 1430.16H,BUPERSINST-1430.16H.pdf,https://www.mynavyhr.navy.mil/Portals/55/Reference/Instructions/BUPERS/BUPERSINST%201430.16.pdf#page=54,54,"1430.16H, 21 Jan 2026","If the difference is negative or 0.04 or less, no additional points are added to the evaluation value.",PASS,Found on stated page.,PASS,
ADV013,PS,E-6,Education Services,Final Multiple Score,Performance Mark Average and RSCA PMA,What happens if an RSCA value is missing for any evaluation in the computation period?,RSCA PMA will be equal to 0.00 and considered a discrepancy,The candidate is automatically ineligible,The evaluation is skipped,The PMA defaults to 3.60,A,BUPERSINST 1430.16H,BUPERSINST-1430.16H.pdf,https://www.mynavyhr.navy.mil/Portals/55/Reference/Instructions/BUPERS/BUPERSINST%201430.16.pdf#page=54,54,"1430.16H, 21 Jan 2026","If the RSCA value is missing for any of the evaluations in the PMA of the exam administration cycle computation period, then RSCA PMA will be equal to 0.00 and will be considered a discrepancy until resolved by the command.",PASS,Found on stated page.,PASS,Flagged WEAK_PROOF by outside review; quote widened to carry the answer.
ADV014,PS,E-8,Education Services,Final Multiple Score,Performance Mark Average and RSCA PMA,Which candidates are excepted from the requirement to have a PMA or RSCA PMA?,SELRES candidates only,E-8 and E-9 candidates,E-6 and E-7 candidates,E-4 and E-5 candidates,B,BUPERSINST 1430.16H,BUPERSINST-1430.16H.pdf,https://www.mynavyhr.navy.mil/Portals/55/Reference/Instructions/BUPERS/BUPERSINST%201430.16.pdf#page=54,54,"1430.16H, 21 Jan 2026","A PMA or RSCA PMA is required for each candidate, with the exception of E-8 and E-9 candidates",PASS,Found on stated page.,PASS,
ADV015,PS,E-5,Education Services,Final Multiple Score,Performance Mark Average and RSCA PMA,"Under the block 45 conversion, what numeric value is assigned to a Must Promote?",3.4,3.6,3.8,4.0,C,BUPERSINST 1430.16H,BUPERSINST-1430.16H.pdf,https://www.mynavyhr.navy.mil/Portals/55/Reference/Instructions/BUPERS/BUPERSINST%201430.16.pdf#page=55,55,"1430.16H, 21 Jan 2026",Early Promote = 4.0 Must Promote = 3.8 Promotable = 3.6 Progressing = 3.4 Significant Problems = 2.0,PASS,Found on stated page.,PASS,
ADV016,PS,E-4,Education Services,Final Multiple Score,Performance Mark Average and RSCA PMA,"A new accession has graduated ""A"" school and has no evaluation in pay grade. What one-time PMA is selected in EAW?",4.00,3.60,3.40,3.80,B,BUPERSINST 1430.16H,BUPERSINST-1430.16H.pdf,https://www.mynavyhr.navy.mil/Portals/55/Reference/Instructions/BUPERS/BUPERSINST%201430.16.pdf#page=55,55,"1430.16H, 21 Jan 2026","For new accession candidates who have graduated from “A” school and are eligible for the upcoming NWAE and do not have a current evaluation in pay grade, a one-time PMA or RSCA PMA of 3.60 will be selected in EAW.",PASS,Found on stated page.,PASS,Flagged WEAK_PROOF by outside review; quote widened to carry the answer.
ADV017,PS,E-5,Education Services,Final Multiple Score,Performance Mark Average and RSCA PMA,May a special evaluation be used to establish initial eligibility for BBA RKE participation?,No,Only for E-6 candidates,"Yes, with CO approval","Yes, always",A,BUPERSINST 1430.16H,BUPERSINST-1430.16H.pdf,https://www.mynavyhr.navy.mil/Portals/55/Reference/Instructions/BUPERS/BUPERSINST%201430.16.pdf#page=55,55,"1430.16H, 21 Jan 2026","For BBA RKE participation, special evaluations may not be used to establish initial eligibility or manipulate PMAs",PASS,Found on stated page.,PASS,
ADV018,PS,E-5,Education Services,Final Multiple Score,Performance Mark Average and RSCA PMA,What end date must a special evaluation have for the March examination?,31 January,31 March,28/29 February,31 December,C,BUPERSINST 1430.16H,BUPERSINST-1430.16H.pdf,https://www.mynavyhr.navy.mil/Portals/55/Reference/Instructions/BUPERS/BUPERSINST%201430.16.pdf#page=56,56,"1430.16H, 21 Jan 2026",(3) 28/29 February for the March examination,PASS,Found on stated page.,PASS,
ADV019,PS,E-5,Education Services,Final Multiple Score,Performance Mark Average and RSCA PMA,What end date must a special evaluation have for the September examination?,31 December,31 August,30 September,31 July,B,BUPERSINST 1430.16H,BUPERSINST-1430.16H.pdf,https://www.mynavyhr.navy.mil/Portals/55/Reference/Instructions/BUPERS/BUPERSINST%201430.16.pdf#page=56,56,"1430.16H, 21 Jan 2026",(5) 31 August for the September examination,PASS,Found on stated page.,PASS,
ADV020,PS,E-5,Education Services,Final Multiple Score,Performance Mark Average and RSCA PMA,May a candidate participate in the exam without a PMA or RSCA PMA?,"Yes, for SELRES only",No,"Yes, if the CO recommends it","Yes, with an ETP on file",B,BUPERSINST 1430.16H,BUPERSINST-1430.16H.pdf,https://www.mynavyhr.navy.mil/Portals/55/Reference/Instructions/BUPERS/BUPERSINST%201430.16.pdf#page=56,56,"1430.16H, 21 Jan 2026",Exam participation is not authorized for personnel without a PMA or RSCA PMA.,PASS,Found on stated page.,PASS,
ADV021,PS,E-5,Education Services,Final Multiple Score,Performance Mark Average and RSCA PMA,By what point must the ESO ensure PMA and RSCA PMA computations are completed?,Prior to the exam date,Prior to the release of the cycle NAVADMIN,Prior to the first day of the month of the exam administration cycle,Within one week after the exam,C,BUPERSINST 1430.16H,BUPERSINST-1430.16H.pdf,https://www.mynavyhr.navy.mil/Portals/55/Reference/Instructions/BUPERS/BUPERSINST%201430.16.pdf#page=56,56,"1430.16H, 21 Jan 2026",It is the ESOs responsibility to ensure PMA and RSCA PMA computations are completed prior to the first day of the month of the exam administration cycle.,PASS,Found on stated page.,PASS,
ADV022,PS,E-5,Education Services,Final Multiple Score,Advancement Exam Worksheet,When does the EAW worksheet close for active duty and TAR candidates?,2 weeks after the exam date,1 week after the exam date,The last day of the exam month,On the exam date,B,BUPERSINST 1430.16H,BUPERSINST-1430.16H.pdf,https://www.mynavyhr.navy.mil/Portals/55/Reference/Instructions/BUPERS/BUPERSINST%201430.16.pdf#page=57,57,"1430.16H, 21 Jan 2026","For active duty/TAR, the EAW worksheet will “close” (lock) 1 week after the exam date.",PASS,Found on stated page.,PASS,
ADV023,PS,E-5,Education Services,Final Multiple Score,Advancement Exam Worksheet,When does the EAW worksheet close for SELRES candidates?,1 week after the exam date,The last day of the exam administration month,30 days after the exam date,On the exam date,B,BUPERSINST 1430.16H,BUPERSINST-1430.16H.pdf,https://www.mynavyhr.navy.mil/Portals/55/Reference/Instructions/BUPERS/BUPERSINST%201430.16.pdf#page=57,57,"1430.16H, 21 Jan 2026","For SELRES candidates, the worksheet will “close” on the last day of the exam administration month.",PASS,Found on stated page.,PASS,
ADV024,PS,E-5,Education Services,Final Multiple Score,Advancement Exam Worksheet,How is active duty TIR treated relative to SELRES TIG in the same pay grade?,Only the longer of the two counts,They are tracked separately,They are combined,SELRES TIG is not credited,C,BUPERSINST 1430.16H,BUPERSINST-1430.16H.pdf,https://www.mynavyhr.navy.mil/Portals/55/Reference/Instructions/BUPERS/BUPERSINST%201430.16.pdf#page=57,57,"1430.16H, 21 Jan 2026",Active duty TIR and SELRES TIG in same pay grade is combined.,PASS,Found on stated page.,PASS,
ADV025,PS,E-6,Manning & Manpower Management,Effecting Advancement,Frocking,Which reference governs frocking of enlisted personnel for the NWAE?,OPNAVINST 6110.1L,BUPERSINST 1610.10H,MILPERSMAN 1420-060,MILPERSMAN 1306-100,C,BUPERSINST 1430.16H,BUPERSINST-1430.16H.pdf,https://www.mynavyhr.navy.mil/Portals/55/Reference/Instructions/BUPERS/BUPERSINST%201430.16.pdf#page=117,117,"1430.16H, 21 Jan 2026","For NWAE, COs and OICs may frock enlisted personnel per MILPERSMAN 1420-060; members may decline frocking.",PASS,Found on stated page.,PASS,
ADV026,PS,E-6,Manning & Manpower Management,Effecting Advancement,Frocking,What is the effect of removing a Sailor's frocking?,It cancels the advancement selection,It does not remove his or her selection for advancement,It resets time in rate,It requires a new selection board,B,BUPERSINST 1430.16H,BUPERSINST-1430.16H.pdf,https://www.mynavyhr.navy.mil/Portals/55/Reference/Instructions/BUPERS/BUPERSINST%201430.16.pdf#page=117,117,"1430.16H, 21 Jan 2026",Removing a Sailor’s frocking does not remove his or her selection for advancement.,PASS,Found on stated page.,PASS,
ADV027,PS,E-4,Manning & Manpower Management,Alternative Advancement,Meritorious Advancement Program,MAP grants authority to advance eligible personnel in which pay grades?,E-5 and E-6 only,"E-3, E-4, and E-5","E-2, E-3, and E-4","E-4, E-5, and E-6",B,BUPERSINST 1430.16H,BUPERSINST-1430.16H.pdf,https://www.mynavyhr.navy.mil/Portals/55/Reference/Instructions/BUPERS/BUPERSINST%201430.16.pdf#page=136,136,"1430.16H, 21 Jan 2026","to advance eligible personnel in the pay grades of E-3, E-4, and E-5 to the next-higher pay grade",PASS,Found on stated page.,PASS,
ADV028,PS,E-5,Manning & Manpower Management,Alternative Advancement,Meritorious Advancement Program,In what year was the Meritorious Advancement Program established?,2013,2011,2015,2018,C,BUPERSINST 1430.16H,BUPERSINST-1430.16H.pdf,https://www.mynavyhr.navy.mil/Portals/55/Reference/Instructions/BUPERS/BUPERSINST%201430.16.pdf#page=136,136,"1430.16H, 21 Jan 2026",MAP was established in 2015 as one of the Navy’s talent management initiatives,PASS,Found on stated page.,PASS,
ADV029,PS,E-5,Manning & Manpower Management,Alternative Advancement,Meritorious Advancement Program,What is the minimum period of temporary assignment for MAP eligibility at the certifying command?,14 consecutive days,90 consecutive days,30 consecutive days,60 consecutive days,C,BUPERSINST 1430.16H,BUPERSINST-1430.16H.pdf,https://www.mynavyhr.navy.mil/Portals/55/Reference/Instructions/BUPERS/BUPERSINST%201430.16.pdf#page=136,136,"1430.16H, 21 Jan 2026",must be permanently assigned or temporarily assigned (minimum of 30 consecutive days) to the command certifying the meritorious advancement,PASS,Found on stated page.,PASS,
ADV030,PS,E-5,Manning & Manpower Management,Alternative Advancement,Meritorious Advancement Program,Through which system is MAP executed?,BOL,NETPDC 1430/3,NSIPS,MyNavy Assignment,C,BUPERSINST 1430.16H,BUPERSINST-1430.16H.pdf,https://www.mynavyhr.navy.mil/Portals/55/Reference/Instructions/BUPERS/BUPERSINST%201430.16.pdf#page=137,137,"1430.16H, 21 Jan 2026",Execution of MAP is accomplished via the Navy Standard Integrated Personnel System (NSIPS).,PASS,Found on stated page.,PASS,
ADV031,PS,E-5,Manning & Manpower Management,Alternative Advancement,Command Advance to Position,Sailors within how many months of their PRD must use the Detailing Marketplace instead of CA2P?,18 months,6 months,9 months,12 months,D,BUPERSINST 1430.16H,BUPERSINST-1430.16H.pdf,https://www.mynavyhr.navy.mil/Portals/55/Reference/Instructions/BUPERS/BUPERSINST%201430.16.pdf#page=137,137,"1430.16H, 21 Jan 2026",Sailors within 12 months of PRD must utilize the Detailing Marketplace.,PASS,Found on stated page.,PASS,
ADV032,PS,E-5,Manning & Manpower Management,Alternative Advancement,Command Advance to Position,"For most ratings, within what period must a CA2P billet be currently vacant or become vacant?",3 months,12 months,14 months,6 months,D,BUPERSINST 1430.16H,BUPERSINST-1430.16H.pdf,https://www.mynavyhr.navy.mil/Portals/55/Reference/Instructions/BUPERS/BUPERSINST%201430.16.pdf#page=137,137,"1430.16H, 21 Jan 2026","The billet must be valid, funded, currently vacant, or will become vacant within 6 months.",PASS,Found on stated page.,PASS,
ADV033,PS,E-5,Manning & Manpower Management,Alternative Advancement,Command Advance to Position,"For non-nuclear submarine ratings, within what period must a CA2P billet become vacant?",9 months,14 months,12 months,6 months,B,BUPERSINST 1430.16H,BUPERSINST-1430.16H.pdf,https://www.mynavyhr.navy.mil/Portals/55/Reference/Instructions/BUPERS/BUPERSINST%201430.16.pdf#page=137,137,"1430.16H, 21 Jan 2026","For non-nuclear submarine ratings, the billet must be valid, funded, currently vacant or will become vacant within 14 months.",PASS,Found on stated page.,PASS,
ADV034,PS,E-5,Manning & Manpower Management,Billet-Based Advancement,Billet-Based Advancement Ratings,Is time in rate a requirement for participation in the rating knowledge examination?,No,Only for E-6 candidates,"Yes, 36 months","Yes, 12 months",A,BUPERSINST 1430.16H,BUPERSINST-1430.16H.pdf,https://www.mynavyhr.navy.mil/Portals/55/Reference/Instructions/BUPERS/BUPERSINST%201430.16.pdf#page=150,150,"1430.16H, 21 Jan 2026",TIR is not a requirement for participation in the RKE.,PASS,Found on stated page.,PASS,
ADV035,PS,E-5,Manning & Manpower Management,Billet-Based Advancement,Billet-Based Advancement Ratings,In which months is RKE exam administration conducted?,February and August,January and July,March and September,April and October,C,BUPERSINST 1430.16H,BUPERSINST-1430.16H.pdf,https://www.mynavyhr.navy.mil/Portals/55/Reference/Instructions/BUPERS/BUPERSINST%201430.16.pdf#page=150,150,"1430.16H, 21 Jan 2026",Exam administration will continue to be in March and September.,PASS,Found on stated page.,PASS,
ADV036,PS,E-5,Manning & Manpower Management,Billet-Based Advancement,Billet-Based Advancement Ratings,Which promotion recommendation constitutes an official recommendation for advancement?,Must Promote or higher,Promotable or higher,Progressing or higher,Early Promote only,B,BUPERSINST 1430.16H,BUPERSINST-1430.16H.pdf,https://www.mynavyhr.navy.mil/Portals/55/Reference/Instructions/BUPERS/BUPERSINST%201430.16.pdf#page=150,150,"1430.16H, 21 Jan 2026",a promotion recommendation of “promotable” or higher constitutes an official recommendation for advancement,PASS,Found on stated page.,PASS,
ADV037,PS,E-7,Manning & Manpower Management,Billet-Based Advancement,Senior Enlisted Marketplace,What is the minimum time in rate for advancement from E-7 to E-8?,36 months,24 months,30 months,48 months,A,BUPERSINST 1430.16H,BUPERSINST-1430.16H.pdf,https://www.mynavyhr.navy.mil/Portals/55/Reference/Instructions/BUPERS/BUPERSINST%201430.16.pdf#page=155,155,"1430.16H, 21 Jan 2026","a. Minimum TIR (1) E-6 to E-7 – 36 months, refer to subparagraph 212 for early promote waivers (2) E-7 to E-8 – 36 months (3) E-8 to E-9 – 36 months",PASS,Found on stated page.,PASS,
ADV038,PS,E-6,Manning & Manpower Management,Billet-Based Advancement,Senior Enlisted Marketplace,When are E-6 Sailors screened for E-7 who have completed CPO induction frocked?,On 1 January each year,On the date of the selection board,On or around September 15th of each year,On or around 1 July each year,C,BUPERSINST 1430.16H,BUPERSINST-1430.16H.pdf,https://www.mynavyhr.navy.mil/Portals/55/Reference/Instructions/BUPERS/BUPERSINST%201430.16.pdf#page=155,155,"1430.16H, 21 Jan 2026",E-6 Sailors screened for E-7 who have completed chief petty officer (CPO) induction will be frocked on or around September 15th of each year as dictated by annual CPO guidance.,PASS,Found on stated page.,PASS,Flagged WEAK_PROOF by outside review; quote widened to carry the answer.
ADV039,PS,E-5,Manning & Manpower Management,Billet-Based Advancement,Senior Enlisted Marketplace,When does an A2P advancement become effective?,On the date the Sailor checks onboard the ultimate duty station and is placed into billet at the higher pay grade,On the date orders are issued,On the first day of the following month,On the date the selection board adjourns,A,BUPERSINST 1430.16H,BUPERSINST-1430.16H.pdf,https://www.mynavyhr.navy.mil/Portals/55/Reference/Instructions/BUPERS/BUPERSINST%201430.16.pdf#page=155,155,"1430.16H, 21 Jan 2026",A2P advancements are effective on the date a Sailor checks onboard his or her ultimate duty station and is placed into billet at the higher pay grade.,PASS,Found on stated page.,PASS,
ADV040,PS,E-5,Manning & Manpower Management,Alternative Advancement,Command Advance to Position,What document is required to effect a CA2P advancement?,A special evaluation,A NAVPERS 1070/613,An approved manning realignment request,An exception to policy letter,C,BUPERSINST 1430.16H,BUPERSINST-1430.16H.pdf,https://www.mynavyhr.navy.mil/Portals/55/Reference/Instructions/BUPERS/BUPERSINST%201430.16.pdf#page=155,155,"1430.16H, 21 Jan 2026",CA2P requires an approved manning realignment request (MRR).,PASS,Found on stated page.,PASS,
ADV041,PS,E-4,Education Services,Advancement System Overview,Navy Enlisted Advancement System Overview,"On what basis are personnel automatically advanced to E-2, E-3, and E-4?",Time in rate only,Minimum time in service requirements,Command recommendation,Exam score,B,BUPERSINST 1430.16H,BUPERSINST-1430.16H.pdf,https://www.mynavyhr.navy.mil/Portals/55/Reference/Instructions/BUPERS/BUPERSINST%201430.16.pdf#page=16,16,"1430.16H, 21 Jan 2026","Personnel meeting minimum time in service (TIS) requirements will be automatically advanced to E-2, E-3, and E-4 without local action.",PASS,Found on stated page.,PASS,
ADV042,PS,E-4,Education Services,Advancement System Overview,Navy Enlisted Advancement System Overview,Is a special performance evaluation required to document the advancement recommendation for automatic E-2 through E-4 advancement?,Only for E-4,Yes,Only for SELRES,No,D,BUPERSINST 1430.16H,BUPERSINST-1430.16H.pdf,https://www.mynavyhr.navy.mil/Portals/55/Reference/Instructions/BUPERS/BUPERSINST%201430.16.pdf#page=16,16,"1430.16H, 21 Jan 2026",A special performance evaluation is not required to document recommendation for advancement.,PASS,Found on stated page.,PASS,
ADV043,PS,E-5,Education Services,Advancement System Overview,Navy Enlisted Advancement System Overview,Who provides the quotas that determine E-5 and E-6 NWAE advancements?,NETPDC,OPNAV N13,The Chief of Naval Personnel,The type commander,C,BUPERSINST 1430.16H,BUPERSINST-1430.16H.pdf,https://www.mynavyhr.navy.mil/Portals/55/Reference/Instructions/BUPERS/BUPERSINST%201430.16.pdf#page=16,16,"1430.16H, 21 Jan 2026",E-5 and E-6 NWAE advancements are determined from quotas provided by the Chief of Naval Personnel (CHNAVPERS).,PASS,Found on stated page.,PASS,
ADV044,PS,E-5,Education Services,Advancement System Overview,Navy Enlisted Advancement System Overview,On what are CHNAVPERS advancement quotas primarily based?,Manpower needs for each NWAE rate/competitive group,Total candidates who passed,Exam difficulty,Retention rates,A,BUPERSINST 1430.16H,BUPERSINST-1430.16H.pdf,https://www.mynavyhr.navy.mil/Portals/55/Reference/Instructions/BUPERS/BUPERSINST%201430.16.pdf#page=16,16,"1430.16H, 21 Jan 2026",The quotas established by CHNAVPERS are based primarily on manpower needs for each NWAE rate/competitive group.,PASS,Found on stated page.,PASS,
ADV045,PS,E-5,Education Services,Final Multiple Score,Final Multiple Score Computation,How are candidates within an NWAE rate/competitive group ordered to set the advancement cut?,By exam standard score alone,By time in rate,Alphabetically,Rank-ordered by FMS,D,BUPERSINST 1430.16H,BUPERSINST-1430.16H.pdf,https://www.mynavyhr.navy.mil/Portals/55/Reference/Instructions/BUPERS/BUPERSINST%201430.16.pdf#page=16,16,"1430.16H, 21 Jan 2026","Each NWAE rate/competitive group is rank-ordered by FMS, and FMS cuts are set to match the quotas.",PASS,Found on stated page.,PASS,
ADV048,PS,E-5,Education Services,Final Multiple Score,Final Multiple Score Computation,What is the maximum performance mark average used in FMS computation?,3.80,6.00,5.20,4.00,D,BUPERSINST 1430.16H,BUPERSINST-1430.16H.pdf,https://www.mynavyhr.navy.mil/Portals/55/Reference/Instructions/BUPERS/BUPERSINST%201430.16.pdf#page=17,17,"1430.16H, 21 Jan 2026",Maximum performance mark average (PMA) = 4.00. Refer to chapter 3 for instructions on determining PMA.,PASS,Found on stated page.,PASS,
ADV049,PS,E-6,Education Services,Final Multiple Score,Final Multiple Score Computation,What is the maximum RSCA PMA used in FMS computation?,4.00,5.20,6.00,4.80,B,BUPERSINST 1430.16H,BUPERSINST-1430.16H.pdf,https://www.mynavyhr.navy.mil/Portals/55/Reference/Instructions/BUPERS/BUPERSINST%201430.16.pdf#page=17,17,"1430.16H, 21 Jan 2026",Maximum RSCA PMA = 5.20. Refer to chapter 3 for instructions on determining RSCA PMA.,PASS,Found on stated page.,PASS,
ADV050,PS,E-5,Education Services,Final Multiple Score,Final Multiple Score Computation,What is the range of standard scores for the NWAE or RKE?,30 to 70,0 to 100,40 to 90,20 to 80,D,BUPERSINST 1430.16H,BUPERSINST-1430.16H.pdf,https://www.mynavyhr.navy.mil/Portals/55/Reference/Instructions/BUPERS/BUPERSINST%201430.16.pdf#page=17,17,"1430.16H, 21 Jan 2026",The range of the standard scores for the NWAE or RKE is 20 to 80.,PASS,Found on stated page.,PASS,
ADV051,PS,E-5,Education Services,Final Multiple Score,Final Multiple Score Computation,What is the maximum number of PNA points a candidate may earn?,3,6,9,12,C,BUPERSINST 1430.16H,BUPERSINST-1430.16H.pdf,https://www.mynavyhr.navy.mil/Portals/55/Reference/Instructions/BUPERS/BUPERSINST%201430.16.pdf#page=17,17,"1430.16H, 21 Jan 2026",Maximum PNA points = 9 for the most recent 3 consecutive advancement cycles in the same pay grade.,PASS,Found on stated page.,PASS,
ADV052,PS,E-5,Education Services,Final Multiple Score,Final Multiple Score Computation,What are PNA points called when earned on an RKE?,Bonus advancement points,Marketplace points,Quality bonus points,Retention points,C,BUPERSINST 1430.16H,BUPERSINST-1430.16H.pdf,https://www.mynavyhr.navy.mil/Portals/55/Reference/Instructions/BUPERS/BUPERSINST%201430.16.pdf#page=17,17,"1430.16H, 21 Jan 2026",PNA points for an RKE are referred to as quality bonus points (QBP).,PASS,Found on stated page.,PASS,
ADV053,PS,E-6,Education Services,Final Multiple Score,Final Multiple Score Computation,"For SELRES candidates, what replaces service in pay grade in the FMS?",Satisfactory participation points,Annual training credit,Drill service in pay grade,Time in service,C,BUPERSINST 1430.16H,BUPERSINST-1430.16H.pdf,https://www.mynavyhr.navy.mil/Portals/55/Reference/Instructions/BUPERS/BUPERSINST%201430.16.pdf#page=17,17,"1430.16H, 21 Jan 2026","For SELRES, service in pay grade (SIPG) is drill service in pay grade (DSPG).",PASS,Found on stated page.,PASS,
ADV054,PS,E-6,Education Services,Final Multiple Score,Final Multiple Score Computation,What is the maximum SIPG or DSPG points for an E-6 candidate?,3,1,2,4,A,BUPERSINST 1430.16H,BUPERSINST-1430.16H.pdf,https://www.mynavyhr.navy.mil/Portals/55/Reference/Instructions/BUPERS/BUPERSINST%201430.16.pdf#page=17,17,"1430.16H, 21 Jan 2026",Maximum E-5 SIPG or DSPG points are 2. Maximum E-6 SIPG or DSPG points are 3.,PASS,Found on stated page.,PASS,
ADV055,PS,E-7,Education Services,Selection Boards,Selection Board Process,By when must an SSB request be received by PERS-803?,No later than 1 year after board results were made public,No later than 3 years after board results were made public,No later than 2 years after board results were made public,There is no deadline,C,BUPERSINST 1430.16H,BUPERSINST-1430.16H.pdf,https://www.mynavyhr.navy.mil/Portals/55/Reference/Instructions/BUPERS/BUPERSINST%201430.16.pdf#page=19,19,"1430.16H, 21 Jan 2026",All requests for SSBs must be received by PERS-803 no later than 2 years after the date the contested board results were made public.,PASS,Found on stated page.,PASS,
ADV056,PS,E-7,Manning & Manpower Management,Billet-Based Advancement,Senior Enlisted Marketplace,How must a successfully screened E-7 through E-9 candidate advance to the next pay grade?,By completing PMK-EE,By being aligned to a billet in the next higher pay grade via MyNavy Assignment,By CO endorsement,Automatically on the board release date,B,BUPERSINST 1430.16H,BUPERSINST-1430.16H.pdf,https://www.mynavyhr.navy.mil/Portals/55/Reference/Instructions/BUPERS/BUPERSINST%201430.16.pdf#page=19,19,"1430.16H, 21 Jan 2026","successfully screened E-7, E-8, and E-9 candidates must be aligned to a billet in the next higher pay grade via MyNavy Assignment (MNA)",PASS,Found on stated page.,PASS,
ADV057,PS,E-6,Education Services,Selection Boards,Limited Duty Officer Program Exams,What must an E-6 do before submitting a package for the LDO selection board?,Pass the E-7 exam,Complete the Senior Enlisted Academy,Be frocked to E-7,Complete CPO-LDC,A,BUPERSINST 1430.16H,BUPERSINST-1430.16H.pdf,https://www.mynavyhr.navy.mil/Portals/55/Reference/Instructions/BUPERS/BUPERSINST%201430.16.pdf#page=19,19,"1430.16H, 21 Jan 2026",E-6 personnel must pass the E-7 exam prior to submitting a package for the LDO selection board.,PASS,Found on stated page.,PASS,
ADV058,PS,E-5,Education Services,Advancement System Overview,Exception to Policy Requests,To whom must all ETP requests be addressed?,PERS-803,NETPDC N321,"Director, Military Personnel Plans and Policy (N13)",The type commander,C,BUPERSINST 1430.16H,BUPERSINST-1430.16H.pdf,https://www.mynavyhr.navy.mil/Portals/55/Reference/Instructions/BUPERS/BUPERSINST%201430.16.pdf#page=23,23,"1430.16H, 21 Jan 2026","All ETP requests must be addressed to the Director, Military Personnel Plans and Policy (N13).",PASS,Found on stated page.,PASS,
ADV059,PS,E-5,Education Services,Advancement System Overview,Exception to Policy Requests,What is the ETP submission deadline?,3 months after the advancement cycle limiting date,Before the exam date,1 year after the advancement cycle limiting date,6 months after the advancement cycle limiting date,D,BUPERSINST 1430.16H,BUPERSINST-1430.16H.pdf,https://www.mynavyhr.navy.mil/Portals/55/Reference/Instructions/BUPERS/BUPERSINST%201430.16.pdf#page=23,23,"1430.16H, 21 Jan 2026",The ETP submission deadline is 6 months after the advancement cycle limiting date.,PASS,Found on stated page.,PASS,
ADV060,PS,E-5,Education Services,Advancement System Overview,Exception to Policy Requests,What is required for an ETP submitted more than 6 months after the advancement cycle limiting date?,A new NAVADMIN,A BCNR submission,A flag endorsement,An IG complaint,B,BUPERSINST 1430.16H,BUPERSINST-1430.16H.pdf,https://www.mynavyhr.navy.mil/Portals/55/Reference/Instructions/BUPERS/BUPERSINST%201430.16.pdf#page=23,23,"1430.16H, 21 Jan 2026",ETP requests submitted later than 6 months after the advancement cycle limiting date requires a BCNR submission.,PASS,Found on stated page.,PASS,
ADV061,PS,E-7,Education Services,Advancement System Overview,Exception to Policy Requests,When must E-7 ETP requests be received?,4 weeks prior to the regularly scheduled E-7 selection board,Any time before results release,8 weeks prior to the board,2 weeks prior to the E-7 selection board,A,BUPERSINST 1430.16H,BUPERSINST-1430.16H.pdf,https://www.mynavyhr.navy.mil/Portals/55/Reference/Instructions/BUPERS/BUPERSINST%201430.16.pdf#page=23,23,"1430.16H, 21 Jan 2026",E-7 ETP requests must be received 4 weeks prior to the regularly scheduled E-7 selection board.,PASS,Found on stated page.,PASS,
ADV062,PS,E-7,Education Services,Advancement System Overview,Exception to Policy Requests,What endorsement must a SEM ETP include?,The command master chief,The immediate CO only,A positive endorsement from the first flag officer in the chain of command,PERS-803 concurrence,C,BUPERSINST 1430.16H,BUPERSINST-1430.16H.pdf,https://www.mynavyhr.navy.mil/Portals/55/Reference/Instructions/BUPERS/BUPERSINST%201430.16.pdf#page=23,23,"1430.16H, 21 Jan 2026",SEM ETPs must include a positive endorsement from the first flag officer in the chain of command,PASS,Found on stated page.,PASS,
ADV063,PS,E-5,Education Services,Advancement Eligibility,General Eligibility Requirements,What is the most important advancement eligibility requirement?,PMK-EE completion,Time in rate,The CO/OIC recommendation,The exam standard score,C,BUPERSINST 1430.16H,BUPERSINST-1430.16H.pdf,https://www.mynavyhr.navy.mil/Portals/55/Reference/Instructions/BUPERS/BUPERSINST%201430.16.pdf#page=25,25,"1430.16H, 21 Jan 2026",The CO/OIC recommendation is the most important advancement eligibility requirement.,PASS,Found on stated page.,PASS,
ADV064,PS,E-5,Education Services,Advancement Eligibility,General Eligibility Requirements,What is the sole source of the recommendation for advancement?,The command advancement board,The most recent evaluation,The PSR,The ESR,B,BUPERSINST 1430.16H,BUPERSINST-1430.16H.pdf,https://www.mynavyhr.navy.mil/Portals/55/Reference/Instructions/BUPERS/BUPERSINST%201430.16.pdf#page=25,25,"1430.16H, 21 Jan 2026",The most recent evaluation is the sole source of recommendation for advancement.,PASS,Found on stated page.,PASS,
ADV065,PS,E-5,Education Services,Advancement Eligibility,General Eligibility Requirements,May a CO or OIC delegate the recommendation for advancement?,"Yes, to the CMC","Yes, to the XO",No,"Yes, to the department head",C,BUPERSINST 1430.16H,BUPERSINST-1430.16H.pdf,https://www.mynavyhr.navy.mil/Portals/55/Reference/Instructions/BUPERS/BUPERSINST%201430.16.pdf#page=25,25,"1430.16H, 21 Jan 2026",CO’s and OIC’s recommendations for advancement cannot be delegated.,PASS,Found on stated page.,PASS,
ADV066,PS,E-5,Education Services,Advancement Eligibility,General Eligibility Requirements,On what grounds may advancement be withheld?,For lack of observation only,Only for disciplinary action,"For cause, but not for lack of observation",For any reason at the CO's discretion,C,BUPERSINST 1430.16H,BUPERSINST-1430.16H.pdf,https://www.mynavyhr.navy.mil/Portals/55/Reference/Instructions/BUPERS/BUPERSINST%201430.16.pdf#page=25,25,"1430.16H, 21 Jan 2026","Advancement may be withheld for cause, but not for lack of observation.",PASS,Found on stated page.,PASS,
ADV067,PS,E-7,Education Services,Advancement Eligibility,General Eligibility Requirements,"For E-7 candidates, what is the first day of the exam administration cycle?",1 March of the year of the exam,1 September of the year of the exam,1 January of the year of the exam,1 July of the year of the exam,B,BUPERSINST 1430.16H,BUPERSINST-1430.16H.pdf,https://www.mynavyhr.navy.mil/Portals/55/Reference/Instructions/BUPERS/BUPERSINST%201430.16.pdf#page=26,26,"1430.16H, 21 Jan 2026","For E-7 candidates, the first day of the exam administration cycle is 1 September of the year of the exam.",PASS,Found on stated page.,PASS,
ADV068,PS,E-8,Education Services,Advancement Eligibility,General Eligibility Requirements,"For E-8 and E-9 candidates, what is the first day of the administration cycle?",1 July of the year of the board,1 September of the year of the board,1 June of the year of the board,1 January of the year of the board,A,BUPERSINST 1430.16H,BUPERSINST-1430.16H.pdf,https://www.mynavyhr.navy.mil/Portals/55/Reference/Instructions/BUPERS/BUPERSINST%201430.16.pdf#page=26,26,"1430.16H, 21 Jan 2026","For E-8 and E-9 candidates, the first day of the administration cycle is 1 July of the year of the board.",PASS,Found on stated page.,PASS,
ADV069,PS,E-5,Education Services,Advancement Eligibility,Professional Military Knowledge Eligibility Exam,For which pay grades does PMK-EE serve as an exam eligibility requirement?,E-4 through E-6,E-5 through E-7,E-6 through E-9,E-7 through E-9,B,BUPERSINST 1430.16H,BUPERSINST-1430.16H.pdf,https://www.mynavyhr.navy.mil/Portals/55/Reference/Instructions/BUPERS/BUPERSINST%201430.16.pdf#page=26,26,"1430.16H, 21 Jan 2026",PMK-EE serves as an eligibility requirement to take an NWAE or RKE for advancement to the pay grades of E-5 through E-7,PASS,Found on stated page.,PASS,
ADV070,PS,E-3,Education Services,Advancement Eligibility,Professional Military Knowledge Eligibility Exam,Is there a pay grade requirement for completing PMK-EE for E-5 through E-7?,"Yes, must be E-4 or above","Yes, must be TIR eligible",No,"Yes, must be in the next lower pay grade",C,BUPERSINST 1430.16H,BUPERSINST-1430.16H.pdf,https://www.mynavyhr.navy.mil/Portals/55/Reference/Instructions/BUPERS/BUPERSINST%201430.16.pdf#page=26,26,"1430.16H, 21 Jan 2026",There is no pay grade requirement for completing PMK-EE for E-5 through E-7,PASS,Found on stated page.,PASS,
ADV071,PS,E-5,Education Services,Advancement Eligibility,Professional Military Knowledge Eligibility Exam,How often must a Sailor successfully complete PMK-EE for a given pay grade?,Every two years,Once per pay grade,Every exam cycle,Once per enlistment,B,BUPERSINST 1430.16H,BUPERSINST-1430.16H.pdf,https://www.mynavyhr.navy.mil/Portals/55/Reference/Instructions/BUPERS/BUPERSINST%201430.16.pdf#page=26,26,"1430.16H, 21 Jan 2026",Successful completion of a PMK-EE per pay grade is only required once per pay grade.,PASS,Found on stated page.,PASS,
ADV072,PS,E-5,Education Services,Advancement Eligibility,Professional Military Knowledge Eligibility Exam,Must a Sailor advancing via MAP complete PMK-EE?,Only if advancing to E-6,"No, MAP waives PMK-EE",Only for active duty,"Yes, for the next-higher pay grade prior to advancing",D,BUPERSINST 1430.16H,BUPERSINST-1430.16H.pdf,https://www.mynavyhr.navy.mil/Portals/55/Reference/Instructions/BUPERS/BUPERSINST%201430.16.pdf#page=26,26,"1430.16H, 21 Jan 2026",must successfully complete PMK-EE for the next-higher pay grade prior to advancing,PASS,Found on stated page.,PASS,
ADV073,PS,E-6,Education Services,Advancement Eligibility,Enlisted Leader Development Courses,For which exam pay grades is ELD Course completion an eligibility requirement?,E-4 and E-5,E-7 through E-9,E-5 and E-6,E-6 and E-7,D,BUPERSINST 1430.16H,BUPERSINST-1430.16H.pdf,https://www.mynavyhr.navy.mil/Portals/55/Reference/Instructions/BUPERS/BUPERSINST%201430.16.pdf#page=26,26,"1430.16H, 21 Jan 2026",ELD Course completion is a requirement to take an NWAE or RKE for E-6 and E-7,PASS,Found on stated page.,PASS,
ADV074,PS,E-4,Education Services,Advancement Eligibility,Enlisted Leader Development Courses,Is ELD course completion required for an E-4 to be eligible to advance to E-5?,Only for SELRES,Yes,Only for active duty,No,D,BUPERSINST 1430.16H,BUPERSINST-1430.16H.pdf,https://www.mynavyhr.navy.mil/Portals/55/Reference/Instructions/BUPERS/BUPERSINST%201430.16.pdf#page=26,26,"1430.16H, 21 Jan 2026","ELD courses for Sailors in the pay grade of E-4 will still be available, but not a requirement for eligibility to advance to the pay grade of E-5.",PASS,Found on stated page.,PASS,
ADV075,PS,E-5,Education Services,Advancement Eligibility,Enlisted Leader Development Courses,When may a Sailor attend an ELD course?,During A school,Any time before the exam,Only after advancement is effected,Once wearing the applicable rate; not prior to being frocked or advanced,D,BUPERSINST 1430.16H,BUPERSINST-1430.16H.pdf,https://www.mynavyhr.navy.mil/Portals/55/Reference/Instructions/BUPERS/BUPERSINST%201430.16.pdf#page=26,26,"1430.16H, 21 Jan 2026",All ELD courses are meant to be attended once a Sailor is wearing the applicable rate and cannot be completed prior to being frocked or advanced.,PASS,Found on stated page.,PASS,
ADV076,PS,E-5,Education Services,Advancement Eligibility,Enlisted Leader Development Courses,Which ELD course corresponds to the pay grade of E-5?,Chief Petty Officer Leader Development Course,Advanced Leader Development Course,Intermediate Leader Development Course,Foundational Leader Development Course,C,BUPERSINST 1430.16H,BUPERSINST-1430.16H.pdf,https://www.mynavyhr.navy.mil/Portals/55/Reference/Instructions/BUPERS/BUPERSINST%201430.16.pdf#page=27,27,"1430.16H, 21 Jan 2026",E-5 Intermediate Leader Development Course (ILDC),PASS,Found on stated page.,PASS,
ADV077,PS,E-6,Education Services,Advancement Eligibility,Enlisted Leader Development Courses,Which ELD course corresponds to the pay grade of E-6?,Advanced Leader Development Course,Foundational Leader Development Course,Chief Petty Officer Leader Development Course,Intermediate Leader Development Course,A,BUPERSINST 1430.16H,BUPERSINST-1430.16H.pdf,https://www.mynavyhr.navy.mil/Portals/55/Reference/Instructions/BUPERS/BUPERSINST%201430.16.pdf#page=27,27,"1430.16H, 21 Jan 2026",E-6 Advanced Leader Development Course (ALDC),PASS,Found on stated page.,PASS,
ADV078,PS,E-4,Education Services,Advancement Eligibility,Enlisted Leader Development Courses,Which ELD course corresponds to the pay grades of E-3 and E-4?,Senior Enlisted Academy,Foundational Leader Development Course,Intermediate Leader Development Course,Advanced Leader Development Course,B,BUPERSINST 1430.16H,BUPERSINST-1430.16H.pdf,https://www.mynavyhr.navy.mil/Portals/55/Reference/Instructions/BUPERS/BUPERSINST%201430.16.pdf#page=27,27,"1430.16H, 21 Jan 2026",E-3 and E-4 Foundational Leader Development Course (FLDC),PASS,Found on stated page.,PASS,
ADV079,PS,E-9,Education Services,Advancement Eligibility,General Eligibility Requirements,What course completion is a prerequisite to be selection board eligible for E-9?,Senior Enlisted Academy,CPO Leader Development Course,Command Senior Enlisted Leader Course,Advanced Leader Development Course,A,BUPERSINST 1430.16H,BUPERSINST-1430.16H.pdf,https://www.mynavyhr.navy.mil/Portals/55/Reference/Instructions/BUPERS/BUPERSINST%201430.16.pdf#page=27,27,"1430.16H, 21 Jan 2026",SEA Course completion is a prerequisite to be selection board eligible (SBE) for E-9.,PASS,Found on stated page.,PASS,
ADV080,PS,E-9,Education Services,Advancement Eligibility,General Eligibility Requirements,Which NEC should reflect in the ESR of a Sailor who has completed the Senior Enlisted Academy?,N33Z,8SEA,8CPO,9SEA,B,BUPERSINST 1430.16H,BUPERSINST-1430.16H.pdf,https://www.mynavyhr.navy.mil/Portals/55/Reference/Instructions/BUPERS/BUPERSINST%201430.16.pdf#page=27,27,"1430.16H, 21 Jan 2026",Sailors who have completed the course should verify their electronic service record (ESR) has been updated with the 8SEA Navy enlisted classification (NEC).,PASS,Found on stated page.,PASS,
ADV081,PS,E-5,Education Services,Advancement Eligibility,General Eligibility Requirements,A candidate's most recent evaluation carries a promotion recommendation of Progressing. What is the effect?,Eligible with CO waiver,"Not eligible to participate in an NWAE, RKE, or selection board",Eligible only for MAP,Eligible but loses PNA points,B,BUPERSINST 1430.16H,BUPERSINST-1430.16H.pdf,https://www.mynavyhr.navy.mil/Portals/55/Reference/Instructions/BUPERS/BUPERSINST%201430.16.pdf#page=27,27,"1430.16H, 21 Jan 2026","Any candidate with a most-recent evaluation with promotion recommendation of “Significant Problems” or “Progressing” is not eligible to participate in an NWAE, RKE, or selection board",PASS,Found on stated page.,PASS,
ADV082,PS,E-6,Education Services,Advancement Eligibility,General Eligibility Requirements,What is the advancement status of Sailors not selected to continue from an SECB or ERB?,Eligible the following cycle,Eligible with a waiver,Ineligible for advancement,Eligible for MAP only,C,BUPERSINST 1430.16H,BUPERSINST-1430.16H.pdf,https://www.mynavyhr.navy.mil/Portals/55/Reference/Instructions/BUPERS/BUPERSINST%201430.16.pdf#page=27,27,"1430.16H, 21 Jan 2026",Sailors not selected to continue from an SECB or ERB are ineligible for advancement.,PASS,Found on stated page.,PASS,
ADV083,PS,E-7,Education Services,Advancement Eligibility,General Eligibility Requirements,What is the status of a BRCL 32 record with a blank SPI code?,Valid for SELRES only,Invalid,Valid pending board review,Valid,B,BUPERSINST 1430.16H,BUPERSINST-1430.16H.pdf,https://www.mynavyhr.navy.mil/Portals/55/Reference/Instructions/BUPERS/BUPERSINST%201430.16.pdf#page=27,27,"1430.16H, 21 Jan 2026",BRCL 32 with a blank SPI code is invalid.,PASS,Found on stated page.,PASS,
ADV084,PS,E-5,Education Services,Advancement Eligibility,Terminal Eligibility Date,What is the terminal eligibility date?,The date advancement is effected,The last day to take the exam,The date to which a candidate's service in pay grade is computed for advancement purposes,The date the cycle NAVADMIN is released,C,BUPERSINST 1430.16H,BUPERSINST-1430.16H.pdf,https://www.mynavyhr.navy.mil/Portals/55/Reference/Instructions/BUPERS/BUPERSINST%201430.16.pdf#page=40,40,"1430.16H, 21 Jan 2026",TED is the date to which a candidate's service in pay grade (SIPG) is computed for advancement purposes.,PASS,Found on stated page.,PASS,
ADV085,PS,E-4,Education Services,Advancement Eligibility,Terminal Eligibility Date,May TED be used to establish eligibility for automatic advancements?,Only for E-4,No,Yes,Only for SELRES,B,BUPERSINST 1430.16H,BUPERSINST-1430.16H.pdf,https://www.mynavyhr.navy.mil/Portals/55/Reference/Instructions/BUPERS/BUPERSINST%201430.16.pdf#page=40,40,"1430.16H, 21 Jan 2026",TED is not to be used to establish eligibility for automatic advancements.,PASS,Found on stated page.,PASS,
ADV086,PS,E-5,Education Services,Advancement Eligibility,Terminal Eligibility Date,What is the TED for the February/March E-5 and E-6 exam?,1 January of the same year,1 July of the same year,1 January of the next year,1 October of the next year,B,BUPERSINST 1430.16H,BUPERSINST-1430.16H.pdf,https://www.mynavyhr.navy.mil/Portals/55/Reference/Instructions/BUPERS/BUPERSINST%201430.16.pdf#page=40,40,"1430.16H, 21 Jan 2026",February/March 1 July of the same year,PASS,Found on stated page.,PASS,
ADV087,PS,E-6,Education Services,Advancement Eligibility,Terminal Eligibility Date,What is the TED for the August/September E-5 and E-6 exam?,1 September of the same year,1 October of the next year,1 January of the next year,1 July of the same year,C,BUPERSINST 1430.16H,BUPERSINST-1430.16H.pdf,https://www.mynavyhr.navy.mil/Portals/55/Reference/Instructions/BUPERS/BUPERSINST%201430.16.pdf#page=40,40,"1430.16H, 21 Jan 2026",August/September 1 January of the next year,PASS,Found on stated page.,PASS,
ADV088,PS,E-8,Education Services,Advancement Eligibility,Terminal Eligibility Date,What is the TED for the November E-8 and E-9 board?,1 January of the next year,1 November of the same year,1 July of the same year,1 October of the next year,D,BUPERSINST 1430.16H,BUPERSINST-1430.16H.pdf,https://www.mynavyhr.navy.mil/Portals/55/Reference/Instructions/BUPERS/BUPERSINST%201430.16.pdf#page=40,40,"1430.16H, 21 Jan 2026",November E-8 and E-9 1 October of the next year,PASS,Found on stated page.,PASS,
ADV089,PS,E-7,Education Services,Advancement Eligibility,Terminal Eligibility Date,What is the TED for the January/February E-7 exam?,1 July of the same year,1 October of the next year,1 January of the next year,1 September of the same year,C,BUPERSINST 1430.16H,BUPERSINST-1430.16H.pdf,https://www.mynavyhr.navy.mil/Portals/55/Reference/Instructions/BUPERS/BUPERSINST%201430.16.pdf#page=40,40,"1430.16H, 21 Jan 2026",January/February E-7 1 January of the next year,PASS,Found on stated page.,PASS,
ADV090,PS,E-5,Education Services,Advancement Eligibility,Time in Rate,"A NAVET returns to active duty in the same pay grade after a break in service of what length, triggering an adjusted TIR?",In excess of 24 hours,In excess of 1 year,In excess of 90 days,In excess of 30 days,A,BUPERSINST 1430.16H,BUPERSINST-1430.16H.pdf,https://www.mynavyhr.navy.mil/Portals/55/Reference/Instructions/BUPERS/BUPERSINST%201430.16.pdf#page=40,40,"1430.16H, 21 Jan 2026",after a break in service in excess of 24 hours will have an adjusted TIR,PASS,Found on stated page.,PASS,
ADV091,PS,E-5,Education Services,Advancement Eligibility,Time in Rate,Is IRR or CIP time included when recomputing TIR?,"Yes, in full",No,"Yes, at half credit",Only IRR time,B,BUPERSINST 1430.16H,BUPERSINST-1430.16H.pdf,https://www.mynavyhr.navy.mil/Portals/55/Reference/Instructions/BUPERS/BUPERSINST%201430.16.pdf#page=40,40,"1430.16H, 21 Jan 2026",IRR/CIP time will not be included for TIR re-computation.,PASS,Found on stated page.,PASS,
ADV092,PS,E-5,Education Services,Advancement Eligibility,Time in Rate,How is TIR calculated?,By adding SIPG to TIS,By subtracting TED from the exam date,By counting evaluations in pay grade,By comparing the TIR date for the current pay grade to the current date,D,BUPERSINST 1430.16H,BUPERSINST-1430.16H.pdf,https://www.mynavyhr.navy.mil/Portals/55/Reference/Instructions/BUPERS/BUPERSINST%201430.16.pdf#page=40,40,"1430.16H, 21 Jan 2026",Calculate TIR by comparing TIR date for current pay grade to current date,PASS,Found on stated page.,PASS,
ADV093,PS,E-5,Education Services,Advancement Eligibility,Time in Rate,An E-5 is advanced in April. What TIR date is assigned?,1 April of current year,1 July of current year,1 January of next year,1 January of current year,D,BUPERSINST 1430.16H,BUPERSINST-1430.16H.pdf,https://www.mynavyhr.navy.mil/Portals/55/Reference/Instructions/BUPERS/BUPERSINST%201430.16.pdf#page=41,41,"1430.16H, 21 Jan 2026",E-4 – E-6 1 Jan - 30 Jun 1 January of current year,PASS,Found on stated page.,PASS,
ADV094,PS,E-6,Education Services,Advancement Eligibility,Time in Rate,An E-6 is advanced in October. What TIR date is assigned?,1 January of next year,1 January of current year,1 October of current year,1 July of current year,D,BUPERSINST 1430.16H,BUPERSINST-1430.16H.pdf,https://www.mynavyhr.navy.mil/Portals/55/Reference/Instructions/BUPERS/BUPERSINST%201430.16.pdf#page=41,41,"1430.16H, 21 Jan 2026",E-4 – E-6 1 Jan - 30 Jun 1 January of current year 1 Jul - 31 Dec 1 July of current year,PASS,Found on stated page.,PASS,Flagged WEAK_PROOF by outside review; quote widened to carry the answer.
ADV095,PS,E-7,Education Services,Advancement Eligibility,Time in Rate,What TIR date is assigned to an E-7 advanced during the period 1 Sep to 31 Aug?,1 January of advancement cycle,1 September of advancement cycle,Date of advancement,1 July of advancement cycle,B,BUPERSINST 1430.16H,BUPERSINST-1430.16H.pdf,https://www.mynavyhr.navy.mil/Portals/55/Reference/Instructions/BUPERS/BUPERSINST%201430.16.pdf#page=41,41,"1430.16H, 21 Jan 2026",E-7 1 Sep - 31 Aug 1 September of advancement cycle,PASS,Found on stated page.,PASS,
ADV096,PS,E-8,Education Services,Advancement Eligibility,Time in Rate,What TIR date is assigned to an E-8 or E-9 advanced during the period 1 Jul to 30 Jun?,1 July of advancement cycle,1 January of advancement cycle,Date of advancement,1 September of advancement cycle,A,BUPERSINST 1430.16H,BUPERSINST-1430.16H.pdf,https://www.mynavyhr.navy.mil/Portals/55/Reference/Instructions/BUPERS/BUPERSINST%201430.16.pdf#page=41,41,"1430.16H, 21 Jan 2026",E-8 – E-9 1 Jul - 30 Jun 1 July of advancement cycle,PASS,Found on stated page.,PASS,
ADV097,PS,E-5,Education Services,Advancement Eligibility,Time in Rate,What TIR date is assigned following a reduction in rate?,The actual date of RIR,The first of the month following RIR,The original TIR date is retained,1 January of current year,A,BUPERSINST 1430.16H,BUPERSINST-1430.16H.pdf,https://www.mynavyhr.navy.mil/Portals/55/Reference/Instructions/BUPERS/BUPERSINST%201430.16.pdf#page=41,41,"1430.16H, 21 Jan 2026",E-1 – E-9 Reduction in rate (RIR) Actual date of RIR,PASS,Found on stated page.,PASS,
ADV098,PS,E-5,Education Services,Advancement Eligibility,Time in Rate,How is TIR handled for an OSVET entering naval service in the same pay grade held in another Service?,TIR starts on the date of entry,Half of prior TIR is credited,No prior TIR credit is given,TIR held in prior service is credited,D,BUPERSINST 1430.16H,BUPERSINST-1430.16H.pdf,https://www.mynavyhr.navy.mil/Portals/55/Reference/Instructions/BUPERS/BUPERSINST%201430.16.pdf#page=41,41,"1430.16H, 21 Jan 2026",OSVETs entering the naval service in the same pay grade held in other Service will be credited TIR held in prior service.,PASS,Found on stated page.,PASS,
ADV099,PS,E-5,Education Services,Advancement Eligibility,Time in Rate,A drilling reservist reports to active duty in the same pay grade with no break in service. What happens to TIR?,TIR is computed from the affiliation date,TIR restarts on the report date,TIR is reduced by half,The member retains the same TIR held in the Drilling Navy Reserve,D,BUPERSINST 1430.16H,BUPERSINST-1430.16H.pdf,https://www.mynavyhr.navy.mil/Portals/55/Reference/Instructions/BUPERS/BUPERSINST%201430.16.pdf#page=41,41,"1430.16H, 21 Jan 2026",Service member will retain the same TIR as held in the Drilling Navy Reserve if no break in service.,PASS,Found on stated page.,PASS,
ADV100,PS,E-6,Education Services,Exam Administration,"Exam Security, Custody, and Stowage",Which U.S. Navy Regulations article governs service examinations?,Article 1131,Article 1145,Article 1150,Article 1164,B,BUPERSINST 1430.16H,BUPERSINST-1430.16H.pdf,https://www.mynavyhr.navy.mil/Portals/55/Reference/Instructions/BUPERS/BUPERSINST%201430.16.pdf#page=67,67,"1430.16H, 21 Jan 2026","the following is extracted from U.S. Navy Regulations, chapter 11, article 1145: Article 1145. Service Examinations",PASS,Found on stated page.,PASS,Flagged WEAK_PROOF by outside review; quote widened to carry the answer.
ADV101,PS,E-7,Education Services,Exam Administration,"Exam Security, Custody, and Stowage","Who may hold custody of NWAEs, RKEs, materials, and completed answer sheets?","A commissioned officer, designated E-7 through E-9, or designated civilian GS-07 or senior",Any petty officer first class or above,Any chief petty officer,The command career counselor,A,BUPERSINST 1430.16H,BUPERSINST-1430.16H.pdf,https://www.mynavyhr.navy.mil/Portals/55/Reference/Instructions/BUPERS/BUPERSINST%201430.16.pdf#page=67,67,"1430.16H, 21 Jan 2026","must be in the custody of a commissioned officer, or designated E-7, E-8, or E-9, or designated civilian (GS-07 or senior)",PASS,Found on stated page.,PASS,
ADV102,PS,E-6,Education Services,Exam Administration,"Exam Security, Custody, and Stowage",May an E-6 handle exam materials?,"Yes, with CO approval","Yes, if they are the ESO","Yes, if designated in writing",At no time,D,BUPERSINST 1430.16H,BUPERSINST-1430.16H.pdf,https://www.mynavyhr.navy.mil/Portals/55/Reference/Instructions/BUPERS/BUPERSINST%201430.16.pdf#page=68,68,"1430.16H, 21 Jan 2026",At no time should E-6 and below handle exam materials.,PASS,Found on stated page.,PASS,
ADV103,PS,E-7,Education Services,Exam Administration,"Exam Security, Custody, and Stowage",Within how many working days must the inventory receipt for CTI/CTR/CWT SCI examinations be returned to NETPDC N333?,15 working days,3 working days,5 working days,10 working days,C,BUPERSINST 1430.16H,BUPERSINST-1430.16H.pdf,https://www.mynavyhr.navy.mil/Portals/55/Reference/Instructions/BUPERS/BUPERSINST%201430.16.pdf#page=68,68,"1430.16H, 21 Jan 2026",authorized personnel must sign and scan the enclosed inventory receipt and return it to NETPDC SCI Exam Development Branch (N333) within 5 working days,PASS,Found on stated page.,PASS,
ADV104,PS,E-6,Education Services,Exam Administration,"Exam Security, Custody, and Stowage",How long must the signed receipt copy of the examination packing list be retained?,5 years,3 years,2 years,1 year,C,BUPERSINST 1430.16H,BUPERSINST-1430.16H.pdf,https://www.mynavyhr.navy.mil/Portals/55/Reference/Instructions/BUPERS/BUPERSINST%201430.16.pdf#page=68,68,"1430.16H, 21 Jan 2026",The preprinted endorsement on the last page of the receipt copy of the enclosed packing list must be signed and retained for 2 years.,PASS,Found on stated page.,PASS,
ADV105,PS,E-6,Education Services,Exam Administration,"Exam Security, Custody, and Stowage",What should be done with the signed packing list?,Send it to NETPDC,Send it to the ISIC,Do not send it to NETPDC; retain it,Send it to PERS-803,C,BUPERSINST 1430.16H,BUPERSINST-1430.16H.pdf,https://www.mynavyhr.navy.mil/Portals/55/Reference/Instructions/BUPERS/BUPERSINST%201430.16.pdf#page=68,68,"1430.16H, 21 Jan 2026",The preprinted endorsement on the last page of the receipt copy of the enclosed packing list must be signed and retained for 2 years. Do not send the signed packing list to NETPDC.,PASS,Found on stated page.,PASS,Flagged WEAK_PROOF by outside review; quote widened to carry the answer.
ADV106,PS,E-7,Education Services,Exam Administration,"Exam Security, Custody, and Stowage",What clearance must personnel designated to handle exams possess?,"Top Secret, in all cases","Secret, in all cases",A clearance that meets or exceeds the security classification level of the exams being handled,No clearance is required for CUI exams,C,BUPERSINST 1430.16H,BUPERSINST-1430.16H.pdf,https://www.mynavyhr.navy.mil/Portals/55/Reference/Instructions/BUPERS/BUPERSINST%201430.16.pdf#page=68,68,"1430.16H, 21 Jan 2026",must possess a valid security clearance that meets or exceeds the security classification level of the NWAEs and RKEs being handled.,PASS,Found on stated page.,PASS,
ADV107,PS,E-6,Education Services,Exam Administration,"Exam Security, Custody, and Stowage",What cover border color identifies a SECRET examination?,No border,Green,Red,Blue,C,BUPERSINST 1430.16H,BUPERSINST-1430.16H.pdf,https://www.mynavyhr.navy.mil/Portals/55/Reference/Instructions/BUPERS/BUPERSINST%201430.16.pdf#page=74,74,"1430.16H, 21 Jan 2026","SECRET – RED, CONFIDENTIAL – BLUE, and CONTROLLED UNCLASSIFIED INFORMATION (CUI) – no border",PASS,Found on stated page.,PASS,
ADV108,PS,E-6,Education Services,Exam Administration,"Exam Security, Custody, and Stowage",What cover border identifies a Controlled Unclassified Information examination?,No border,Red,Blue,Green,A,BUPERSINST 1430.16H,BUPERSINST-1430.16H.pdf,https://www.mynavyhr.navy.mil/Portals/55/Reference/Instructions/BUPERS/BUPERSINST%201430.16.pdf#page=74,74,"1430.16H, 21 Jan 2026","SECRET – RED, CONFIDENTIAL – BLUE, and CONTROLLED UNCLASSIFIED INFORMATION (CUI) – no border",PASS,Found on stated page.,PASS,
ADV109,PS,E-6,Education Services,Exam Administration,"Exam Security, Custody, and Stowage",What type of lock is required on the space where exams are stowed?,A padlock,An electronic cipher lock,A keyed deadbolt,A three-tumbler combination lock,D,BUPERSINST 1430.16H,BUPERSINST-1430.16H.pdf,https://www.mynavyhr.navy.mil/Portals/55/Reference/Instructions/BUPERS/BUPERSINST%201430.16.pdf#page=74,74,"1430.16H, 21 Jan 2026","Stow NWAEs and RKEs, materials, and answer sheets in an appropriate safe, vault, or other securely locked space fastened with a three-tumbler combination lock accessible only to an official who meets the requirements of paragraph 501.",PASS,Found on stated page.,PASS,Flagged WEAK_PROOF by outside review; quote widened to carry the answer.
ADV110,PS,E-5,Education Services,Exam Administration,Exam Scheduling and Administration,How long a delay may an operational commander authorize for exam administration for units operating in company or OCONUS?,No more than 10 days,No more than 5 days,No more than 30 days,No more than 15 days,A,BUPERSINST 1430.16H,BUPERSINST-1430.16H.pdf,https://www.mynavyhr.navy.mil/Portals/55/Reference/Instructions/BUPERS/BUPERSINST%201430.16.pdf#page=78,78,"1430.16H, 21 Jan 2026",An operational commander may authorize a delay of no more than 10 days in the administration of NWAEs or RKEs,PASS,Found on stated page.,PASS,
ADV111,PS,E-5,Education Services,Exam Administration,Exam Scheduling and Administration,A ship proceeding independently may administer exams no more than how many days past the regularly scheduled date?,14 days,30 days,5 days,10 days,D,BUPERSINST 1430.16H,BUPERSINST-1430.16H.pdf,https://www.mynavyhr.navy.mil/Portals/55/Reference/Instructions/BUPERS/BUPERSINST%201430.16.pdf#page=78,78,"1430.16H, 21 Jan 2026",not more than 10 days past the regularly scheduled exam administration date,PASS,Found on stated page.,PASS,
ADV112,PS,E-5,Education Services,Exam Administration,Exam Scheduling and Administration,May an exam ever be administered before the regularly scheduled administration date?,"Never, unless specifically authorized by PERS-803","Yes, if the unit is deploying","Yes, at CO discretion","Yes, up to 10 days early",A,BUPERSINST 1430.16H,BUPERSINST-1430.16H.pdf,https://www.mynavyhr.navy.mil/Portals/55/Reference/Instructions/BUPERS/BUPERSINST%201430.16.pdf#page=78,78,"1430.16H, 21 Jan 2026","Never administer NWAEs or RKEs prior to the regularly scheduled NWAE administration date, unless specifically authorized by PERS-803",PASS,Found on stated page.,PASS,
ADV113,PS,E-5,Education Services,Exam Administration,Exam Scheduling and Administration,"If PERS-803 authorizes a rescheduled exam administration date, by when must administration be completed?",Within 10 days of the original date,Within 7 working days,By the TED,By the last day of the exam administration month,D,BUPERSINST 1430.16H,BUPERSINST-1430.16H.pdf,https://www.mynavyhr.navy.mil/Portals/55/Reference/Instructions/BUPERS/BUPERSINST%201430.16.pdf#page=78,78,"1430.16H, 21 Jan 2026","If authorized, exam administration will be completed by the last day of the exam administration month.",PASS,Found on stated page.,PASS,
ADV114,PS,E-5,Education Services,Exam Administration,Exam Scheduling and Administration,Who must be notified when a base closure impacts exam administration dates?,PERS-803 and NETPDC N321,NETPDC N333,The ISIC only,OPNAV N13,A,BUPERSINST 1430.16H,BUPERSINST-1430.16H.pdf,https://www.mynavyhr.navy.mil/Portals/55/Reference/Instructions/BUPERS/BUPERSINST%201430.16.pdf#page=78,78,"1430.16H, 21 Jan 2026",Enlisted Administrative Board Branch (PERS-803) and NETPDC Fleet Services Branch (N321) must be notified when a base closure impacts exam administration dates.,PASS,Found on stated page.,PASS,
ADV115,PS,E-5,Education Services,Exam Administration,Exam Scheduling and Administration,On what day is the active duty E-5 examination administered in March and September?,3rd Thursday,1st Thursday,Last Thursday,2nd Thursday,D,BUPERSINST 1430.16H,BUPERSINST-1430.16H.pdf,https://www.mynavyhr.navy.mil/Portals/55/Reference/Instructions/BUPERS/BUPERSINST%201430.16.pdf#page=79,79,"1430.16H, 21 Jan 2026",E-6 1st Thursday 1st Thursday During month During month E-5 2nd Thursday 2nd Thursday,PASS,Found on stated page.,PASS,
ADV116,PS,E-6,Education Services,Exam Administration,Exam Scheduling and Administration,Which exam do TAR personnel take?,The active duty exam,The SELRES exam,A separate TAR exam,The RKE only,A,BUPERSINST 1430.16H,BUPERSINST-1430.16H.pdf,https://www.mynavyhr.navy.mil/Portals/55/Reference/Instructions/BUPERS/BUPERSINST%201430.16.pdf#page=79,79,"1430.16H, 21 Jan 2026",Training and Administration of the Reserve (TAR) personnel will take the active duty exam but compete for vacancies within the personnel allowance of the TAR Program.,PASS,Found on stated page.,PASS,
ADV117,PS,E-5,Education Services,Exam Administration,Exam Scheduling and Administration,Within how many working days of receipt must an active duty substitute exam be administered?,5 working days,7 working days,10 working days,3 working days,B,BUPERSINST 1430.16H,BUPERSINST-1430.16H.pdf,https://www.mynavyhr.navy.mil/Portals/55/Reference/Instructions/BUPERS/BUPERSINST%201430.16.pdf#page=79,79,"1430.16H, 21 Jan 2026",Active duty substitute exams (NWAE or RKE) will be administered within 7 working days of receipt by the administering activity,PASS,Found on stated page.,PASS,
ADV118,PS,E-5,Education Services,Exam Administration,Exam Scheduling and Administration,By when must approved SELRES late exam administration be completed?,Within 30 days of the cycle NAVADMIN,By the last day of the month following the regularly scheduled exam administration month,By the last day of the regularly scheduled exam month,Within 7 working days,B,BUPERSINST 1430.16H,BUPERSINST-1430.16H.pdf,https://www.mynavyhr.navy.mil/Portals/55/Reference/Instructions/BUPERS/BUPERSINST%201430.16.pdf#page=79,79,"1430.16H, 21 Jan 2026",Approved SELRES late exam administration must be completed by the last day of the month following the regularly scheduled exam administration month.,PASS,Found on stated page.,PASS,
ADV119,PS,E-5,Education Services,Exam Administration,Exam Scheduling and Administration,Between how many candidates may a split exam be divided?,Up to three candidates,"Two candidates on the same day, in any session",Any number in the same rate,Two candidates taking an exam at the same time,D,BUPERSINST 1430.16H,BUPERSINST-1430.16H.pdf,https://www.mynavyhr.navy.mil/Portals/55/Reference/Instructions/BUPERS/BUPERSINST%201430.16.pdf#page=79,79,"1430.16H, 21 Jan 2026",“Split” exams may only be split between two candidates taking an exam at the same time.,PASS,Found on stated page.,PASS,
ADV120,PS,E-5,Education Services,Exam Administration,Exam Scheduling and Administration,How is a split exam administered?,The first candidate finishes then passes the booklet,"Sequentially, one half at a time",Each candidate answers all questions,Each candidate receives one-half of the booklet and the exam is administered simultaneously,D,BUPERSINST 1430.16H,BUPERSINST-1430.16H.pdf,https://www.mynavyhr.navy.mil/Portals/55/Reference/Instructions/BUPERS/BUPERSINST%201430.16.pdf#page=79,79,"1430.16H, 21 Jan 2026","give each candidate one-half of the booklet, and administer the exam to each candidate simultaneously",PASS,Found on stated page.,PASS,
ADV121,PS,E-5,Education Services,Exam Administration,Exam Results and Profile Sheets,How many annual NWAE cycles are there for E-5 and E-6 candidates?,Two,One,Four,Three,A,BUPERSINST 1430.16H,BUPERSINST-1430.16H.pdf,https://www.mynavyhr.navy.mil/Portals/55/Reference/Instructions/BUPERS/BUPERSINST%201430.16.pdf#page=96,96,"1430.16H, 21 Jan 2026","There are two annual NWAE cycles for E-5 and E-6 candidates, one annual NWAE selection board eligible (SBE) cycle for E-7 candidates",PASS,Found on stated page.,PASS,
ADV122,PS,E-5,Education Services,Exam Administration,Exam Results and Profile Sheets,What is the official source for NWAE results?,The profile sheet,The ESVR,The MyNavy Portal,BUPERS Online,B,BUPERSINST 1430.16H,BUPERSINST-1430.16H.pdf,https://www.mynavyhr.navy.mil/Portals/55/Reference/Instructions/BUPERS/BUPERSINST%201430.16.pdf#page=96,96,"1430.16H, 21 Jan 2026",The ESVR is the official source for the results and must be verified for accuracy.,PASS,Found on stated page.,PASS,
ADV123,PS,E-7,Education Services,Exam Administration,Exam Results and Profile Sheets,What does BUPERS Online list for E-7 through E-9 candidates?,A one-time snapshot of the selection board results,Continuous updates throughout the cycle,Only selectees,Nothing; results are ESVR only,A,BUPERSINST 1430.16H,BUPERSINST-1430.16H.pdf,https://www.mynavyhr.navy.mil/Portals/55/Reference/Instructions/BUPERS/BUPERSINST%201430.16.pdf#page=96,96,"1430.16H, 21 Jan 2026",Bureau of Naval Personnel (BUPERS) Online (BOL) will list a one-time snapshot of the selection board results for all E-7 through E-9 candidates,PASS,Found on stated page.,PASS,
ADV124,PS,E-5,Education Services,Exam Administration,Exam Results and Profile Sheets,Where do ESOs access NWAE and SBE results?,The Navy Enlisted Advancement System Web site,BUPERS Online,MyNavy Portal,NSIPS,A,BUPERSINST 1430.16H,BUPERSINST-1430.16H.pdf,https://www.mynavyhr.navy.mil/Portals/55/Reference/Instructions/BUPERS/BUPERSINST%201430.16.pdf#page=96,96,"1430.16H, 21 Jan 2026",Access to NWAE or SBE results to the pay grades of E-5 through E-9 are available to education services officers (ESO) on the Navy Enlisted Advancement System (NEAS) Web site,PASS,Found on stated page.,PASS,
ADV125,PS,E-4,Manning & Manpower Management,Effecting Advancement,Effecting Advancement,"On what day of the month are E-2, E-3, and E-4 advancements automatically posted?",The 1st day,The 16th day,The 15th day,The last day,B,BUPERSINST 1430.16H,BUPERSINST-1430.16H.pdf,https://www.mynavyhr.navy.mil/Portals/55/Reference/Instructions/BUPERS/BUPERSINST%201430.16.pdf#page=109,109,"1430.16H, 21 Jan 2026","Advancements to the pay grades of E-2, E-3, and E-4 are automatically posted on the 16th day of a month by NAVPERSCOM Selection Board Support Division (PERS-35)",PASS,Found on stated page.,PASS,
ADV126,PS,E-2,Manning & Manpower Management,Effecting Advancement,Effecting Advancement,What is the time in service requirement for advancement from E-1 to E-2?,18 months,6 months,12 months,9 months,D,BUPERSINST 1430.16H,BUPERSINST-1430.16H.pdf,https://www.mynavyhr.navy.mil/Portals/55/Reference/Instructions/BUPERS/BUPERSINST%201430.16.pdf#page=109,109,"1430.16H, 21 Jan 2026",E-1 to E-2 E-2 to E-3 E-3 to E-4 TIS AT 9 MOS 18 MOS 30 MOS,PASS,Found on stated page.,PASS,
ADV127,PS,E-3,Manning & Manpower Management,Effecting Advancement,Effecting Advancement,What is the time in service requirement for advancement from E-2 to E-3?,12 months,24 months,18 months,9 months,C,BUPERSINST 1430.16H,BUPERSINST-1430.16H.pdf,https://www.mynavyhr.navy.mil/Portals/55/Reference/Instructions/BUPERS/BUPERSINST%201430.16.pdf#page=109,109,"1430.16H, 21 Jan 2026",E-1 to E-2 E-2 to E-3 E-3 to E-4 TIS AT 9 MOS 18 MOS 30 MOS,PASS,Found on stated page.,PASS,
ADV128,PS,E-4,Manning & Manpower Management,Effecting Advancement,Effecting Advancement,What is the time in service requirement for advancement from E-3 to E-4?,36 months,30 months,18 months,24 months,B,BUPERSINST 1430.16H,BUPERSINST-1430.16H.pdf,https://www.mynavyhr.navy.mil/Portals/55/Reference/Instructions/BUPERS/BUPERSINST%201430.16.pdf#page=109,109,"1430.16H, 21 Jan 2026",E-1 to E-2 E-2 to E-3 E-3 to E-4 TIS AT 9 MOS 18 MOS 30 MOS,PASS,Found on stated page.,PASS,
ADV129,PS,E-4,Manning & Manpower Management,Effecting Advancement,Effecting Advancement,How do PACT Program Sailors advance to E-4?,In line with the PACT Program requirements,Under the TIS construct,By NWAE only,By MAP only,A,BUPERSINST 1430.16H,BUPERSINST-1430.16H.pdf,https://www.mynavyhr.navy.mil/Portals/55/Reference/Instructions/BUPERS/BUPERSINST%201430.16.pdf#page=109,109,"1430.16H, 21 Jan 2026",Sailors in the Professional Apprenticeship Career Track (PACT) Program will continue to earn rating designations and advancement to E-4 in line with the PACT Program requirements,PASS,Found on stated page.,PASS,
ADV130,PS,E-5,Manning & Manpower Management,Effecting Advancement,Effecting Advancement,What corrective action is required for a NO EAW DATA discrepancy?,Contact PERS-35,Submit an ETP,Resubmit the answer sheet,Create an NSIPS EAW electronic record for the cycle,D,BUPERSINST 1430.16H,BUPERSINST-1430.16H.pdf,https://www.mynavyhr.navy.mil/Portals/55/Reference/Instructions/BUPERS/BUPERSINST%201430.16.pdf#page=109,109,"1430.16H, 21 Jan 2026",Create an NSIPS EAW electronic record for the cycle to include EP TIR waiver-eligible candidates,PASS,Found on stated page.,PASS,
ADV131,PS,E-5,Manning & Manpower Management,Effecting Advancement,Effecting Advancement,A Sailor reduced in rate has not been granted restoration by the CO. After how long may the Sailor petition the ISIC?,6 months,24 months,12 months,9 months,C,BUPERSINST 1430.16H,BUPERSINST-1430.16H.pdf,https://www.mynavyhr.navy.mil/Portals/55/Reference/Instructions/BUPERS/BUPERSINST%201430.16.pdf#page=112,112,"1430.16H, 21 Jan 2026",Sailors may petition the immediate superior in command (ISIC) of the unit after 12 months from the date of reduction if CO has not granted restoration.,PASS,Found on stated page.,PASS,
ADV132,PS,E-5,Manning & Manpower Management,Effecting Advancement,Effecting Advancement,What determines the effective advancement date for E-5 and E-6 selectees?,Seniority in pay grade,FMS rank within the same rate/competitive group,Alphabetical order,Date of the exam,B,BUPERSINST 1430.16H,BUPERSINST-1430.16H.pdf,https://www.mynavyhr.navy.mil/Portals/55/Reference/Instructions/BUPERS/BUPERSINST%201430.16.pdf#page=112,112,"1430.16H, 21 Jan 2026",The effective advancement date for members selected for advancement to the pay grades of E-5 and E-6 is determined by the Service member's FMS rank within the same rate/competitive group.,PASS,Found on stated page.,PASS,
ADV133,PS,E-7,Manning & Manpower Management,Effecting Advancement,Effecting Advancement,What determines the effective advancement date for E-7 through E-9 selectees?,Exam standard score,Board precept order,Seniority in pay grade within the same rate/competitive group,FMS rank,C,BUPERSINST 1430.16H,BUPERSINST-1430.16H.pdf,https://www.mynavyhr.navy.mil/Portals/55/Reference/Instructions/BUPERS/BUPERSINST%201430.16.pdf#page=112,112,"1430.16H, 21 Jan 2026",The effective advancement date for members selected for advancement to the pay grades E-7 through E-9 is determined by the member's seniority in pay grade within the same rate/competitive group.,PASS,Found on stated page.,PASS,
ADV134,PS,E-5,Manning & Manpower Management,Effecting Advancement,Effecting Advancement,A selectee converts to a different rating after selection. What happens to the advancement?,It is delayed one cycle,It is retained and effected in the new rating on the originally specified date,It requires a new selection board,It is cancelled,B,BUPERSINST 1430.16H,BUPERSINST-1430.16H.pdf,https://www.mynavyhr.navy.mil/Portals/55/Reference/Instructions/BUPERS/BUPERSINST%201430.16.pdf#page=112,112,"1430.16H, 21 Jan 2026",Personnel converted to a different rating subsequent to selection of advancement notification in the previous rating will retain their advancement and be advanced in their new rating on the date originally specified in the RCA/profile sheet.,PASS,Found on stated page.,PASS,
ADV135,PS,E-5,Manning & Manpower Management,Effecting Advancement,Effecting Advancement,When does advancement authority expire?,With the limiting date for the respective exam administration cycle,On the TED,At the end of the fiscal year,When the next cycle results are released,A,BUPERSINST 1430.16H,BUPERSINST-1430.16H.pdf,https://www.mynavyhr.navy.mil/Portals/55/Reference/Instructions/BUPERS/BUPERSINST%201430.16.pdf#page=112,112,"1430.16H, 21 Jan 2026",Advancement authority expires with the limiting date for the respective exam administration cycle.,PASS,Found on stated page.,PASS,
ADV136,PS,E-7,Manning & Manpower Management,Effecting Advancement,Effecting Advancement,What are the effective advancement months for E-7?,July through December,July through June,September through August,January through June,C,BUPERSINST 1430.16H,BUPERSINST-1430.16H.pdf,https://www.mynavyhr.navy.mil/Portals/55/Reference/Instructions/BUPERS/BUPERSINST%201430.16.pdf#page=112,112,"1430.16H, 21 Jan 2026",E-5 and E-6 January - June July - December E-7 September - August E-8 and E-9 July - June,PASS,Found on stated page.,PASS,
ADV137,PS,E-8,Manning & Manpower Management,Effecting Advancement,Effecting Advancement,What are the effective advancement months for E-8 and E-9?,January through June,September through August,July through December,July through June,D,BUPERSINST 1430.16H,BUPERSINST-1430.16H.pdf,https://www.mynavyhr.navy.mil/Portals/55/Reference/Instructions/BUPERS/BUPERSINST%201430.16.pdf#page=112,112,"1430.16H, 21 Jan 2026",E-5 and E-6 January - June July - December E-7 September - August E-8 and E-9 July - June,PASS,Found on stated page.,PASS,
ADV138,PS,E-4,Manning & Manpower Management,Alternative Advancement,Combat Meritorious Advancement Program,CMAP was established to advance Sailors in which pay grades?,E-1 through E-5,E-4 through E-6,E-3 through E-6,E-1 through E-4,A,BUPERSINST 1430.16H,BUPERSINST-1430.16H.pdf,https://www.mynavyhr.navy.mil/Portals/55/Reference/Instructions/BUPERS/BUPERSINST%201430.16.pdf#page=130,130,"1430.16H, 21 Jan 2026",This program was established to advance Sailors in the pay grades of E-1 through E-5 in recognition of uncommon valor and extraordinary deeds,PASS,Found on stated page.,PASS,
ADV139,PS,E-5,Manning & Manpower Management,Alternative Advancement,Combat Meritorious Advancement Program,How do CMAP quotas relate to MAP quotas?,They are limited to half the MAP quota,They replace MAP quotas for that fiscal year,They are drawn from the MAP allocation,They do not count against quotas authorized under MAP,D,BUPERSINST 1430.16H,BUPERSINST-1430.16H.pdf,https://www.mynavyhr.navy.mil/Portals/55/Reference/Instructions/BUPERS/BUPERSINST%201430.16.pdf#page=130,130,"1430.16H, 21 Jan 2026",Advancement quotas under this program do not count against quotas authorized under the Meritorious Advancement Program (MAP).,PASS,Found on stated page.,PASS,
ADV140,PS,E-7,Manning & Manpower Management,Alternative Advancement,Combat Meritorious Advancement Program,Are CMAP advancements to E-7 through E-9 authorized?,No,Yes,Only in a designated combat zone,Only with CHNAVPERS approval,A,BUPERSINST 1430.16H,BUPERSINST-1430.16H.pdf,https://www.mynavyhr.navy.mil/Portals/55/Reference/Instructions/BUPERS/BUPERSINST%201430.16.pdf#page=130,130,"1430.16H, 21 Jan 2026",Advancements to the pay grades of E-7 through E-9 are not authorized.,PASS,Found on stated page.,PASS,
ADV141,PS,E-5,Manning & Manpower Management,Alternative Advancement,Combat Meritorious Advancement Program,Which requirements are excepted for CMAP eligibility?,PMK-EE and ELD,The CO recommendation,NWAE participation and time in rate,Physical readiness requirements,C,BUPERSINST 1430.16H,BUPERSINST-1430.16H.pdf,https://www.mynavyhr.navy.mil/Portals/55/Reference/Instructions/BUPERS/BUPERSINST%201430.16.pdf#page=130,130,"1430.16H, 21 Jan 2026",with the exception of Navy-wide advancement examination (NWAE) participation and time in rate (TIR),PASS,Found on stated page.,PASS,
ADV142,PS,E-5,Manning & Manpower Management,Alternative Advancement,Combat Meritorious Advancement Program,Where are combat and direct support combat zones currently listed?,"DoD 7000.14-R, the DoD Financial Management Regulation",MILPERSMAN 1160-120,OPNAVINST 6110.1L,The cycle NAVADMIN,A,BUPERSINST 1430.16H,BUPERSINST-1430.16H.pdf,https://www.mynavyhr.navy.mil/Portals/55/Reference/Instructions/BUPERS/BUPERSINST%201430.16.pdf#page=130,130,"1430.16H, 21 Jan 2026",Combat and direct support combat zones are designated per executive order and congressional action and are currently listed in DoD 7000.14-R,PASS,Found on stated page.,PASS,
ADV143,PS,E-5,Manning & Manpower Management,Alternative Advancement,Posthumous Advancement,A Sailor dies while in a selectee or passed not advanced status. When is a posthumous advancement made effective?,The first of the following month,The date PERS-803 approves it,The date of death,The originally scheduled advancement date,C,BUPERSINST 1430.16H,BUPERSINST-1430.16H.pdf,https://www.mynavyhr.navy.mil/Portals/55/Reference/Instructions/BUPERS/BUPERSINST%201430.16.pdf#page=134,134,"1430.16H, 21 Jan 2026","Sailors who die while in a selectee or passed not advanced status may be advanced posthumously, to be made effective the date of death.",PASS,Found on stated page.,PASS,
ADV144,PS,E-7,Manning & Manpower Management,Alternative Advancement,Posthumous Advancement,May a selection board eligible E-6 who was not selected be considered for posthumous advancement?,"Yes, with CO endorsement","No, because these advancements are decided by board action","Yes, if within one cycle","Yes, automatically",B,BUPERSINST 1430.16H,BUPERSINST-1430.16H.pdf,https://www.mynavyhr.navy.mil/Portals/55/Reference/Instructions/BUPERS/BUPERSINST%201430.16.pdf#page=134,134,"1430.16H, 21 Jan 2026",may not be considered for posthumous advancement as these advancements are decided by board action,PASS,Found on stated page.,PASS,
ADV145,PS,E-5,Manning & Manpower Management,Alternative Advancement,Posthumous Advancement,"What is the effect of a posthumous advancement on bonuses, gratuities, pay, and allowances?",They are not changed by posthumous advancements,They are recalculated at the higher pay grade,They are paid retroactively,They are doubled,A,BUPERSINST 1430.16H,BUPERSINST-1430.16H.pdf,https://www.mynavyhr.navy.mil/Portals/55/Reference/Instructions/BUPERS/BUPERSINST%201430.16.pdf#page=134,134,"1430.16H, 21 Jan 2026","Bonuses, gratuities, pay, and allowances are not changed by posthumous advancements.",PASS,Found on stated page.,PASS,
ADV146,PS,E-6,Manning & Manpower Management,Alternative Advancement,Posthumous Advancement,Who is the approval or disapproval authority for posthumous advancement?,PERS-35,PERS-00C,PERS-803,CHNAVPERS,C,BUPERSINST 1430.16H,BUPERSINST-1430.16H.pdf,https://www.mynavyhr.navy.mil/Portals/55/Reference/Instructions/BUPERS/BUPERSINST%201430.16.pdf#page=134,134,"1430.16H, 21 Jan 2026",PERS-803 is the approval/disapproval authority and will prepare a posthumous advancement determination letter and forward to PERS-00C for disposition.,PASS,Found on stated page.,PASS,
ADV147,PS,E-7,Education Services,Selection Boards,Selection Board Process,May selection board quotas be exceeded?,"Yes, in undermanned ratings","No, but they may be returned","Yes, with CHNAVPERS approval","Yes, by up to 5 percent",B,BUPERSINST 1430.16H,BUPERSINST-1430.16H.pdf,https://www.mynavyhr.navy.mil/Portals/55/Reference/Instructions/BUPERS/BUPERSINST%201430.16.pdf#page=141,141,"1430.16H, 21 Jan 2026",Quotas will not be exceeded but may be returned.,PASS,Found on stated page.,PASS,
ADV148,PS,E-6,Education Services,Selection Boards,Selection Board Process,On what basis is advancement across the Navy determined?,Time in rate alone,It is vacancy-driven,Command recommendation alone,Test scores alone,B,BUPERSINST 1430.16H,BUPERSINST-1430.16H.pdf,https://www.mynavyhr.navy.mil/Portals/55/Reference/Instructions/BUPERS/BUPERSINST%201430.16.pdf#page=141,141,"1430.16H, 21 Jan 2026",Advancement across the Navy is vacancy-driven.,PASS,Found on stated page.,PASS,
ADV149,PS,E-8,Education Services,Selection Boards,Selection Board Process,What is the statutory ceiling on the authorized daily average number of E-8s on active duty in a fiscal year?,5.0 percent,2.5 percent,1.25 percent,2.0 percent,B,BUPERSINST 1430.16H,BUPERSINST-1430.16H.pdf,https://www.mynavyhr.navy.mil/Portals/55/Reference/Instructions/BUPERS/BUPERSINST%201430.16.pdf#page=141,141,"1430.16H, 21 Jan 2026","The authorized daily average number of enlisted members on active duty (other than for training) in the pay grades of E-8 and E-9 in a fiscal year may not be more than 2.5 percent and 1.25 percent, respectively",PASS,Found on stated page.,PASS,Flagged WEAK_PROOF by outside review; quote widened to carry the answer.
ADV150,PS,E-6,Education Services,Selection Boards,Selection Board Process,Who establishes selection board quotas for SELRES personnel?,OPNAV N13,The Chief of Navy Reserve,PERS-803,CHNAVPERS,B,BUPERSINST 1430.16H,BUPERSINST-1430.16H.pdf,https://www.mynavyhr.navy.mil/Portals/55/Reference/Instructions/BUPERS/BUPERSINST%201430.16.pdf#page=141,141,"1430.16H, 21 Jan 2026",The Chief of Navy Reserve establishes quotas for Selected Reserve (SELRES) personnel.,PASS,Found on stated page.,PASS,
ADV151,PS,E-7,Education Services,Selection Boards,Selection Board Process,What happens to a candidate with no recommendation for advancement on the most recent evaluation?,They compete with a reduced score,They will be invalidated,They are referred to an SSB,They are deferred one cycle,B,BUPERSINST 1430.16H,BUPERSINST-1430.16H.pdf,https://www.mynavyhr.navy.mil/Portals/55/Reference/Instructions/BUPERS/BUPERSINST%201430.16.pdf#page=141,141,"1430.16H, 21 Jan 2026",Candidates who do not have a recommendation for advancement on the most recent evaluation will be invalidated.,PASS,Found on stated page.,PASS,
ADV152,PS,E-6,Education Services,Exam Administration,Exam Compromise and Collusion,Who screens all advancement cycle answer sheet returns for evidence of collusion or compromise?,NCIS,NETPDC N321,PERS-803,NETPDC Statistical Analysis and Exam Support Branch (N322),D,BUPERSINST 1430.16H,BUPERSINST-1430.16H.pdf,https://www.mynavyhr.navy.mil/Portals/55/Reference/Instructions/BUPERS/BUPERSINST%201430.16.pdf#page=148,148,"1430.16H, 21 Jan 2026",NETPDC Statistical Analysis and Exam Support Branch (N322) will screen all advancement cycle answer sheet returns for evidence of collusion or compromise.,PASS,Found on stated page.,PASS,
ADV153,PS,E-6,Education Services,Exam Administration,Exam Compromise and Collusion,When may NETPDC N322 place a member suspected of collusion in a hold status?,At any time during an advancement cycle,Only after the exam is scored,Only before the exam date,Only after PERS-803 approval,A,BUPERSINST 1430.16H,BUPERSINST-1430.16H.pdf,https://www.mynavyhr.navy.mil/Portals/55/Reference/Instructions/BUPERS/BUPERSINST%201430.16.pdf#page=148,148,"1430.16H, 21 Jan 2026",NETPDC N322 can place any member suspected of collusion or compromise in a hold status at any time during an advancement cycle.,PASS,Found on stated page.,PASS,
ADV154,PS,E-6,Education Services,Exam Administration,Exam Compromise and Collusion,What standard score or higher on a parallel test may be used to validate a candidate's original standard score?,55,63,50,60,B,BUPERSINST 1430.16H,BUPERSINST-1430.16H.pdf,https://www.mynavyhr.navy.mil/Portals/55/Reference/Instructions/BUPERS/BUPERSINST%201430.16.pdf#page=148,148,"1430.16H, 21 Jan 2026",A standard score (SS) of 63 or higher on the parallel test may be used in the investigation to validate a candidate’s original SS.,PASS,Found on stated page.,PASS,
ADV155,PS,E-6,Education Services,Exam Administration,Exam Compromise and Collusion,Who initiates a collusion or compromise investigation?,NETPDC N322,The command,NCIS,PERS-803,D,BUPERSINST 1430.16H,BUPERSINST-1430.16H.pdf,https://www.mynavyhr.navy.mil/Portals/55/Reference/Instructions/BUPERS/BUPERSINST%201430.16.pdf#page=148,148,"1430.16H, 21 Jan 2026","PERS-803 will initiate the investigation, generally directing the member’s command to execute a formal investigation.",PASS,Found on stated page.,PASS,
ADV156,PS,E-6,Education Services,Exam Administration,Exam Compromise and Collusion,"If evidence of collusion or compromise exists, what action does PERS-803 direct?",Referral to NCIS,A retest on a parallel exam,Immediate reduction in rate,NETPDC N322 to invalidate the member's advancement cycle,D,BUPERSINST 1430.16H,BUPERSINST-1430.16H.pdf,https://www.mynavyhr.navy.mil/Portals/55/Reference/Instructions/BUPERS/BUPERSINST%201430.16.pdf#page=148,148,"1430.16H, 21 Jan 2026",PERS-803 will direct NETPDC N322 to invalidate the member’s advancement cycle.,PASS,Found on stated page.,PASS,
ADV157,PS,E-6,Education Services,Exam Administration,Exam Compromise and Collusion,"After a cycle is invalidated for collusion, what else may the member face?",Nothing further,Punishment under the Uniform Code of Military Justice,Automatic administrative separation,Loss of all prior PNA points,B,BUPERSINST 1430.16H,BUPERSINST-1430.16H.pdf,https://www.mynavyhr.navy.mil/Portals/55/Reference/Instructions/BUPERS/BUPERSINST%201430.16.pdf#page=148,148,"1430.16H, 21 Jan 2026",the member may still be subject to punishment under the Uniform Code of Military Justice,PASS,Found on stated page.,PASS,
ADV242,PS,E-5,"Reserve Pay, Management & Processing",Navy Reserve Administration,Reserve Status and Categories,Members assigned to the USNR-S2 are in what status?,Standby active status,Active status,Inactive status,Retired status,C,BUPERSINST 1001.39F,BUPERSINST 1001.39.pdf,https://www.mynavyhr.navy.mil/Portals/55/Reference/Instructions/BUPERS/BUPERSINST%201001.39.pdf#page=23,23,"1001.39F CH-1, 3 May 2013 (base instruction 17 Sep 2007)",Reserve members assigned to the USNR-S2 are in an inactive status and are on the Reserve Inactive Status List (ISL).,PASS,Found on stated page.,PASS,
ADV243,PS,E-6,"Reserve Pay, Management & Processing",Navy Reserve Administration,Reserve Status and Categories,May members of the Retired Reserve be advanced or promoted?,Only enlisted members may,"Yes, with a waiver","Yes, if recalled to Active Duty",They may not be advanced or promoted,D,BUPERSINST 1001.39F,BUPERSINST 1001.39.pdf,https://www.mynavyhr.navy.mil/Portals/55/Reference/Instructions/BUPERS/BUPERSINST%201001.39.pdf#page=23,23,"1001.39F CH-1, 3 May 2013 (base instruction 17 Sep 2007)","Members in the Retired Reserve are in a retired status. Unless recalled to Active Duty, they may not receive retirement point credit. They may not be advanced or promoted.",PASS,Found on stated page.,PASS,
ADV158,PS,E-5,"Reserve Pay, Management & Processing",Navy Reserve Administration,Reserve Status and Categories,What two components make up the USNR-R?,SELRES and IRR,VTU and ASP,SELRES and Retired Reserve,IRR and USNR-S1,A,BUPERSINST 1001.39F,BUPERSINST 1001.39.pdf,https://www.mynavyhr.navy.mil/Portals/55/Reference/Instructions/BUPERS/BUPERSINST%201001.39.pdf#page=23,23,"1001.39F CH-1, 3 May 2013 (base instruction 17 Sep 2007)",The USNR-R is composed of the Selected Reserve (SELRES) and the Individual Ready Reserve (IRR). Members who drill for pay are in the SELRES. Members not assigned to a pay billet are in the IRR.,PASS,Found on stated page.,PASS,
ADV159,PS,E-5,"Reserve Pay, Management & Processing",Navy Reserve Administration,Reserve Status and Categories,Members of the IRR are assigned to which two groupings?,USNR-S1 or USNR-S2,Drilling or non-drilling units,SELRES or Retired Reserve,A Voluntary Training Unit or the Active Status Pool,D,BUPERSINST 1001.39F,BUPERSINST 1001.39.pdf,https://www.mynavyhr.navy.mil/Portals/55/Reference/Instructions/BUPERS/BUPERSINST%201001.39.pdf#page=23,23,"1001.39F CH-1, 3 May 2013 (base instruction 17 Sep 2007)",Members in the IRR either participate in a Voluntary Training Unit (VTU) or are assigned to the Active Status Pool (ASP).,PASS,Found on stated page.,PASS,
ADV160,PS,E-4,"Reserve Pay, Management & Processing",Navy Reserve Administration,Reserve Status and Categories,To what component are individuals obligated to serve in the Navy Reserve assigned upon original appointment or enlistment?,The Retired Reserve,USNR-R,USNR-S1,USNR-S2,B,BUPERSINST 1001.39F,BUPERSINST 1001.39.pdf,https://www.mynavyhr.navy.mil/Portals/55/Reference/Instructions/BUPERS/BUPERSINST%201001.39.pdf#page=23,23,"1001.39F CH-1, 3 May 2013 (base instruction 17 Sep 2007)",All individuals obligated to serve in the Navy Reserve shall be assigned to the USNR-R upon original appointment or enlistment and will normally remain in the USNR-R for the remainder of their military service obligation (MSO).,PASS,Found on stated page.,PASS,
ADV161,PS,O-3,"Reserve Pay, Management & Processing",Navy Reserve Administration,Participation Requirements,How many retirement points must an officer with fewer than 20 years of qualifying service earn each anniversary year to remain in an active status?,24 points,27 points,30 points,50 points,B,BUPERSINST 1001.39F,BUPERSINST 1001.39.pdf,https://www.mynavyhr.navy.mil/Portals/55/Reference/Instructions/BUPERS/BUPERSINST%201001.39.pdf#page=27,27,"1001.39F CH-1, 3 May 2013 (base instruction 17 Sep 2007)","Officers with fewer than 20 years of qualifying service, computed as of the date of the screening, must earn at least 27 points, including membership points, each anniversary year to remain in an active status.",PASS,Found on stated page.,PASS,
ADV162,PS,E-6,"Reserve Pay, Management & Processing",Navy Reserve Administration,Participation Requirements,Who continually screens the USNR-R and USNR-S1 for adequate participation?,NAVPERSCOM (PERS-911/913),COMNAVCRUITCOM,COMNAVRESFORCOM,The supporting NOSC CO,A,BUPERSINST 1001.39F,BUPERSINST 1001.39.pdf,https://www.mynavyhr.navy.mil/Portals/55/Reference/Instructions/BUPERS/BUPERSINST%201001.39.pdf#page=27,27,"1001.39F CH-1, 3 May 2013 (base instruction 17 Sep 2007)",The USNR-R and USNR-S1 are continually screened by NAVPERSCOM (PERS-911/913) to ensure that assigned members are participating at a level consistent with their active status.,PASS,Found on stated page.,PASS,
ADV163,PS,E-6,"Reserve Pay, Management & Processing",Navy Reserve Administration,Participation Requirements,To what category may NAVPERSCOM transfer members who completed their initial MSO and are not earning sufficient retirement point credit?,The Active Status Pool,The USNR-S2,The IRR,The Retired Reserve,B,BUPERSINST 1001.39F,BUPERSINST 1001.39.pdf,https://www.mynavyhr.navy.mil/Portals/55/Reference/Instructions/BUPERS/BUPERSINST%201001.39.pdf#page=27,27,"1001.39F CH-1, 3 May 2013 (base instruction 17 Sep 2007)",NAVPERSCOM (PERS-911/913) may transfer members who have completed their initial MSO and who are not earning sufficient retirement point credit to the USNR-S2.,PASS,Found on stated page.,PASS,
ADV164,PS,O-3,"Reserve Pay, Management & Processing",Navy Reserve Administration,Participation Requirements,Which form must an officer complete to request reinstatement to the USNR-R?,NAVPERS 1070/613,NAVPERS 1300/16,NAVPERS 1616/26,NAVPERS 1200/1,D,BUPERSINST 1001.39F,BUPERSINST 1001.39.pdf,https://www.mynavyhr.navy.mil/Portals/55/Reference/Instructions/BUPERS/BUPERSINST%201001.39.pdf#page=27,27,"1001.39F CH-1, 3 May 2013 (base instruction 17 Sep 2007)","Officers so transferred may request reinstatement to the USNR-R by meeting the requirements specified in this instruction and completing a NAVPERS 1200/1, Ready Reserve Transfer Request Service Agreement",PASS,Found on stated page.,PASS,
ADV165,PS,E-6,"Reserve Pay, Management & Processing",Navy Reserve Administration,Participation Requirements,How are successive requests for reinstatement to an active status generally handled?,They are generally approved,They are forwarded to a special board,They require SECNAV approval,They are generally disapproved,D,BUPERSINST 1001.39F,BUPERSINST 1001.39.pdf,https://www.mynavyhr.navy.mil/Portals/55/Reference/Instructions/BUPERS/BUPERSINST%201001.39.pdf#page=27,27,"1001.39F CH-1, 3 May 2013 (base instruction 17 Sep 2007)",Successive requests for reinstatement will generally be disapproved.,PASS,Found on stated page.,PASS,
ADV166,PS,E-6,"Reserve Pay, Management & Processing",Navy Reserve Administration,Reserve Status and Categories,What term describes members eligible for non-regular retired pay at or after age 60 who are subsequently discharged?,Former Members,Retired Reservists,Inactive Status List members,Standby Reservists,A,BUPERSINST 1001.39F,BUPERSINST 1001.39.pdf,https://www.mynavyhr.navy.mil/Portals/55/Reference/Instructions/BUPERS/BUPERSINST%201001.39.pdf#page=27,27,"1001.39F CH-1, 3 May 2013 (base instruction 17 Sep 2007)","Members of the Navy Reserve who become eligible for non-regular retired pay at or after age 60 by meeting the service requirements per 10 U.S.C., 12731 and who are subsequently discharged are referred to as ""Former Members.""",PASS,Found on stated page.,PASS,
ADV167,PS,E-6,"Reserve Pay, Management & Processing",Navy Reserve Administration,Mobilization Availability,Whose prior verbal approval is required before enlisted personnel in BUPERS Control Categories 8 and 9 may affiliate with a Reserve unit?,COMNAVRESFORCOM,NAVPERSCOM (PERS-913),The NOSC CO,NAVPERSCOM (PERS-911),B,BUPERSINST 1001.39F,BUPERSINST 1001.39.pdf,https://www.mynavyhr.navy.mil/Portals/55/Reference/Instructions/BUPERS/BUPERSINST%201001.39.pdf#page=32,32,"1001.39F CH-1, 3 May 2013 (base instruction 17 Sep 2007)","Personnel in BUPERS Control Categories 8 and 9 or Mobilization Availability Status (MAS) code ""BCG"" will not be permitted to affiliate with or separate from any Reserve unit (pay or non-pay); perform AT, ADT, ADSW; or be called to Active Duty without prior verbal approval of NAVPERSCOM (PERS-911) for officers and (PERS-913) for enlisted personnel.",PASS,Found on stated page.,PASS,
ADV168,PS,E-7,"Reserve Pay, Management & Processing",Navy Reserve Administration,Age and Service Restrictions,After attaining what age are enlisted members normally ineligible for retention in an active status?,55 years,58 years,62 years,60 years,D,BUPERSINST 1001.39F,BUPERSINST 1001.39.pdf,https://www.mynavyhr.navy.mil/Portals/55/Reference/Instructions/BUPERS/BUPERSINST%201001.39.pdf#page=32,32,"1001.39F CH-1, 3 May 2013 (base instruction 17 Sep 2007)","Normally, enlisted members of the Navy Reserve are not eligible for retention in an active status (i.e., USNR-R, USNR-S1) after attaining 60 years of age.",PASS,Found on stated page.,PASS,
ADV169,PS,E-7,"Reserve Pay, Management & Processing",Navy Reserve Administration,Age and Service Restrictions,How far in advance of a member's 60th birthday must the supporting NOSC CO ensure notification and counseling occur?,At least 12 months,At least 24 months,At least 6 months,At least 18 months,A,BUPERSINST 1001.39F,BUPERSINST 1001.39.pdf,https://www.mynavyhr.navy.mil/Portals/55/Reference/Instructions/BUPERS/BUPERSINST%201001.39.pdf#page=32,32,"1001.39F CH-1, 3 May 2013 (base instruction 17 Sep 2007)",Supporting Navy Operational Support Center (NOSC) COs will ensure that affected enlisted members are notified at least 12 months prior to their 60th birthday and required counseling is conducted.,PASS,Found on stated page.,PASS,
ADV170,PS,E-7,"Reserve Pay, Management & Processing",Navy Reserve Administration,Age and Service Restrictions,Who approves an age 60 waiver allowing an enlisted member to continue in a pay status?,COMNAVRESFORCOM,The NOSC CO,NAVPERSCOM (PERS-913),NAVPERSCOM (PERS-911),C,BUPERSINST 1001.39F,BUPERSINST 1001.39.pdf,https://www.mynavyhr.navy.mil/Portals/55/Reference/Instructions/BUPERS/BUPERSINST%201001.39.pdf#page=32,32,"1001.39F CH-1, 3 May 2013 (base instruction 17 Sep 2007)",I must request and receive an approved age 60 waiver from NAVPERSCOM (PERS-913) before my 60th birthday.,PASS,Found on stated page.,PASS,
ADV171,PS,E-7,"Reserve Pay, Management & Processing",Navy Reserve Administration,Age and Service Restrictions,"In a non-pay status, until what point may a member continue to accrue qualifying service?",Until age 60,Until 30 years of service,"Until retirement eligible or age 63, whichever occurs first","Until retirement eligible or age 62, whichever occurs first",C,BUPERSINST 1001.39F,BUPERSINST 1001.39.pdf,https://www.mynavyhr.navy.mil/Portals/55/Reference/Instructions/BUPERS/BUPERSINST%201001.39.pdf#page=32,32,"1001.39F CH-1, 3 May 2013 (base instruction 17 Sep 2007)","I may be transferred into a non-pay status where I may continue to accrue qualifying service through non-pay drills or the completion of correspondence courses until I become retirement eligible or age 63, whichever occurs first.",PASS,Found on stated page.,PASS,
ADV172,PS,E-4,"Reserve Pay, Management & Processing",Navy Reserve Administration,Military Service Obligation,What is the minimum military service obligation upon initial entry into a military service?,4 years,6 years,8 years,10 years,C,BUPERSINST 1001.39F,BUPERSINST 1001.39.pdf,https://www.mynavyhr.navy.mil/Portals/55/Reference/Instructions/BUPERS/BUPERSINST%201001.39.pdf#page=48,48,"1001.39F CH-1, 3 May 2013 (base instruction 17 Sep 2007)","Every person, enlisted and officer, upon initial entry into a military service, shall serve a minimum of 8 years per DOD Instruction 1304.25.",PASS,Found on stated page.,PASS,
ADV173,PS,E-4,"Reserve Pay, Management & Processing",Navy Reserve Administration,Military Service Obligation,Where must any portion of the MSO not served on Active Duty be performed?,It is waived,In a Reserve component,In the Standby Reserve only,In the Retired Reserve,B,BUPERSINST 1001.39F,BUPERSINST 1001.39.pdf,https://www.mynavyhr.navy.mil/Portals/55/Reference/Instructions/BUPERS/BUPERSINST%201001.39.pdf#page=48,48,"1001.39F CH-1, 3 May 2013 (base instruction 17 Sep 2007)","Any portion of the MSO that is not served on Active Duty shall be performed in a Reserve component (i.e., IRR or SELRES) per OPNAVINST 1000.26A.",PASS,Found on stated page.,PASS,
ADV174,PS,E-6,"Reserve Pay, Management & Processing",Navy Reserve Administration,Individual Ready Reserve,Who is tasked with the overall administration of the IRR?,NAVPERSCOM (PERS-9),NAVPERSCOM (PERS-913),COMNAVCRUITCOM,COMNAVRESFORCOM,A,BUPERSINST 1001.39F,BUPERSINST 1001.39.pdf,https://www.mynavyhr.navy.mil/Portals/55/Reference/Instructions/BUPERS/BUPERSINST%201001.39.pdf#page=48,48,"1001.39F CH-1, 3 May 2013 (base instruction 17 Sep 2007)",NAVPERSCOM (PERS-9) is tasked with the overall administration of the IRR.,PASS,Found on stated page.,PASS,
ADV175,PS,E-5,"Reserve Pay, Management & Processing",Navy Reserve Administration,Individual Ready Reserve,How must counseling of members transferring to the Active Status Pool be documented?,By NOSC message,By memorandum for the record,On a NAVPERS 1200/1,As a NAVPERS 1070/613 entry in the permanent military service record,D,BUPERSINST 1001.39F,BUPERSINST 1001.39.pdf,https://www.mynavyhr.navy.mil/Portals/55/Reference/Instructions/BUPERS/BUPERSINST%201001.39.pdf#page=48,48,"1001.39F CH-1, 3 May 2013 (base instruction 17 Sep 2007)",Counseling shall be documented in the members' permanent military service records as a NAVPERS 1070/613 entry,PASS,Found on stated page.,PASS,
ADV176,PS,O-5,"Reserve Pay, Management & Processing",Navy Reserve Administration,Individual Ready Reserve,"Which officers must use the APPLY process to transfer to a pay, drilling status?",O-3s and above,All officers,O-5s and above,O-4s and above,C,BUPERSINST 1001.39F,BUPERSINST 1001.39.pdf,https://www.mynavyhr.navy.mil/Portals/55/Reference/Instructions/BUPERS/BUPERSINST%201001.39.pdf#page=48,48,"1001.39F CH-1, 3 May 2013 (base instruction 17 Sep 2007)","ASP members O4 and below, with the exception of officers who wish to rejoin via the Navy Reserve Command and Senior Officer Non-Command Billet Screening and Assignment Board (APPLY) process, who desire to transfer to a pay, drilling status must contact their local recruiter to affiliate with a SELRES unit. O5s and above must use the APPLY process.",PASS,Found on stated page.,PASS,
ADV177,PS,E-5,"Reserve Pay, Management & Processing",Navy Reserve Administration,Individual Ready Reserve,What must active component personnel transferring to the IRR do prior to release from Active Duty?,Complete a NAVPERS 1200/1,Pre-register via the Navy Knowledge Online IRR Community of Practice,Report to the nearest NOSC,Contact COMNAVCRUITCOM,B,BUPERSINST 1001.39F,BUPERSINST 1001.39.pdf,https://www.mynavyhr.navy.mil/Portals/55/Reference/Instructions/BUPERS/BUPERSINST%201001.39.pdf#page=48,48,"1001.39F CH-1, 3 May 2013 (base instruction 17 Sep 2007)",those active component personnel transferring to the IRR shall pre-register via Navy Knowledge Online (NKO) IRR Community of Practice prior to release from Active Duty.,PASS,Found on stated page.,PASS,
ADV178,PS,E-5,"Reserve Pay, Management & Processing",Navy Reserve Administration,Individual Ready Reserve,How often must an IRR member provide current civilian employer information?,On an annual basis even if no change or unemployed,Every 3 years,Only when it changes,Only upon mobilization,A,BUPERSINST 1001.39F,BUPERSINST 1001.39.pdf,https://www.mynavyhr.navy.mil/Portals/55/Reference/Instructions/BUPERS/BUPERSINST%201001.39.pdf#page=49,49,"1001.39F CH-1, 3 May 2013 (base instruction 17 Sep 2007)",current civilian employer information required on an annual basis even if no change or unemployed.,PASS,Found on stated page.,PASS,
ADV179,PS,E-5,"Reserve Pay, Management & Processing",Navy Reserve Administration,Individual Ready Reserve,How often must every member of the IRR be screened?,Every 2 years,At least annually,Only upon transfer,Every 3 years,B,BUPERSINST 1001.39F,BUPERSINST 1001.39.pdf,https://www.mynavyhr.navy.mil/Portals/55/Reference/Instructions/BUPERS/BUPERSINST%201001.39.pdf#page=49,49,"1001.39F CH-1, 3 May 2013 (base instruction 17 Sep 2007)",Every member of the IRR shall be screened at least annually,PASS,Found on stated page.,PASS,
ADV180,PS,E-2,Reenlistment & Extension Processing,Reenlistment & Extensions,SELRES Affiliation and Reaffiliation,Enlisted personnel released from Active Duty in paygrades E1 and E2 need whose approval to reenlist or affiliate in a drilling status?,COMNAVCRUITCOM,COMNAVRESFORCOM,The NOSC CO,NAVPERSCOM (PERS-913),A,BUPERSINST 1001.39F,BUPERSINST 1001.39.pdf,https://www.mynavyhr.navy.mil/Portals/55/Reference/Instructions/BUPERS/BUPERSINST%201001.39.pdf#page=66,66,"1001.39F CH-1, 3 May 2013 (base instruction 17 Sep 2007)",Enlisted personnel released from Active Duty (other than for training) in paygrades E1 and E2 are not eligible for reenlistment or affiliation in a drilling status without prior approval from COMNAVCRUITCOM.,PASS,Found on stated page.,PASS,
ADV181,PS,E-6,Reenlistment & Extension Processing,Reenlistment & Extensions,SELRES Affiliation and Reaffiliation,What is the status of personnel who exceed HYT criteria with respect to SELRES accession?,They are not authorized to be accessed to the SELRES,They may affiliate if in a critical rating,They may affiliate only in a non-pay status,They may affiliate with a waiver,A,BUPERSINST 1001.39F,BUPERSINST 1001.39.pdf,https://www.mynavyhr.navy.mil/Portals/55/Reference/Instructions/BUPERS/BUPERSINST%201001.39.pdf#page=66,66,"1001.39F CH-1, 3 May 2013 (base instruction 17 Sep 2007)",Personnel who exceed HYT criteria are not authorized to be accessed to the SELRES per MILPERSMAN 1160-030.,PASS,Found on stated page.,PASS,
ADV182,PS,E-6,Reenlistment & Extension Processing,Reenlistment & Extensions,SELRES Affiliation and Reaffiliation,Personnel reaching their HYT date within how many months of affiliation require NAVPERSCOM (PERS-913) approval?,12 months,18 months,6 months,24 months,B,BUPERSINST 1001.39F,BUPERSINST 1001.39.pdf,https://www.mynavyhr.navy.mil/Portals/55/Reference/Instructions/BUPERS/BUPERSINST%201001.39.pdf#page=66,66,"1001.39F CH-1, 3 May 2013 (base instruction 17 Sep 2007)",Personnel who will reach their HYT date within 18 months of enlistment/ affiliation may only be enlisted or affiliated with approval from NAVPERSCOM (PERS-913).,PASS,Found on stated page.,PASS,
ADV183,PS,E-6,Reenlistment & Extension Processing,Reenlistment & Extensions,SELRES Affiliation and Reaffiliation,What is the reaffiliation status of enlisted members who have received Reserve Transition Benefits?,Eligible after 2 years,Eligible only in the IRR,Not eligible for reaffiliation,Eligible with a waiver,C,BUPERSINST 1001.39F,BUPERSINST 1001.39.pdf,https://www.mynavyhr.navy.mil/Portals/55/Reference/Instructions/BUPERS/BUPERSINST%201001.39.pdf#page=66,66,"1001.39F CH-1, 3 May 2013 (base instruction 17 Sep 2007)",Enlisted members who have received Reserve Transition Benefits are not eligible for reaffiliation.,PASS,Found on stated page.,PASS,
ADV184,PS,E-6,Reenlistment & Extension Processing,Reenlistment & Extensions,SELRES Affiliation and Reaffiliation,What is the affiliation status of members who cannot achieve 20 years of qualifying service under MILPERSMAN 1133-010 limits?,Eligible in a non-pay status,Eligible for the IRR only,Eligible with NOSC CO approval,Ineligible for affiliation or reaffiliation,D,BUPERSINST 1001.39F,BUPERSINST 1001.39.pdf,https://www.mynavyhr.navy.mil/Portals/55/Reference/Instructions/BUPERS/BUPERSINST%201001.39.pdf#page=66,66,"1001.39F CH-1, 3 May 2013 (base instruction 17 Sep 2007)",Members who cannot achieve 20 years of qualifying service under limits specified in MILPERSMAN 1133-010 are ineligible for affiliation or reaffiliation.,PASS,Found on stated page.,PASS,
ADV185,PS,E-5,"Reserve Pay, Management & Processing",Navy Reserve Administration,Reasonable Commuting Distance,"For units conducting four drills on 2 consecutive days with meals and quarters provided, what is reasonable commuting distance?","Within a 100-mile radius of the drill site, with no travel time limit",Within a 50-mile radius of the drill site and no more than 2 hours by automobile,"Within 3 hours by automobile, with no distance limit",Within a 100-mile radius of the drill site and no more than 3 hours by automobile,D,BUPERSINST 1001.39F,BUPERSINST 1001.39.pdf,https://www.mynavyhr.navy.mil/Portals/55/Reference/Instructions/BUPERS/BUPERSINST%201001.39.pdf#page=66,66,"1001.39F CH-1, 3 May 2013 (base instruction 17 Sep 2007)","reasonable commuting distance is any distance within a 100-mile radius of the drill site but not exceeding that which can be traveled by automobile under average conditions of traffic, weather, and roads within a period of 3 hours.",PASS,Found on stated page.,PASS,Outside review flagged WRONG_KEY: options said 'or' where the manual requires both conditions. Options rewritten.
ADV186,PS,E-5,Manning & Manpower Management,Change of Rating,Change of Rating,A designated striker is reduced in rate for disciplinary reasons. When is the striker identification NOT retained?,In all disciplinary reductions,"When the reduction results from mishandling government funds, fraudulent acts, or theft of government property",Never; it is always retained,Only when reduced below E-3,B,BUPERSINST 1001.39F,BUPERSINST 1001.39.pdf,https://www.mynavyhr.navy.mil/Portals/55/Reference/Instructions/BUPERS/BUPERSINST%201001.39.pdf#page=75,75,"1001.39F CH-1, 3 May 2013 (base instruction 17 Sep 2007)","Designated strikers who are reduced in rate for disciplinary reasons will retain their striker identification unless reduction is as a result of mishandling of government funds, committing fraudulent acts, or theft involving government property.",PASS,Found on stated page.,PASS,
ADV187,PS,E-4,Manning & Manpower Management,Change of Rating,Change of Rating,"Which two ratings are excepted from the requirement that non-designated strikers become designated through ""A"" school or examination participation?",Master-at-Arms and Personnel Specialist,Yeoman and Intelligence Specialist,Cryptologic Technician and Intelligence Specialist,Master-at-Arms and Intelligence Specialist,D,BUPERSINST 1001.39F,BUPERSINST 1001.39.pdf,https://www.mynavyhr.navy.mil/Portals/55/Reference/Instructions/BUPERS/BUPERSINST%201001.39.pdf#page=75,75,"1001.39F CH-1, 3 May 2013 (base instruction 17 Sep 2007)","All non-designated strikers must become designated through successful completion of ""A"" school or examination participation, with the exception of the Master-at-Arms (MA) and Intelligence Specialist (IS) ratings.",PASS,Found on stated page.,PASS,
ADV188,PS,E-6,Manning & Manpower Management,Change of Rating,Change of Rating,"Other than the Master-at-Arms rating, how many years of qualifying service must an E-6 or below have fewer than to be eligible for a change of rating?",20 years,12 years,10 years,15 years,D,BUPERSINST 1001.39F,BUPERSINST 1001.39.pdf,https://www.mynavyhr.navy.mil/Portals/55/Reference/Instructions/BUPERS/BUPERSINST%201001.39.pdf#page=75,75,"1001.39F CH-1, 3 May 2013 (base instruction 17 Sep 2007)",Personnel in paygrade E6 and below must have fewer than 15 years of qualifying service for retirement (MA rating must have fewer than 12 years).,PASS,Found on stated page.,PASS,Outside review flagged BAD_DISTRACTOR; question narrowed to exclude the MA exception.
ADV189,PS,E-6,Manning & Manpower Management,Change of Rating,Change of Rating,How are E-7 and above change of rating requests handled?,They are automatically denied,The same as E-6 and below,On a case-by-case basis only under unique circumstances,They require SECNAV approval,C,BUPERSINST 1001.39F,BUPERSINST 1001.39.pdf,https://www.mynavyhr.navy.mil/Portals/55/Reference/Instructions/BUPERS/BUPERSINST%201001.39.pdf#page=75,75,"1001.39F CH-1, 3 May 2013 (base instruction 17 Sep 2007)",E-7 and above personnel will be considered on a case-by-case basis only under unique circumstances.,PASS,Found on stated page.,PASS,
ADV190,PS,E-5,Manning & Manpower Management,Change of Rating,Change of Rating,A member requesting a change of rating must request a rating in which ECMO NAVADMIN categories?,Category 1 only,Any category,Category 1 or 2,Category 2 or 3,C,BUPERSINST 1001.39F,BUPERSINST 1001.39.pdf,https://www.mynavyhr.navy.mil/Portals/55/Reference/Instructions/BUPERS/BUPERSINST%201001.39.pdf#page=75,75,"1001.39F CH-1, 3 May 2013 (base instruction 17 Sep 2007)","Request a rating listed in Category ""1"" or ""2"" of the current ECMO NAVADMIN.",PASS,Found on stated page.,PASS,
ADV191,PS,E-5,Manning & Manpower Management,Change of Rating,Change of Rating,Where does a drilling member submit a concurrent change of rating request?,The NOSC CO for final approval,COMNAVCRUITCOM,NAVPERSCOM (PERS-93),NAVPERSCOM (PERS-812) via the supporting NOSC,D,BUPERSINST 1001.39F,BUPERSINST 1001.39.pdf,https://www.mynavyhr.navy.mil/Portals/55/Reference/Instructions/BUPERS/BUPERSINST%201001.39.pdf#page=76,76,"1001.39F CH-1, 3 May 2013 (base instruction 17 Sep 2007)",concurrent change of rating will be submitted to NAVPERSCOM (PERS-812) by the member via the supporting NOSC with a copy to the Reserve unit.,PASS,Found on stated page.,PASS,
ADV192,PS,E-5,Manning & Manpower Management,Change of Rating,Change of Rating,Where do IRR members submit change of rating requests?,NAVPERSCOM (PERS-913),NAVPERSCOM (PERS-93),NAVPERSCOM (PERS-812),Their supporting NOSC,B,BUPERSINST 1001.39F,BUPERSINST 1001.39.pdf,https://www.mynavyhr.navy.mil/Portals/55/Reference/Instructions/BUPERS/BUPERSINST%201001.39.pdf#page=76,76,"1001.39F CH-1, 3 May 2013 (base instruction 17 Sep 2007)",Members of the IRR will submit requests to NAVPERSCOM (PERS-93).,PASS,Found on stated page.,PASS,
ADV193,PS,E-5,Manning & Manpower Management,Change of Rating,Change of Rating,"How far before the examination month must a ""successful competition"" change of rating request reach NAVPERSCOM (PERS-812)?",90 days,30 days,120 days,60 days,A,BUPERSINST 1001.39F,BUPERSINST 1001.39.pdf,https://www.mynavyhr.navy.mil/Portals/55/Reference/Instructions/BUPERS/BUPERSINST%201001.39.pdf#page=76,76,"1001.39F CH-1, 3 May 2013 (base instruction 17 Sep 2007)","Requests for ""successful competition"" or ""concurrent change of rating"" must be received by NAVPERSCOM (PERS-812) 90 days prior to the examination month to allow ample time for processing and examination ordering.",PASS,Found on stated page.,PASS,
ADV194,PS,E-5,Manning & Manpower Management,Change of Rating,Change of Rating,What happens to a request received within 90 days of the examination cycle?,It is returned to the member,It is considered for the following advancement examination cycle,It is processed as an exception to policy,It is disapproved,B,BUPERSINST 1001.39F,BUPERSINST 1001.39.pdf,https://www.mynavyhr.navy.mil/Portals/55/Reference/Instructions/BUPERS/BUPERSINST%201001.39.pdf#page=76,76,"1001.39F CH-1, 3 May 2013 (base instruction 17 Sep 2007)",Requests received within 90 days of the examination cycle will be considered for the following advancement examination cycle.,PASS,Found on stated page.,PASS,
ADV195,PS,E-5,Manning & Manpower Management,Change of Rating,Change of Rating,How long do members have to complete the requirements for an approved IS conversion?,12 months,24 months,6 months,18 months,D,BUPERSINST 1001.39F,BUPERSINST 1001.39.pdf,https://www.mynavyhr.navy.mil/Portals/55/Reference/Instructions/BUPERS/BUPERSINST%201001.39.pdf#page=76,76,"1001.39F CH-1, 3 May 2013 (base instruction 17 Sep 2007)","Approved ISSN, IS3 and IS2 requests will require the member to complete the Navy Basic Intelligence Training (NBIT) course (self-paced computer-based training modules) and the 2-week IS ""A"" Reserve Training Course (IS-A-RES) at Navy and Marine Corps Intelligence Training Center (NMITC) or Fleet Intelligence Training Center, Pacific (FITCPAC) (CIN: J-150-2978). Members will have 18 months to complete all requirements.",PASS,Found on stated page.,PASS,Outside review flagged WEAK_PROOF; quote widened to carry the answer.
ADV196,PS,E-5,Manning & Manpower Management,Change of Rating,Change of Rating,Where are Cryptologic Technician change of rating requests forwarded after local NIOC endorsement?,Navy Reserve Security Group (NAVRESSECGRU (N01R)),CNO (N32R),Directly to NAVPERSCOM (PERS-812),The Reserve Intelligence Program Office,A,BUPERSINST 1001.39F,BUPERSINST 1001.39.pdf,https://www.mynavyhr.navy.mil/Portals/55/Reference/Instructions/BUPERS/BUPERSINST%201001.39.pdf#page=76,76,"1001.39F CH-1, 3 May 2013 (base instruction 17 Sep 2007)","a. Cryptologic Technician (CT) ratings. Upon obtaining local Navy Information Operations Command (NIOC) endorsement, forward requests to Navy Reserve Security Group (NAVRESSECGRU (N01R)).",PASS,Found on stated page.,PASS,Outside review flagged WEAK_PROOF; quote widened to carry the answer.
ADV197,PS,E-5,Transfers Management & Processing,Transfers & Component Changes,Transfers to Other Components or Services,Who is the approval authority for all enlisted DD 368 Request for Conditional Release requests?,The NOSC CO,NAVPERSCOM (PERS-911),NAVPERSCOM (PERS-913),COMNAVCRUITCOM,C,BUPERSINST 1001.39F,BUPERSINST 1001.39.pdf,https://www.mynavyhr.navy.mil/Portals/55/Reference/Instructions/BUPERS/BUPERSINST%201001.39.pdf#page=85,85,"1001.39F CH-1, 3 May 2013 (base instruction 17 Sep 2007)","NAVPERSCOM (PERS-913) is the approval authority for all enlisted DD 368, Request for Conditional Release requests.",PASS,Found on stated page.,PASS,
ADV198,PS,O-3,Transfers Management & Processing,Transfers & Component Changes,Transfers to Other Components or Services,Who is the approval authority for all officer conditional release requests?,NAVPERSCOM (PERS-911),NAVPERSCOM (PERS-93),COMNAVRESFORCOM,NAVPERSCOM (PERS-913),A,BUPERSINST 1001.39F,BUPERSINST 1001.39.pdf,https://www.mynavyhr.navy.mil/Portals/55/Reference/Instructions/BUPERS/BUPERSINST%201001.39.pdf#page=85,85,"1001.39F CH-1, 3 May 2013 (base instruction 17 Sep 2007)","NAVPERSCOM (PERS-913) is the approval authority for all enlisted DD 368, Request for Conditional Release requests. NAVPERSCOM (PERS-911) is the approval authority for all officer requests.",PASS,Found on stated page.,PASS,Outside review flagged WEAK_PROOF; quote widened to carry the answer.
ADV199,PS,E-6,Transfers Management & Processing,Transfers & Component Changes,Transfers to Other Components or Services,Do unit and NOSC COs have authority to release members to another branch of service?,"Yes, for enlisted only",No,Yes,"Yes, with ISIC endorsement",B,BUPERSINST 1001.39F,BUPERSINST 1001.39.pdf,https://www.mynavyhr.navy.mil/Portals/55/Reference/Instructions/BUPERS/BUPERSINST%201001.39.pdf#page=85,85,"1001.39F CH-1, 3 May 2013 (base instruction 17 Sep 2007)",Unit and NOSC COs do not have approval authority to release members to another branch of service.,PASS,Found on stated page.,PASS,
ADV200,PS,E-5,Transfers Management & Processing,Transfers & Component Changes,Transfers to Other Components or Services,What is the policy on transfers from the SELRES to the IRR or Standby Reserve of another service?,Not permitted,Permitted with PERS-913 approval,Permitted for enlisted only,Permitted after MSO completion,A,BUPERSINST 1001.39F,BUPERSINST 1001.39.pdf,https://www.mynavyhr.navy.mil/Portals/55/Reference/Instructions/BUPERS/BUPERSINST%201001.39.pdf#page=85,85,"1001.39F CH-1, 3 May 2013 (base instruction 17 Sep 2007)",Transfers from the SELRES to the IRR or Standby Reserve of another service are not permitted.,PASS,Found on stated page.,PASS,
ADV201,PS,E-5,Transfers Management & Processing,Transfers & Component Changes,Transfers to Other Components or Services,Which form is used in all cases involving inter-service transfers?,NAVPERS 1200/1,DD 368,DD 214,NAVPERS 1070/613,B,BUPERSINST 1001.39F,BUPERSINST 1001.39.pdf,https://www.mynavyhr.navy.mil/Portals/55/Reference/Instructions/BUPERS/BUPERSINST%201001.39.pdf#page=85,85,"1001.39F CH-1, 3 May 2013 (base instruction 17 Sep 2007)",DD 368 shall be used in all cases involving inter-service transfers.,PASS,Found on stated page.,PASS,
ADV202,PS,E-4,Transfers Management & Processing,Transfers & Component Changes,Transfers to Other Components or Services,May personnel be released for enrollment in the Delayed Entry Program of an active component?,Yes,"Yes, if MSO is complete",No,"Yes, with NOSC approval",C,BUPERSINST 1001.39F,BUPERSINST 1001.39.pdf,https://www.mynavyhr.navy.mil/Portals/55/Reference/Instructions/BUPERS/BUPERSINST%201001.39.pdf#page=85,85,"1001.39F CH-1, 3 May 2013 (base instruction 17 Sep 2007)",Personnel are not authorized release for enrollment in the Delayed Entry Program (DEP) of an active component.,PASS,Found on stated page.,PASS,
ADV203,PS,E-6,Separations & Retirement Processing,Separations & Retirement,Enlisted Administrative Separations,Which reference provides overall policy guidance for enlisted administrative separations?,MILPERSMAN 1160-030,OPNAVINST 6110.1H,MILPERSMAN 1910 articles,BUPERSINST 1610.10H,C,BUPERSINST 1001.39F,BUPERSINST 1001.39.pdf,https://www.mynavyhr.navy.mil/Portals/55/Reference/Instructions/BUPERS/BUPERSINST%201001.39.pdf#page=93,93,"1001.39F CH-1, 3 May 2013 (base instruction 17 Sep 2007)",MILPERSMAN 1910 articles provide overall policy guidance and procedures pertaining to enlisted administrative separations (ADSEP).,PASS,Found on stated page.,PASS,
ADV204,PS,E-6,Separations & Retirement Processing,Separations & Retirement,Enlisted Administrative Separations,Who may suspend separation and retirement actions for personnel with critical specialties in times of war or national emergency?,The NOSC CO,Chief of Naval Personnel,SECNAV,COMNAVRESFORCOM,B,BUPERSINST 1001.39F,BUPERSINST 1001.39.pdf,https://www.mynavyhr.navy.mil/Portals/55/Reference/Instructions/BUPERS/BUPERSINST%201001.39.pdf#page=93,93,"1001.39F CH-1, 3 May 2013 (base instruction 17 Sep 2007)","In times of war or national emergency, or when directed by higher authority, Chief of Naval Personnel (CHNAVPERS) may suspend separation and retirement actions for personnel with critical specialties.",PASS,Found on stated page.,PASS,
ADV205,PS,E-6,Separations & Retirement Processing,Separations & Retirement,Enlisted Administrative Separations,Which MILPERSMAN tables list ADSEP separation authority?,1910-142/146,1160-030/031,1910-100/104,1910-704/708,D,BUPERSINST 1001.39F,BUPERSINST 1001.39.pdf,https://www.mynavyhr.navy.mil/Portals/55/Reference/Instructions/BUPERS/BUPERSINST%201001.39.pdf#page=93,93,"1001.39F CH-1, 3 May 2013 (base instruction 17 Sep 2007)",The tables in MILPERSMAN 1910-704/708 list separation authority and should be referred to before sending an ADSEP case to NAVPERSCOM (PERS-913) for adjudication.,PASS,Found on stated page.,PASS,
ADV206,PS,E-6,Separations & Retirement Processing,Separations & Retirement,Enlisted Administrative Separations,Which form must a command use when the least favorable characterization of service is Other Than Honorable?,NAVPERS 1070/613,DD 368,NAVPERS 1910/31,NAVPERS 1910/32,C,BUPERSINST 1001.39F,BUPERSINST 1001.39.pdf,https://www.mynavyhr.navy.mil/Portals/55/Reference/Instructions/BUPERS/BUPERSINST%201001.39.pdf#page=93,93,"1001.39F CH-1, 3 May 2013 (base instruction 17 Sep 2007)","In all cases where the least favorable characterization of service is Other Than Honorable (OTH), the command must use NAVPERS 1910/31.",PASS,Found on stated page.,PASS,
ADV207,PS,E-6,Separations & Retirement Processing,Separations & Retirement,Enlisted Administrative Separations,"When the least favorable characterization is General or Honorable, which members are entitled to an administrative board?",Only members with 6 or more years of service,Only E-6 and above,Only members with 10 or more years of service,All members,A,BUPERSINST 1001.39F,BUPERSINST 1001.39.pdf,https://www.mynavyhr.navy.mil/Portals/55/Reference/Instructions/BUPERS/BUPERSINST%201001.39.pdf#page=93,93,"1001.39F CH-1, 3 May 2013 (base instruction 17 Sep 2007)","When the least favorable characterization of service is General or Honorable, only members with 6 or more years of service are entitled to an administrative board.",PASS,Found on stated page.,PASS,
ADV208,PS,E-5,"Reserve Pay, Management & Processing",Navy Reserve Administration,Participation Requirements,What determines a Navy Reserve member's participation requirements?,The Training and Retirement Category to which they are assigned,Their years of service,Their paygrade,Their NOSC assignment,A,BUPERSINST 1001.39F,BUPERSINST 1001.39.pdf,https://www.mynavyhr.navy.mil/Portals/55/Reference/Instructions/BUPERS/BUPERSINST%201001.39.pdf#page=119,119,"1001.39F CH-1, 3 May 2013 (base instruction 17 Sep 2007)",Participation requirements for Navy Reserve members are determined by the TRC to which they are assigned.,PASS,Found on stated page.,PASS,
ADV209,PS,E-5,"Reserve Pay, Management & Processing",Navy Reserve Administration,Participation Requirements,What does chapter 11 of BUPERSINST 1001.39F identify?,Navy Reserve Training and Retirement Categories and participation requirements,Administrative separation procedures,Physical qualifications,Enlisted classification codes,A,BUPERSINST 1001.39F,BUPERSINST 1001.39.pdf,https://www.mynavyhr.navy.mil/Portals/55/Reference/Instructions/BUPERS/BUPERSINST%201001.39.pdf#page=119,119,"1001.39F CH-1, 3 May 2013 (base instruction 17 Sep 2007)",CHAPTER 11 PARTICIPATION REQUIREMENTS 1101. General. This chapter identifies Navy Reserve Training and Retirement Categories (TRC) and sets forth requirements for members participating in the Navy Reserve.,PASS,Found on stated page.,PASS,Outside review flagged WEAK_PROOF; quote widened to carry the answer.
ADV210,PS,E-6,Reenlistment & Extension Processing,Reenlistment & Extensions,High Year Tenure,"Absent an approved HYT waiver, up to what date may AC and TAR Sailors reenlist or extend?",Their end of active obligated service,The HYT date for their current pay grade,The HYT date for the next higher pay grade,Their projected rotation date,B,MILPERSMAN 1160-120,Whole MILPERSMAN.pdf,https://www.mynavyhr.navy.mil/References/MILPERSMAN/,544,"CH-84, 13 Jul 2023","Unless HYT waiver approval is authorized by the responsible offices contained herein, AC and TAR Sailors may only reenlist or extend up to the HYT date for their current pay grade.",PASS,Found on stated page.,PASS,
ADV211,PS,E-6,Reenlistment & Extension Processing,Reenlistment & Extensions,High Year Tenure,Up to what date may a Sailor selected for advancement reenlist or extend?,The HYT date of their frocked pay grade,The HYT date of their current pay grade,The date advancement is effected,Their soft EAOS,A,MILPERSMAN 1160-120,Whole MILPERSMAN.pdf,https://www.mynavyhr.navy.mil/References/MILPERSMAN/,544,"CH-84, 13 Jul 2023",Sailors who have been selected for advancement may reenlist or extend up to the HYT date of their frocked pay grade.,PASS,Found on stated page.,PASS,
ADV212,PS,E-6,Reenlistment & Extension Processing,Reenlistment & Extensions,High Year Tenure,Who is the HYT waiver disposition authority for non-nuclear-trained AC Sailors?,OPNAV N095,OPNAV N133,BUPERS-32,CNRFC (N1),C,MILPERSMAN 1160-120,Whole MILPERSMAN.pdf,https://www.mynavyhr.navy.mil/References/MILPERSMAN/,544,"CH-84, 13 Jul 2023",Bureau of Naval Personnel (BUPERS) Division (BUPERS-32) and Selected Reserve & TAR Enlisted Branch (BUPERS-352) are the HYT waiver disposition authorities for all non-nuclear-trained AC and TAR Sailors respectively.,PASS,Found on stated page.,PASS,
ADV213,PS,E-6,Reenlistment & Extension Processing,Reenlistment & Extensions,High Year Tenure,Who is the HYT waiver disposition authority for nuclear-trained AC Sailors?,OPNAV Nuclear Propulsion Program Management Branch (N133),BUPERS-352,OPNAV N132,BUPERS-32,A,MILPERSMAN 1160-120,Whole MILPERSMAN.pdf,https://www.mynavyhr.navy.mil/References/MILPERSMAN/,544,"CH-84, 13 Jul 2023",OPNAV Nuclear Propulsion Program Management Branch (N133) is the HYT waiver disposition authority for all nuclear-trained AC.,PASS,Found on stated page.,PASS,
ADV214,PS,E-6,Reenlistment & Extension Processing,Reenlistment & Extensions,High Year Tenure,Who is the HYT exception to policy authority for TAR Sailors?,OPNAV N13,OPNAV N095,BUPERS-352,"Commander, Navy Reserve Forces Command (N1)",D,MILPERSMAN 1160-120,Whole MILPERSMAN.pdf,https://www.mynavyhr.navy.mil/References/MILPERSMAN/,544,"CH-84, 13 Jul 2023","Commander, Navy Reserve Forces Command (CNRFC) (N1) is the HYT exception to policy authority for TAR Sailors.",PASS,Found on stated page.,PASS,
ADV215,PS,E-5,Reenlistment & Extension Processing,Reenlistment & Extensions,High Year Tenure,On what date are HYT dates for AC and TAR Sailors based?,Active duty service date,Date of rank,Pay entry base date,Enlistment date,A,MILPERSMAN 1160-120,Whole MILPERSMAN.pdf,https://www.mynavyhr.navy.mil/References/MILPERSMAN/,545,"CH-84, 13 Jul 2023",HYT dates for AC and TAR are based on the Sailor's active duty service date (ADSD).,PASS,Found on stated page.,PASS,
ADV216,PS,E-4,Reenlistment & Extension Processing,Reenlistment & Extensions,High Year Tenure,What service is used to compute HYT dates for AC and TAR Sailors in pay grades E-1 through E-4?,Only service since the current enlistment,All earned active military service from any Service,Only total active duty Navy service,Total active and inactive service,C,MILPERSMAN 1160-120,Whole MILPERSMAN.pdf,https://www.mynavyhr.navy.mil/References/MILPERSMAN/,545,"CH-84, 13 Jul 2023","For AC and TAR Sailors in pay grades E-1 through E-4, use only total active duty Navy service to compute HYT dates.",PASS,Found on stated page.,PASS,
ADV217,PS,E-6,Reenlistment & Extension Processing,Reenlistment & Extensions,High Year Tenure,What service is used to compute HYT dates for AC and TAR Sailors in pay grades E-5 through E-9?,Active plus inactive duty training,Only total active duty Navy service,Only post-advancement service,All earned active military service from any military Service,D,MILPERSMAN 1160-120,Whole MILPERSMAN.pdf,https://www.mynavyhr.navy.mil/References/MILPERSMAN/,545,"CH-84, 13 Jul 2023","For AC and TAR Sailors in pay grades E-5 through E-9, use all earned active military service (from any military Service) to compute HYT dates.",PASS,Found on stated page.,PASS,
ADV218,PS,E-5,Reenlistment & Extension Processing,Reenlistment & Extensions,High Year Tenure,How are inactive duty training and drill periods treated in the total active military service calculation?,Counted at half value,Counted at full value,Not considered active duty and not included,Counted only for E-5 and above,C,MILPERSMAN 1160-120,Whole MILPERSMAN.pdf,https://www.mynavyhr.navy.mil/References/MILPERSMAN/,545,"CH-84, 13 Jul 2023",Inactive duty training or drill periods are not considered active duty and will not be included as part of a Sailor's total active military service calculation.,PASS,Found on stated page.,PASS,
ADV219,PS,E-5,Reenlistment & Extension Processing,Reenlistment & Extensions,High Year Tenure,What is the AC and TAR high year tenure gate for an E-5?,22 years,20 years,16 years,14 years,C,MILPERSMAN 1160-120,Whole MILPERSMAN.pdf,https://www.mynavyhr.navy.mil/References/MILPERSMAN/,546,"CH-84, 13 Jul 2023",E-3 6 E-4 10 E-5 16 E-6 22 E-7 24 E-8 26 E-9 30,PASS,Found on stated page.,PASS,
ADV220,PS,E-6,Reenlistment & Extension Processing,Reenlistment & Extensions,High Year Tenure,What is the AC and TAR high year tenure gate for an E-6?,16 years,24 years,22 years,20 years,C,MILPERSMAN 1160-120,Whole MILPERSMAN.pdf,https://www.mynavyhr.navy.mil/References/MILPERSMAN/,546,"CH-84, 13 Jul 2023",E-3 6 E-4 10 E-5 16 E-6 22 E-7 24 E-8 26 E-9 30,PASS,Found on stated page.,PASS,
ADV221,PS,E-7,Reenlistment & Extension Processing,Reenlistment & Extensions,High Year Tenure,What is the AC and TAR high year tenure gate for an E-7?,26 years,30 years,22 years,24 years,D,MILPERSMAN 1160-120,Whole MILPERSMAN.pdf,https://www.mynavyhr.navy.mil/References/MILPERSMAN/,546,"CH-84, 13 Jul 2023",E-3 6 E-4 10 E-5 16 E-6 22 E-7 24 E-8 26 E-9 30,PASS,Found on stated page.,PASS,
ADV222,PS,E-9,Reenlistment & Extension Processing,Reenlistment & Extensions,High Year Tenure,What is the AC and TAR high year tenure gate for an E-9?,32 years,28 years,26 years,30 years,D,MILPERSMAN 1160-120,Whole MILPERSMAN.pdf,https://www.mynavyhr.navy.mil/References/MILPERSMAN/,546,"CH-84, 13 Jul 2023",E-3 6 E-4 10 E-5 16 E-6 22 E-7 24 E-8 26 E-9 30,PASS,Found on stated page.,PASS,
ADV223,PS,E-5,Reenlistment & Extension Processing,Reenlistment & Extensions,High Year Tenure,OBLISERV waivers apply only to service requirements incurred as a result of what?,Sea duty assignment,Permanent change of station orders,Reenlistment bonuses,Formal training,D,MILPERSMAN 1160-120,Whole MILPERSMAN.pdf,https://www.mynavyhr.navy.mil/References/MILPERSMAN/,546,"CH-84, 13 Jul 2023",Waivers for OBLISERV apply only to service requirements incurred as a result of formal training.,PASS,Found on stated page.,PASS,
ADV224,PS,E-5,Reenlistment & Extension Processing,Reenlistment & Extensions,High Year Tenure,Does OBLISERV stated on PCS orders override a Sailor's HYT date?,"Yes, always","No, unless an HYT waiver has been approved","Yes, for E-6 and above",Only for overseas orders,B,MILPERSMAN 1160-120,Whole MILPERSMAN.pdf,https://www.mynavyhr.navy.mil/References/MILPERSMAN/,546,"CH-84, 13 Jul 2023",OBLISERV stated on permanent change of station orders does not override HYT dates unless an HYT waiver has been approved.,PASS,Found on stated page.,PASS,
ADV225,PS,E-6,Manning & Manpower Management,Effecting Advancement,Frocking,What effect does frocking have on a member's permanent status?,It changes status after 90 days,It advances the member permanently,It changes status only for pay purposes,It does not change the permanent status of a member,D,MILPERSMAN 1420-060,Whole MILPERSMAN.pdf,https://www.mynavyhr.navy.mil/References/MILPERSMAN/,2536,"CH-76, 15 Sep 2021","Frocking does not change the permanent status of a member, or authorize payment of entitlements governed by statute or regulation",PASS,"Found on stated page. | OFF-BIB: article not on the Jan 2027 bibliography; kept, may return on a later BIB.",PASS,
ADV226,PS,E-6,Manning & Manpower Management,Effecting Advancement,Frocking,May enlisted members selected for officer appointments be frocked to officer status?,Yes,Only for LDO selectees,"Yes, with CO approval",No,D,MILPERSMAN 1420-060,Whole MILPERSMAN.pdf,https://www.mynavyhr.navy.mil/References/MILPERSMAN/,2536,"CH-76, 15 Sep 2021",Enlisted members selected for officer appointments may not be frocked to officer status.,PASS,"Found on stated page. | OFF-BIB: article not on the Jan 2027 bibliography; kept, may return on a later BIB.",PASS,
ADV227,PS,E-6,Manning & Manpower Management,Effecting Advancement,Frocking,How must a member elect frocking?,By submitting a special request chit,Election is not required,By signing a NAVPERS 1070/613 Administrative Remarks entry,By verbal acceptance at quarters,C,MILPERSMAN 1420-060,Whole MILPERSMAN.pdf,https://www.mynavyhr.navy.mil/References/MILPERSMAN/,2536,"CH-76, 15 Sep 2021",Members must elect frocking by signing NAVPERS 1070/613 Administrative Remarks entry as shown in paragraph 4 below.,PASS,"Found on stated page. | OFF-BIB: article not on the Jan 2027 bibliography; kept, may return on a later BIB.",PASS,
ADV228,PS,E-6,Manning & Manpower Management,Effecting Advancement,Frocking,Which pay grade governs the household goods weight limit on PCS orders for a frocked member?,The permanent pay grade,The pay grade held at detachment,The frocked pay grade,Whichever is higher,A,MILPERSMAN 1420-060,Whole MILPERSMAN.pdf,https://www.mynavyhr.navy.mil/References/MILPERSMAN/,2536,"CH-76, 15 Sep 2021","The weight limit for shipment of household goods on permanent change of station orders is the weight limit authorized for the permanent pay grade, not the frocked pay grade.",PASS,"Found on stated page. | OFF-BIB: article not on the Jan 2027 bibliography; kept, may return on a later BIB.",PASS,
ADV229,PS,E-6,Manning & Manpower Management,Effecting Advancement,Frocking,On which pay grade is administrative or punitive action against a frocked member based?,The member's permanent pay grade,The pay grade at the time of the offense,The frocked pay grade,Whichever is lower,A,MILPERSMAN 1420-060,Whole MILPERSMAN.pdf,https://www.mynavyhr.navy.mil/References/MILPERSMAN/,2536,"CH-76, 15 Sep 2021","Any administrative or punitive action (e.g., reduction in grade) is based on the member's permanent pay grade.",PASS,"Found on stated page. | OFF-BIB: article not on the Jan 2027 bibliography; kept, may return on a later BIB.",PASS,
ADV230,PS,E-6,Manning & Manpower Management,Effecting Advancement,Frocking,Who pays for the additional uniforms and insignia required by frocking?,The command,"The frocked member, at their own expense",The Navy Exchange uniform program,It is reimbursed after 6 months,B,MILPERSMAN 1420-060,Whole MILPERSMAN.pdf,https://www.mynavyhr.navy.mil/References/MILPERSMAN/,2536,"CH-76, 15 Sep 2021",Frocked members will purchase additional uniforms and insignia at their own expense. Payment of any uniform allowance is authorized only on permanent advancement.,PASS,"Found on stated page. | OFF-BIB: article not on the Jan 2027 bibliography; kept, may return on a later BIB.",PASS,
ADV231,PS,E-6,Manning & Manpower Management,Effecting Advancement,Frocking,What happens if a member's advancement recommendation is withdrawn after frocking?,The recommendation is automatically restored,The frocked rate will be vacated,Frocking continues until the advancement date,The member is reduced in rate,B,MILPERSMAN 1420-060,Whole MILPERSMAN.pdf,https://www.mynavyhr.navy.mil/References/MILPERSMAN/,2536,"CH-76, 15 Sep 2021","If a member's recommendation for advancement is withdrawn after the member is frocked, the frocked rate will be vacated.",PASS,"Found on stated page. | OFF-BIB: article not on the Jan 2027 bibliography; kept, may return on a later BIB.",PASS,
ADV232,PS,E-5,Manning & Manpower Management,Effecting Advancement,Frocking,"Is frocking authorized for members who do not meet physical fitness, weight, or body fat requirements?",Only for E-7 and above,"Yes, with a waiver",Yes,No,D,MILPERSMAN 1420-060,Whole MILPERSMAN.pdf,https://www.mynavyhr.navy.mil/References/MILPERSMAN/,2536,"CH-76, 15 Sep 2021","Frocking is not authorized for members who do not meet the physical fitness, weight, or body fat requirements per reference (c).",PASS,"Found on stated page. | OFF-BIB: article not on the Jan 2027 bibliography; kept, may return on a later BIB.",PASS,
ADV233,PS,E-5,Manning & Manpower Management,Effecting Advancement,Frocking,Is updating dependent ID cards required when a member is frocked?,It is not required and is not recommended,Only for overseas dependents,"Yes, within 30 days","Yes, before the frocking ceremony",A,MILPERSMAN 1420-060,Whole MILPERSMAN.pdf,https://www.mynavyhr.navy.mil/References/MILPERSMAN/,2536,"CH-76, 15 Sep 2021","Updating dependent ID cards is not required, nor is it recommended since dependent entitlements are based on sponsor's (member) permanent pay grade.",PASS,"Found on stated page. | OFF-BIB: article not on the Jan 2027 bibliography; kept, may return on a later BIB.",PASS,
ADV234,PS,E-6,Customer Service Management & Processing,Unauthorized Absence,Deserters,After how many consecutive days of absence without authority may a member be declared a deserter?,20 days,30 days,45 days,10 days,B,MILPERSMAN 1600-010,Whole MILPERSMAN.pdf,https://www.mynavyhr.navy.mil/References/MILPERSMAN/,2666,"CH-51, 16 Apr 2015","A member may be declared a deserter (1) immediately, if the facts and circumstances of the member's absence, without regard to the length, indicate the member committed the offense of desertion as defined in reference (a), article 85; (2) if the member has been absent without authority for 30 consecutive days",PASS,"Found on stated page. | OFF-BIB: article not on the Jan 2027 bibliography; kept, may return on a later BIB.",PASS,Outside review flagged WEAK_PROOF; quote widened to include the declaring sentence.
ADV235,PS,E-6,Customer Service Management & Processing,Unauthorized Absence,Deserters,Which command is responsible for all documentation throughout the deserter process?,PERS-00D1,The member's parent command,The local PSD,The nearest NOSC,B,MILPERSMAN 1600-010,Whole MILPERSMAN.pdf,https://www.mynavyhr.navy.mil/References/MILPERSMAN/,2666,"CH-51, 16 Apr 2015","The member's parent command is responsible for all documentation throughout the deserter process. If a member has been transferred, the next gaining command is considered the parent command.",PASS,"Found on stated page. | OFF-BIB: article not on the Jan 2027 bibliography; kept, may return on a later BIB.",PASS,
ADV236,PS,E-6,Customer Service Management & Processing,Unauthorized Absence,Deserters,A member absent without authority requests asylum in a foreign country. When may the member be declared a deserter?,"Immediately, without regard to length of absence",After NCIS investigation,After 10 days,After 30 days,A,MILPERSMAN 1600-010,Whole MILPERSMAN.pdf,https://www.mynavyhr.navy.mil/References/MILPERSMAN/,2666,"CH-51, 16 Apr 2015","immediately, if member is absent without authority, without regard to length of absence, and has gone to or shown intention of going to any foreign country, or remains in any foreign country and requests or accepts any type of asylum or residence from that country",PASS,"Found on stated page. | OFF-BIB: article not on the Jan 2027 bibliography; kept, may return on a later BIB.",PASS,
ADV237,PS,E-6,Customer Service Management & Processing,Unauthorized Absence,Unauthorized Absence,How must an unauthorized absence of less than 24 hours be documented?,A DD 553,A report to PERS-00D1,No entry is required,A permanent NAVPERS 1070/613 entry in the ESR with exact beginning and ending hours and dates,D,MILPERSMAN 1600-040,Whole MILPERSMAN.pdf,https://www.mynavyhr.navy.mil/References/MILPERSMAN/,2676,"CH-74, 9 Feb 2021","If unauthorized absence (UA) is less than 24 hours, make a permanent NAVPERS 1070/613 Administrative Remarks entry in the electronic service record (ESR) with the exact hours and date, both beginning and ending, and circumstances of UA.",PASS,"Found on stated page. | OFF-BIB: article not on the Jan 2027 bibliography; kept, may return on a later BIB.",PASS,
ADV238,PS,E-6,Customer Service Management & Processing,Unauthorized Absence,Unauthorized Absence,Whose assistance is requested when a member's whereabouts remain unknown and there is credible evidence the absence is involuntary?,The local police only,PERS-00D1,The applicable military criminal investigative organization,The nearest consulate,C,MILPERSMAN 1600-040,Whole MILPERSMAN.pdf,https://www.mynavyhr.navy.mil/References/MILPERSMAN/,2676,"CH-74, 9 Feb 2021","If the member's whereabouts remain unknown and there is credible evidence that his or her absence is involuntary, request the assistance of the applicable military criminal investigative organization (MCIO).",PASS,"Found on stated page. | OFF-BIB: article not on the Jan 2027 bibliography; kept, may return on a later BIB.",PASS,
ADV239,PS,E-6,Customer Service Management & Processing,Unauthorized Absence,Unauthorized Absence,"In foreign ports requiring the aid of civil authorities, where does the CO furnish a copy of the DD 553?",To PERS-00D1,To NCIS headquarters,To the host nation police,To the nearest United States consulate,D,MILPERSMAN 1600-040,Whole MILPERSMAN.pdf,https://www.mynavyhr.navy.mil/References/MILPERSMAN/,2676,"CH-74, 9 Feb 2021","In foreign ports where the aid of civil authorities is required, the commanding officer will furnish a copy of the DD 553 Deserter/Absentee Wanted by the Armed Forces to the nearest United States consulate.",PASS,"Found on stated page. | OFF-BIB: article not on the Jan 2027 bibliography; kept, may return on a later BIB.",PASS,
ADV240,PS,E-6,Customer Service Management & Processing,Service Records,Official Military Personnel File,Which OMPF field code covers fitness reports and supplementary materials?,02,07,03,05,C,MILPERSMAN 1070-020,Whole MILPERSMAN.pdf,https://www.mynavyhr.navy.mil/References/MILPERSMAN/,351,"CH-87, 18 Apr 2024","03 Fitness reports (including supplementary materials, letters of explanation, and officer statements)",PASS,"Found on stated page. | OFF-BIB: article not on the Jan 2027 bibliography; kept, may return on a later BIB.",PASS,
ADV241,PS,E-6,Customer Service Management & Processing,Service Records,Official Military Personnel File,Which OMPF field code covers training and education documents such as college transcripts and correspondence course completion certificates?,05,04,03,06,A,MILPERSMAN 1070-020,Whole MILPERSMAN.pdf,https://www.mynavyhr.navy.mil/References/MILPERSMAN/,351,"CH-87, 18 Apr 2024","05 Training and education (e.g., tuition assistance forms, college transcripts, diplomas, language proficiency, Military Service schools, and correspondence course completion certificates)",PASS,"Found on stated page. | OFF-BIB: article not on the Jan 2027 bibliography; kept, may return on a later BIB.",PASS,
ADV244,PS,E-6,Separations & Retirement Processing,Separations & Retirement,Separation Package Submission,"How far in advance of the separation date must a complete, actionable separation package be submitted to TSC Norfolk?",10 to 12 months,2 to 4 months,30 to 60 days,5 to 9 months,D,MILPERSMAN 1900-015,Whole MILPERSMAN.pdf,https://www.mynavyhr.navy.mil/References/MILPERSMAN/,3135,"CH-93, 01 Oct 2025","Complete, actionable separation packages will be submitted to Transaction Service Center (TSC) Norfolk 5 to 9 months prior to the separation dates.",PASS,"Found on stated page. | OFF-BIB: article not on the Jan 2027 bibliography; kept, may return on a later BIB.",PASS,
ADV245,PS,E-6,Separations & Retirement Processing,Separations & Retirement,Separation Package Submission,No less than how many days prior to the start of a member's separation date must required key supporting documents be submitted?,60 days,180 days,90 days,120 days,D,MILPERSMAN 1900-015,Whole MILPERSMAN.pdf,https://www.mynavyhr.navy.mil/References/MILPERSMAN/,3135,"CH-93, 01 Oct 2025",required key supporting documents (KSD) must be submitted no less than 120 days prior to the start of a Service member's separation date,PASS,"Found on stated page. | OFF-BIB: article not on the Jan 2027 bibliography; kept, may return on a later BIB.",PASS,
ADV246,PS,E-6,Separations & Retirement Processing,Separations & Retirement,Separation Package Submission,How early may retirement orders be issued relative to the approved separation date?,3 months,6 months,9 months,12 months,C,MILPERSMAN 1900-015,Whole MILPERSMAN.pdf,https://www.mynavyhr.navy.mil/References/MILPERSMAN/,3136,"CH-93, 01 Oct 2025","Per MILPERSMAN 1800-020, retirement orders may be issued as early as 9 months prior to the approved separation date.",PASS,"Found on stated page. | OFF-BIB: article not on the Jan 2027 bibliography; kept, may return on a later BIB.",PASS,
ADV247,PS,E-6,Separations & Retirement Processing,Separations & Retirement,Separation Package Submission,Which checklist does a CPPA use to submit key supporting documents for a Fleet Reserve or retirement package?,NPPSC 1800/1,DD 214 worksheet,NPPSC 1900/2,NAVPERS 1070/613,A,MILPERSMAN 1900-015,Whole MILPERSMAN.pdf,https://www.mynavyhr.navy.mil/References/MILPERSMAN/,3136,"CH-93, 01 Oct 2025","the command pay and personnel administrator (CPPA) must submit required KSDs to TSC Norfolk per NPPSC 1900/2 NPPSC Separations Checklist or NPPSC 1800/1 NPPSC Fleet Reserve/Retirement Checklist, as appropriate.",PASS,"Found on stated page. | OFF-BIB: article not on the Jan 2027 bibliography; kept, may return on a later BIB.",PASS,
ADV248,PS,E-5,Separations & Retirement Processing,Separations & Retirement,Separation Package Submission,Where may a Service member retrieve their retirement approval message?,From the command CPPA only,Through BUPERS Online only,Through NSIPS member self-service under Retirements and Separations,By written request to PERS-832,C,MILPERSMAN 1900-015,Whole MILPERSMAN.pdf,https://www.mynavyhr.navy.mil/References/MILPERSMAN/,3136,"CH-93, 01 Oct 2025",Service members may retrieve their retirement approval messages through the Navy Standard Integrated Personnel System (NSIPS) member self-service user role by navigating to Employee Self Service > Retirements and Separations > Request Home > View Request,PASS,"Found on stated page. | OFF-BIB: article not on the Jan 2027 bibliography; kept, may return on a later BIB.",PASS,
ADV249,PS,E-6,Separations & Retirement Processing,Separations & Retirement,ADSEP Policy,Which office is responsible for enlisted administrative separation policy?,NAVPERSCOM (PERS-832),NAVPERSCOM (PERS-913),MyNavy Career Center,NAVPERSCOM (PERS-803),A,MILPERSMAN 1910-010,Whole MILPERSMAN.pdf,https://www.mynavyhr.navy.mil/References/MILPERSMAN/,3177,"CH-69, 18 Oct 2019",MILPERSMAN 1910-010 ENLISTED ADMINISTRATIVE SEPARATION (ADSEP) POLICY AND GENERAL INFORMATION Responsible NAVPERSCOM Phone: Toll Free 1-833-330-6622 Office (PERS-832),PASS,Found on stated page.,PASS,
ADV250,PS,E-6,Separations & Retirement Processing,Separations & Retirement,ADSEP Policy,What may be recouped when a member's service is administratively terminated before completing an obligation for which a bonus was paid?,"Money expended for paid bonuses and education and training funds, pro rata",Only the unearned portion of basic pay,Only travel entitlements,Nothing may be recouped,A,MILPERSMAN 1910-010,Whole MILPERSMAN.pdf,https://www.mynavyhr.navy.mil/References/MILPERSMAN/,3178,"CH-69, 18 Oct 2019","Recoup, pro rata, money expended for paid bonuses and or education and training funds paid to a Service member in return for extending a service obligation, when that service is administratively terminated prior to successful comp",PASS,Found on stated page.,PASS,
ADV251,PS,E-6,Separations & Retirement Processing,Separations & Retirement,Reasons for Separation,"Under MILPERSMAN 1910-100, separation for expiration of active obligated service is classified as which type of reason?",Other,Voluntary,Involuntary,Punitive,B,MILPERSMAN 1910-100,Whole MILPERSMAN.pdf,https://www.mynavyhr.navy.mil/References/MILPERSMAN/,3187,"CH-86, 8 Mar 2024",1. Voluntary Reasons. The following table lists reasons for administrative separation (ADSEP) that are considered voluntary. (Convenience of the Government (COG) is referred.) Reason See MPM COG – Conscientious objection 1900-020 COG – Surviving family member 1900-030 COG - Medical condition not amounting to a 1900-120 disability Selected changes in service obligation (active duty) 1910-102 Expiration of active obligated service 1910-104,PASS,"Found on stated page. | OFF-BIB: article not on the Jan 2027 bibliography; kept, may return on a later BIB.",PASS,
ADV252,PS,E-6,Separations & Retirement Processing,Separations & Retirement,Reasons for Separation,Which MILPERSMAN article covers separation for convenience of the Government due to hardship?,1910-108,1910-112,1910-110,1910-118,C,MILPERSMAN 1910-100,Whole MILPERSMAN.pdf,https://www.mynavyhr.navy.mil/References/MILPERSMAN/,3187,"CH-86, 8 Mar 2024",COG - Early release to further education 1910-108 COG - Hardship 1910-110 COG - Pregnancy 1910-112,PASS,"Found on stated page. | OFF-BIB: article not on the Jan 2027 bibliography; kept, may return on a later BIB.",PASS,
ADV253,PS,E-6,Separations & Retirement Processing,Separations & Retirement,Reasons for Separation,Which MILPERSMAN article covers separation for misuse of drugs?,1910-144,1910-146,1910-138,1910-142,B,MILPERSMAN 1910-100,Whole MILPERSMAN.pdf,https://www.mynavyhr.navy.mil/References/MILPERSMAN/,3188,"CH-86, 8 Mar 2024",Misconduct - Commission of a serious offense 1910-142 Misconduct - Civilian conviction 1910-144 Misconduct - Drug misuse 1910-146,PASS,"Found on stated page. | OFF-BIB: article not on the Jan 2027 bibliography; kept, may return on a later BIB.",PASS,
ADV254,PS,E-6,Separations & Retirement Processing,Separations & Retirement,Reasons for Separation,Which MILPERSMAN article covers separation for unsatisfactory participation in the Ready Reserve?,1910-158,1910-160,1910-157,1910-156,A,MILPERSMAN 1910-100,Whole MILPERSMAN.pdf,https://www.mynavyhr.navy.mil/References/MILPERSMAN/,3188,"CH-86, 8 Mar 2024",Unsatisfactory performance 1910-156 Failure to maintain security clearance 1910-157 Unsatisfactory participation in the Ready Reserve 1910-158,PASS,"Found on stated page. | OFF-BIB: article not on the Jan 2027 bibliography; kept, may return on a later BIB.",PASS,
ADV255,PS,E-6,Separations & Retirement Processing,Separations & Retirement,Characterization of Service,How are all general discharges characterized?,Under honorable conditions,Under other than honorable conditions,As entry level separations,Under conditions to be determined by the board,A,MILPERSMAN 1910-104,Whole MILPERSMAN.pdf,https://www.mynavyhr.navy.mil/References/MILPERSMAN/,3197,"CH-83, 03 May 2023",All general discharges are “under honorable conditions” and the individual receiving such a discharge receives most of the same entitlements as those separating with an honorable discharge.,PASS,"Found on stated page. | OFF-BIB: article not on the Jan 2027 bibliography; kept, may return on a later BIB.",PASS,
ADV256,PS,E-6,Separations & Retirement Processing,Separations & Retirement,Characterization of Service,What distinguishes a general discharge from an honorable discharge?,The member served less than 24 months,The member was convicted at court-martial,The member separated before EAOS,The member did not maintain the minimum acceptable standards of performance and conduct required for an honorable discharge,D,MILPERSMAN 1910-104,Whole MILPERSMAN.pdf,https://www.mynavyhr.navy.mil/References/MILPERSMAN/,3197,"CH-83, 03 May 2023",The only difference is he or she did not maintain the minimum acceptable standards of performance and conduct required for an honorable discharge.,PASS,"Found on stated page. | OFF-BIB: article not on the Jan 2027 bibliography; kept, may return on a later BIB.",PASS,
ADV257,PS,E-6,Separations & Retirement Processing,Separations & Retirement,Characterization of Service,Which SPD code applies to a Service member-initiated discharge allowed by established directive upon completion of required active service?,JBK,MBK,LBK,KBK,D,MILPERSMAN 1910-104,Whole MILPERSMAN.pdf,https://www.mynavyhr.navy.mil/References/MILPERSMAN/,3197,"CH-83, 03 May 2023",JBK Service-initiated discharge directed by established directive upon completion of required active service KBK Service member-initiated discharge allowed by established directive upon completion of required active service,PASS,"Found on stated page. | OFF-BIB: article not on the Jan 2027 bibliography; kept, may return on a later BIB.",PASS,
ADV258,PS,E-5,Separations & Retirement Processing,Separations & Retirement,Early Separation for Education,Which members are NOT eligible for early separation to further their education?,Members in pay grade E-5 and above,Members with dependents,Members with more than 4 years of service,Members whose services are essential to their commands' mission,D,MILPERSMAN 1910-108,Whole MILPERSMAN.pdf,https://www.mynavyhr.navy.mil/References/MILPERSMAN/,3204,"CH-71, 6 Jun 2020","Who is Not Eligible. Service members: a. whose services are essential to their commands' mission,",PASS,"Found on stated page. | OFF-BIB: article not on the Jan 2027 bibliography; kept, may return on a later BIB.",PASS,
ADV259,PS,E-5,Separations & Retirement Processing,Separations & Retirement,Early Separation for Education,A member has transferred Post 9/11 GI Bill benefits and the dependents have already used them. What is the member's eligibility for voluntary separation?,Eligible after revoking transferability,Not eligible for voluntary separation,Eligible only at EAOS,Eligible with CO approval,B,MILPERSMAN 1910-108,Whole MILPERSMAN.pdf,https://www.mynavyhr.navy.mil/References/MILPERSMAN/,3204,"CH-71, 6 Jun 2020","Service members, whose dependents have already used Post 9/11 GI Bill benefits transferred from them, are not eligible for voluntary separation.",PASS,"Found on stated page. | OFF-BIB: article not on the Jan 2027 bibliography; kept, may return on a later BIB.",PASS,
ADV260,PS,E-6,Customer Service Management & Processing,Service Records,Enlisted Official Military Personnel File,In which system is the enlisted OMPF maintained?,Electronic Military Personnel Records System,EMF,NSIPS,BUPERS Online,A,MILPERSMAN 1070-080,Whole MILPERSMAN.pdf,https://www.mynavyhr.navy.mil/References/MILPERSMAN/,359,"CH-87, 26 Jun 2024",The OMPF is maintained in the Electronic Military Personnel Records System (EMPRS) at Navy Personnel Command (NAVPERSCOM).,PASS,Found on stated page.,PASS,
ADV261,PS,E-6,Customer Service Management & Processing,Service Records,Enlisted Official Military Personnel File,How are personnel records designated for information security purposes?,Confidential,"For Official Use Only, Secret",Controlled Unclassified Information,Unclassified,C,MILPERSMAN 1070-080,Whole MILPERSMAN.pdf,https://www.mynavyhr.navy.mil/References/MILPERSMAN/,359,"CH-87, 26 Jun 2024","Personnel records are designated “Controlled Unclassified Information (CUI),” and information will be disclosed from these official MHRR only as authorized by references (c) and (d).",PASS,Found on stated page.,PASS,
ADV262,PS,E-5,Customer Service Management & Processing,Service Records,Enlisted Official Military Personnel File,Who owns the military human resource records in a member's OMPF?,The member concerned,Navy Personnel Command jointly with the member,The command of record,The United States Government,D,MILPERSMAN 1070-080,Whole MILPERSMAN.pdf,https://www.mynavyhr.navy.mil/References/MILPERSMAN/,359,"CH-87, 26 Jun 2024",MHRR are the property of the United States Government and not of the member concerned.,PASS,Found on stated page.,PASS,
ADV263,PS,O-1,Customer Service Management & Processing,Service Records,Officer Permanent Personnel Record,"Which original form, once signed and witnessed, is forwarded to PERS-806 or PERS-911 along with the officer's appointment documents?",NAVPERS 1000/4 Officer Appointment Acceptance and Oath of Office,DD 368,NAVPERS 1070/613,NAVPERS 1200/1,A,MILPERSMAN 1070-030,Whole MILPERSMAN.pdf,https://www.mynavyhr.navy.mil/References/MILPERSMAN/,356,"CH-86, 27 Mar 2024","The activity that delivers the officer appointment will forward documents listed below to Navy Personnel Command (NAVPERSCOM) Officer Accessions and Promotions Branch (PERS-806) for active duty officers or NAVPERSCOM Reserve Officer Status Branch (PERS-911) for reserve officers with the ""original"" NAVPERS 1000/4 Officer Appointment Acceptance and Oath of Office after it is signed and witnessed.",PASS,"Found on stated page. | OFF-BIB: article not on the Jan 2027 bibliography; kept, may return on a later BIB.",PASS,Outside review flagged WEAK_PROOF; question rewritten to match what the quote actually establishes about the form's routing.
ADV264,PS,O-1,Customer Service Management & Processing,Service Records,Officer Permanent Personnel Record,Is an officer record created for a midshipman who is disenrolled from training and not commissioned?,No,Only if they enlist afterward,Yes,Only for NROTC midshipmen,A,MILPERSMAN 1070-030,Whole MILPERSMAN.pdf,https://www.mynavyhr.navy.mil/References/MILPERSMAN/,356,"CH-86, 27 Mar 2024",An officer record will not be created for an officer candidate or Naval Academy or Navy Reserve Officer Training Corps (NROTC) midshipman who is disenrolled from training and not commissioned.,PASS,"Found on stated page. | OFF-BIB: article not on the Jan 2027 bibliography; kept, may return on a later BIB.",PASS,
ADV265,PS,E-6,Transfers Management & Processing,Orders,Types of Orders,Who issues and approves orders for naval personnel?,"COMNAVPERSCOM, or commands authorized by COMNAVPERSCOM",The Chief of Naval Operations,The member's commanding officer,The Secretary of the Navy,A,MILPERSMAN 1320-300,Whole MILPERSMAN.pdf,https://www.mynavyhr.navy.mil/References/MILPERSMAN/,2390,"CH-49, 25 Jul 2014","Orders for naval personnel are issued and approved by Commander, Navy Personnel Command (COMNAVPERSCOM), or commands authorized by COMNAVPERSCOM.",PASS,Found on stated page.,PASS,
ADV266,PS,E-6,Transfers Management & Processing,Orders,Types of Orders,Who alone can delegate authority to field commands to issue orders?,COMNAVPERSCOM,The type commander,OPNAV N13,Any commanding officer,A,MILPERSMAN 1320-300,Whole MILPERSMAN.pdf,https://www.mynavyhr.navy.mil/References/MILPERSMAN/,2390,"CH-49, 25 Jul 2014",Only COMNAVPERSCOM can delegate authority to field commands to issue orders and such authority is limited to specific types of orders.,PASS,Found on stated page.,PASS,
ADV267,PS,E-6,Transfers Management & Processing,Orders,Types of Orders,"What must not be done retroactively to create, deny, or change an allowance?",Issue a PCS order,Deliver an order,Revoke or modify an order,Endorse an order,C,MILPERSMAN 1320-300,Whole MILPERSMAN.pdf,https://www.mynavyhr.navy.mil/References/MILPERSMAN/,2390,"CH-49, 25 Jul 2014",Note: An order must not be revoked or modified retroactively to create/deny/change an allowance.,PASS,Found on stated page.,PASS,
ADV268,PS,E-6,Transfers Management & Processing,Orders,Types of Orders,Assignment to a course of instruction at one PDS is treated as a PCS when the course lasts at least how long?,90 days,10 weeks,20 weeks,6 months,C,MILPERSMAN 1320-300,Whole MILPERSMAN.pdf,https://www.mynavyhr.navy.mil/References/MILPERSMAN/,2392,"CH-49, 25 Jul 2014","a. PCS orders include the following: (1) Change in homeport of a vessel, afloat staff, or mobile unit. (2) Change in PDS of shore based command. (3) Change from home or place from which called or ordered to active duty to the first PDS. (4) Change from last PDS to home. (5) Assignment to course(s) of instruction at one PDS for 20 weeks or more",PASS,Found on stated page.,PASS,
ADV269,PS,E-6,Transfers Management & Processing,Orders,Types of Orders,A change of PDS is a low cost PCS move when the PCS costs do not exceed how much?,"$1,000","$2,500","$5,000",$500,A,MILPERSMAN 1320-300,Whole MILPERSMAN.pdf,https://www.mynavyhr.navy.mil/References/MILPERSMAN/,2393,"CH-49, 25 Jul 2014",c. Cost or Low Cost. PCS orders may be either cost or low cost moves. (1) A cost PCS move is considered a change of PDS for which the PCS costs exceed $1000. This type of move always requires the follow-on assignment of full DoD or SECNAV prescribed tour length (as applicable). (2) A low cost PCS move is any change of PDS for which the PCS costs do not exceed $1000.,PASS,Found on stated page.,PASS,
ADV270,PS,E-6,Transfers Management & Processing,Orders,Types of Orders,What does a cost PCS move always require?,Reenlistment or extension,A second dislocation allowance,A NATO supplemental travel order,Follow-on assignment of the full prescribed tour length,D,MILPERSMAN 1320-300,Whole MILPERSMAN.pdf,https://www.mynavyhr.navy.mil/References/MILPERSMAN/,2393,"CH-49, 25 Jul 2014",c. Cost or Low Cost. PCS orders may be either cost or low cost moves. (1) A cost PCS move is considered a change of PDS for which the PCS costs exceed $1000. This type of move always requires the follow-on assignment of full DoD or SECNAV prescribed tour length (as applicable). (2) A low cost PCS move is any change of PDS for which the PCS costs do not exceed $1000.,PASS,Found on stated page.,PASS,
ADV271,PS,E-6,Transfers Management & Processing,Orders,Types of Orders,What is a permanent change of activity (PCA)?,A change in homeport of a vessel,A low cost move between two PDSs,A temporary assignment of 180 days or less,A no-cost assignment from one UIC to another UIC within the same PDS,D,MILPERSMAN 1320-300,Whole MILPERSMAN.pdf,https://www.mynavyhr.navy.mil/References/MILPERSMAN/,2393,"CH-49, 25 Jul 2014","5. Permanent Change of Activity (PCA) Orders. PCAs are any no-cost (zero cost) assignment, detail, or transfer of a member from one UIC to another UIC within the same PDS",PASS,Found on stated page.,PASS,
ADV272,PS,E-6,Transfers Management & Processing,Orders,Types of Orders,TEMDU orders temporarily assign a member for periods not in excess of how many consecutive days?,180,90,365,140,A,MILPERSMAN 1320-300,Whole MILPERSMAN.pdf,https://www.mynavyhr.navy.mil/References/MILPERSMAN/,2394,"CH-49, 25 Jul 2014","6. TEMDU Travel Orders a. TEMDU orders temporarily assign a member, in addition to present duties, for periods not in excess of 180 consecutive days. Upon completion of the TEMDU assignment, the member is directed to resume regular duty.",PASS,Found on stated page.,PASS,
ADV273,PS,E-6,Transfers Management & Processing,Orders,Types of Orders,Which form is used for TEMDU orders?,"NAVPERS 1070/613, Administrative Remarks","DD 1172-2, Application for Identification Card","DD 1610, Request and Authorization for TEMDU Travel of DOD Personnel","NAVPERS 1320/16, Temporary Additional Duty Travel Orders",D,MILPERSMAN 1320-300,Whole MILPERSMAN.pdf,https://www.mynavyhr.navy.mil/References/MILPERSMAN/,2394,"CH-49, 25 Jul 2014",b. NAVPERS 1320/16 Temporary Additional Duty Travel Orders will be used for TEMDU. Navy order-writing activities will refrain from using DD 1610 Request and Authorization for TEMDU Travel of DOD Personnel when issuing TEMDU orders.,PASS,Found on stated page.,PASS,
ADV274,PS,E-6,Transfers Management & Processing,Orders,Types of Orders,Which official is among those authorized to approve TEMDU in excess of 180 consecutive days at any one location?,The Chief of Naval Personnel,"Commander, Navy Installations Command",The member's commanding officer,The Master Chief Petty Officer of the Navy,A,MILPERSMAN 1320-300,Whole MILPERSMAN.pdf,https://www.mynavyhr.navy.mil/References/MILPERSMAN/,2394,"CH-49, 25 Jul 2014",The appropriate authority for authorizing/approving TEMDU assignments in excess of 180 consecutive days at any one location is: (1) The secretary concerned (Secretary of the Navy); (2) The chief of an appropriate bureau/staff agency specifically designated for that purpose (Chief of Naval Personnel); or (3) Commander/deputy commander of a combatant command.,PASS,Found on stated page.,PASS,
ADV275,PS,E-6,Transfers Management & Processing,Orders,Types of Orders,"For training courses of 20 weeks or more, what is the training location considered to be?",A homeport,The member's permanent duty station,A TEMDU station,A permanent change of activity site,B,MILPERSMAN 1320-300,Whole MILPERSMAN.pdf,https://www.mynavyhr.navy.mil/References/MILPERSMAN/,2394,"CH-49, 25 Jul 2014",7. PCS Status for Training Courses of 20 Weeks or More. Personnel are ordered to training as a PCS. Training location is considered the member’s permanent duty station.,PASS,Found on stated page.,PASS,
ADV276,PS,E-6,Transfers Management & Processing,Orders,Types of Orders,How many days equal the 20-week limit for TEMDU under instruction?,120,180,90,140,D,MILPERSMAN 1320-300,Whole MILPERSMAN.pdf,https://www.mynavyhr.navy.mil/References/MILPERSMAN/,2394,"CH-49, 25 Jul 2014","8. TEMDU Under Instruction Less Than 140 Days (20 weeks). Orders, including a school or installation scheduled en route for less than 20 weeks, constitute a temporary assignment.",PASS,Found on stated page.,PASS,
ADV277,PS,E-6,Transfers Management & Processing,Orders,Types of Orders,Which accounting category code is assigned to members who will begin entry-level training within 90 days of enlistment and are placed in TEMDU before that training?,ACC 380,ACC 150,ACC 353,ACC 108,B,MILPERSMAN 1320-300,Whole MILPERSMAN.pdf,https://www.mynavyhr.navy.mil/References/MILPERSMAN/,2396,"CH-49, 25 Jul 2014",Members who will begin entry-level training within 90 days of enlistment will be assigned TEMDU (ACC 150) prior to the training.,PASS,Found on stated page.,PASS,
ADV278,PS,E-6,Transfers Management & Processing,Orders,Types of Orders,An enlisted member has a break of more than 10 days and less than 90 days between courses of instruction during a BUPERS-directed PCS transfer. Which accounting category code may be used?,ACC 320,ACC 353,ACC 341,ACC 350,B,MILPERSMAN 1320-300,Whole MILPERSMAN.pdf,https://www.mynavyhr.navy.mil/References/MILPERSMAN/,2396,"CH-49, 25 Jul 2014","11. TEMDU During Training Delays in Conjunction with PCS Orders (enlisted only). Enlisted members who will have breaks of greater than 10 days and less than 90 days between courses of instruction during BUPERS directed PCS transfers, may be assigned TEMDU due to delay (ACC 353) as follows:",PASS,Found on stated page.,PASS,
ADV279,PS,E-7,Transfers Management & Processing,Orders,Types of Orders,Which accounting category code is used for a member who has been declared a deserter?,ACC 101,ACC 390,ACC 351,ACC 109,D,MILPERSMAN 1320-300,Whole MILPERSMAN.pdf,https://www.mynavyhr.navy.mil/References/MILPERSMAN/,2400,"CH-49, 25 Jul 2014","109 Declared Deserter. NAVPERSCOM, Career PERS-832 Progression Department (PERS-8) is notified by PERSUPP DET or admin unit that member has been declared a deserter.",PASS,Found on stated page.,PASS,
ADV280,PS,E-7,Transfers Management & Processing,Orders,Types of Orders,Which accounting category code is used when a member has failed to report for duty?,ACC 109,ACC 351,ACC 100,ACC 101,D,MILPERSMAN 1320-300,Whole MILPERSMAN.pdf,https://www.mynavyhr.navy.mil/References/MILPERSMAN/,2399,"CH-49, 25 Jul 2014","101 Failed to Report for Duty. NAVPERSCOM, Career PERS-832 Progression Department (PERS-8) is notified by PERSUPP DET or admin unit that member has failed to report.",PASS,Found on stated page.,PASS,
ADV281,PS,E-7,Transfers Management & Processing,Orders,Types of Orders,A member is assigned TEMDU for separation processing (ACC 380). No more than how many days of per diem is the member entitled to at the separation activity?,14 days,3 days,7 days,10 days,C,MILPERSMAN 1320-300,Whole MILPERSMAN.pdf,https://www.mynavyhr.navy.mil/References/MILPERSMAN/,2403,"CH-49, 25 Jul 2014","380 TEMDU For Separation Processing. Member assigned PERS-8 at designated separation activity pending separation processing under orders for resignation, discharge, separation, release from active duty, or retirement. Member is entitled to no more than 7 days per diem at the designated separation activity.",PASS,Found on stated page.,PASS,
ADV282,PS,E-7,Transfers Management & Processing,Orders,Types of Orders,"ACC 371, TEMDU under treatment for extended outpatient treatment, cannot be extended over how many days?",30,90,180,60,D,MILPERSMAN 1320-300,Whole MILPERSMAN.pdf,https://www.mynavyhr.navy.mil/References/MILPERSMAN/,2397,"CH-49, 25 Jul 2014","Note: Per reference (c), ACC 371 cannot be extended over 60 days. If medical treatment is required past 60 days, refer to NAVPERSCOM, Deployability Assessment Office (PERS-454).",PASS,Found on stated page.,PASS,
ADV283,PS,E-6,Transfers Management & Processing,Enlisted Distribution,Time on Station,"When all other factors are equal, what is the primary consideration in selecting Service members for reassignment?",Time on station (TOS),Time in rate,Advancement exam score,Projected rotation date,A,MILPERSMAN 1306-106,Whole MILPERSMAN.pdf,https://www.mynavyhr.navy.mil/References/MILPERSMAN/,1615,"CH-67, 4 May 2019","b. When all other factors are equal, TOS is the primary consideration in selecting Service members for reassignment.",PASS,Found on stated page.,PASS,
ADV284,PS,E-6,Transfers Management & Processing,Enlisted Distribution,Time on Station,What is the TOS requirement for all assignments within CONUS?,12 months,48 months,36 months,24 months,C,MILPERSMAN 1306-106,Whole MILPERSMAN.pdf,https://www.mynavyhr.navy.mil/References/MILPERSMAN/,1616,"CH-67, 4 May 2019","c. The TOS requirement for all assignments within CONUS is 36 months. The TOS requirement for overseas assignments is the applicable (unaccompanied or accompanied) Department of Defense (DoD) area tour for overseas locations listed in reference (c), and on the DoD Web site, or the specified overseas sea duty tour length as defined in MILPERSMAN 1300-308 for enlisted.",PASS,Found on stated page.,PASS,
ADV285,PS,E-6,Transfers Management & Processing,Enlisted Distribution,Time on Station,What is the TOS requirement for overseas assignments?,18 months,"The applicable DoD area tour, or the specified overseas sea duty tour length",24 months,36 months,B,MILPERSMAN 1306-106,Whole MILPERSMAN.pdf,https://www.mynavyhr.navy.mil/References/MILPERSMAN/,1616,"CH-67, 4 May 2019","c. The TOS requirement for all assignments within CONUS is 36 months. The TOS requirement for overseas assignments is the applicable (unaccompanied or accompanied) Department of Defense (DoD) area tour for overseas locations listed in reference (c), and on the DoD Web site, or the specified overseas sea duty tour length as defined in MILPERSMAN 1300-308 for enlisted.",PASS,Found on stated page.,PASS,
ADV286,PS,E-6,Transfers Management & Processing,Enlisted Distribution,Time on Station,"A Sailor transfers from a command in Norfolk, VA to a command in Little Creek, VA before completing a 36-month tour. Is the TOS requirement normally fulfilled?","No, because any PCS transfer breaks TOS","Yes, because the commands are in the same geographic area","Yes, but only with a Secretary of the Navy finding","No, because a full 36 months is always required",B,MILPERSMAN 1306-106,Whole MILPERSMAN.pdf,https://www.mynavyhr.navy.mil/References/MILPERSMAN/,1616,"CH-67, 4 May 2019","(1) A PCS transfer before completing a 36-month tour from a command in Norfolk, VA to a command in Little Creek, VA would normally fulfill the TOS requirement because the commands are in the same geographic area. A transfer from Arlington, VA to Norfolk, VA before completing 36 months on board would violate the TOS requirement because the commands are not considered to be in the same geographic area.",PASS,Found on stated page.,PASS,
ADV287,PS,E-6,Transfers Management & Processing,Enlisted Distribution,Time on Station,How is TOS in CONUS computed?,Inclusively from the month of arrival to the month of departure,From the date of orders to the date of detachment,From the first full month after arrival to the month before departure,"From the date of arrival to the date of departure, excluding leave",A,MILPERSMAN 1306-106,Whole MILPERSMAN.pdf,https://www.mynavyhr.navy.mil/References/MILPERSMAN/,1616,"CH-67, 4 May 2019","d. TOS in CONUS is computed inclusively from the month of arrival to the month of departure. TOS overseas is computed from the date of departure from CONUS to the date of return to CONUS, excluding authorized leave en route.",PASS,Found on stated page.,PASS,
ADV288,PS,E-6,Transfers Management & Processing,Enlisted Distribution,Time on Station,How is TOS overseas computed?,From the month of arrival overseas to the month of departure overseas,"From the date of departure from CONUS to the date of return, including all leave",From the date of orders to the date of arrival overseas,"From the date of departure from CONUS to the date of return to CONUS, excluding authorized leave en route",D,MILPERSMAN 1306-106,Whole MILPERSMAN.pdf,https://www.mynavyhr.navy.mil/References/MILPERSMAN/,1616,"CH-67, 4 May 2019","d. TOS in CONUS is computed inclusively from the month of arrival to the month of departure. TOS overseas is computed from the date of departure from CONUS to the date of return to CONUS, excluding authorized leave en route.",PASS,Found on stated page.,PASS,
ADV289,PS,E-6,Transfers Management & Processing,Enlisted Distribution,Time on Station,Which office may grant a waiver allowing a Service member to be reassigned before completing the minimum TOS requirement?,The type commander,NAVPERSCOM (PERS-4),The receiving commanding officer,The transferring commanding officer,B,MILPERSMAN 1306-106,Whole MILPERSMAN.pdf,https://www.mynavyhr.navy.mil/References/MILPERSMAN/,1616,"CH-67, 4 May 2019",e. Service members may be reassigned before completing the minimum TOS requirement under certain circumstances. TOS waivers may be granted on a case basis by NAVPERSCOM (PERS-4).,PASS,Found on stated page.,PASS,
ADV290,PS,E-6,Transfers Management & Processing,Enlisted Distribution,Time on Station,"In the case of two PCS transfers within the same fiscal year, what may be required for payment of a second dislocation allowance (DLA)?",A Secretary of the Navy finding,A CNO waiver,A PERS-40 waiver,A commanding officer's endorsement,A,MILPERSMAN 1306-106,Whole MILPERSMAN.pdf,https://www.mynavyhr.navy.mil/References/MILPERSMAN/,1616,"CH-67, 4 May 2019","f. In the case of two PCS transfers within the same fiscal year, a Secretary of the Navy finding may be required for payment of a second dislocation allowance (DLA). See MILPERSMAN 1300-400.",PASS,Found on stated page.,PASS,
ADV291,PS,E-6,Transfers Management & Processing,Enlisted Distribution,Time on Station,A Sailor is permitted to retrain into a new specialty and location in conjunction with reenlistment. How much TOS is required prior to transfer?,6 months,24 months,36 months,12 months,D,MILPERSMAN 1306-106,Whole MILPERSMAN.pdf,https://www.mynavyhr.navy.mil/References/MILPERSMAN/,1617,"CH-67, 4 May 2019","(6) Permitted the option to retrain into a new specialty and location in conjunction with reenlistment; requires 12 months TOS prior to transfer,",PASS,Found on stated page.,PASS,
ADV292,PS,E-6,Transfers Management & Processing,Enlisted Distribution,Time on Station,A Sailor selects another location under the program to keep military couples together (spouse co-location). How much TOS is required prior to transfer?,24 months,12 months,36 months,6 months,B,MILPERSMAN 1306-106,Whole MILPERSMAN.pdf,https://www.mynavyhr.navy.mil/References/MILPERSMAN/,1617,"CH-67, 4 May 2019","(7) Permitted the option to select another location in conjunction with an established program to keep military couples together (spouse co-location per MILPERSMAN 1300-1000); requires 12 months TOS prior to transfer,",PASS,Found on stated page.,PASS,
ADV293,PS,E-6,Transfers Management & Processing,Enlisted Distribution,Time on Station,Which statement about low cost moves (LCMs) is correct?,LCMs are curtailments that require a flag officer waiver,LCMs require retainability beyond the original tour completion date,LCMs are not curtailments and do not require general or flag officer TOS waivers,LCMs require a Secretary of the Navy finding,C,MILPERSMAN 1306-106,Whole MILPERSMAN.pdf,https://www.mynavyhr.navy.mil/References/MILPERSMAN/,1618,"CH-67, 4 May 2019","Note: LCMs are not curtailments and do not require general or flag officer waivers of TOS that are required for other moves. It is not necessary to adjust the Service member’s original tour completion date, nor for the Service member to have retainability beyond the original tour completion date.",PASS,Found on stated page.,PASS,
ADV294,PS,E-6,Transfers Management & Processing,Enlisted Distribution,OBLISERV for Transfer,What is retainability?,The maximum obligated service a member may incur,The minimum active OBLISERV a Service member must have upon arrival at a new duty station after a PCS transfer,The amount of leave a member must have upon arrival at a new duty station,The time remaining until a member's end of active obligated service,B,MILPERSMAN 1306-106,Whole MILPERSMAN.pdf,https://www.mynavyhr.navy.mil/References/MILPERSMAN/,1619,"CH-67, 4 May 2019","Retainability is the minimum amount of active OBLISERV a Service member must have upon arrival at a new duty station after a PCS transfer, both in CONUS and overseas.",PASS,Found on stated page.,PASS,
ADV295,PS,E-6,Transfers Management & Processing,Enlisted Distribution,OBLISERV for Transfer,Which office may grant waivers of OBLISERV requirements on a case basis?,The immediate superior in command,"NAVPERSCOM, Career Progression Department (PERS-8)","NAVPERSCOM, Enlisted Distribution Division (PERS-40)",The transferring commanding officer,C,MILPERSMAN 1306-106,Whole MILPERSMAN.pdf,https://www.mynavyhr.navy.mil/References/MILPERSMAN/,1619,"CH-67, 4 May 2019","a. OBLISERV is required before reassignment to ensure Service members complete the prescribed tour. Waivers of OBLISERV requirements may be granted on a case basis by NAVPERSCOM, Enlisted Distribution Division (PERS-40).",PASS,Found on stated page.,PASS,
ADV296,PS,E-6,Transfers Management & Processing,Enlisted Distribution,OBLISERV for Transfer,What happens to the record of a Service member who refuses to incur the OBLISERV directed in their orders?,The member is processed for administrative separation,Nothing; the transfer proceeds with no consequence,The record is flagged per MILPERSMAN 1306-125,The orders are automatically canceled,C,MILPERSMAN 1306-106,Whole MILPERSMAN.pdf,https://www.mynavyhr.navy.mil/References/MILPERSMAN/,1620,"CH-67, 4 May 2019",d. Personnel who refuse to incur the OBLISERV directed in their orders will have their record flagged per MILPERSMAN 1306-125.,PASS,Found on stated page.,PASS,
ADV297,PS,E-6,Transfers Management & Processing,Enlisted Distribution,OBLISERV for Transfer,"For a Service member directed to use C-WAY, what results from the record flag for refusing to incur the OBLISERV directed in their orders?",A waiver of the OBLISERV requirement,Automatic approval of a C-WAY reenlistment application,Forfeiture of their C-WAY reenlistment application approval quota,Extension of their projected rotation date,C,MILPERSMAN 1306-106,Whole MILPERSMAN.pdf,https://www.mynavyhr.navy.mil/References/MILPERSMAN/,1620,"CH-67, 4 May 2019","For Service members directed to use Career Waypoints (C-WAY), this record flag will result in forfeiture of their C-WAY reenlistment application approval quota, and they will be coded as “Intends to Separate” in C-WAY.",PASS,Found on stated page.,PASS,
ADV298,PS,E-6,Transfers Management & Processing,Enlisted Distribution,OBLISERV for Transfer,How is OBLISERV acquired?,By signing a NAVPERS 1070/613 entry only,By requesting a change to the projected rotation date,By reenlistment or extension of enlistment,By accepting an advancement,C,MILPERSMAN 1306-106,Whole MILPERSMAN.pdf,https://www.mynavyhr.navy.mil/References/MILPERSMAN/,1620,"CH-67, 4 May 2019",e. OBLISERV will be acquired by reenlistment or extension of enlistment.,PASS,Found on stated page.,PASS,
ADV299,PS,E-6,Transfers Management & Processing,Enlisted Distribution,OBLISERV for Transfer,What minimum OBLISERV is required for a transfer from CONUS shore or sea to CONUS shore duty?,2 years,4 years,3 years,1 year,A,MILPERSMAN 1306-106,Whole MILPERSMAN.pdf,https://www.mynavyhr.navy.mil/References/MILPERSMAN/,1620,"CH-67, 4 May 2019",TRANSFER FROM TRANSFER TO OBLISERV CONUS Shore or Sea CONUS Shore Duty 2 Years CONUS Shore CONUS Sea Duty 1 Year Anywhere Overseas OVERSEAS Sea or Shore Duty DOD Area Tour,PASS,Found on stated page.,PASS,
ADV300,PS,E-6,Transfers Management & Processing,Enlisted Distribution,OBLISERV for Transfer,What minimum OBLISERV is required for a transfer from CONUS shore duty to CONUS sea duty?,2 years,3 years,18 months,1 year,D,MILPERSMAN 1306-106,Whole MILPERSMAN.pdf,https://www.mynavyhr.navy.mil/References/MILPERSMAN/,1620,"CH-67, 4 May 2019",TRANSFER FROM TRANSFER TO OBLISERV CONUS Shore or Sea CONUS Shore Duty 2 Years CONUS Shore CONUS Sea Duty 1 Year Anywhere Overseas OVERSEAS Sea or Shore Duty DOD Area Tour,PASS,Found on stated page.,PASS,
ADV301,PS,E-6,Transfers Management & Processing,Enlisted Distribution,OBLISERV for Transfer,What minimum OBLISERV is required for a transfer from anywhere to overseas sea or shore duty?,1 year,The DoD area tour,36 months,2 years,B,MILPERSMAN 1306-106,Whole MILPERSMAN.pdf,https://www.mynavyhr.navy.mil/References/MILPERSMAN/,1620,"CH-67, 4 May 2019",TRANSFER FROM TRANSFER TO OBLISERV CONUS Shore or Sea CONUS Shore Duty 2 Years CONUS Shore CONUS Sea Duty 1 Year Anywhere Overseas OVERSEAS Sea or Shore Duty DOD Area Tour,PASS,Found on stated page.,PASS,
ADV302,PS,E-6,Transfers Management & Processing,Enlisted Distribution,OBLISERV for Transfer,Personnel who have completed how many years of active duty must sign a permanent NAVPERS 1070/613 entry agreeing to remain on active duty to complete the applicable overseas tour?,10 or more,17 or more,20 or more,15 or more,B,MILPERSMAN 1306-106,Whole MILPERSMAN.pdf,https://www.mynavyhr.navy.mil/References/MILPERSMAN/,1621,"CH-67, 4 May 2019","5. Personnel Approaching Fleet Reserve/Retirement Eligibility. Personnel who have completed 17 or more years of active duty, in addition to OBLISERV requirements, must sign a permanent NAVPERS 1070/613 Administrative Remarks entry agreeing to remain on active duty for the period of time required to complete the applicable tour prescribed for the overseas area to which assigned.",PASS,Found on stated page.,PASS,
ADV303,PS,E-6,Transfers Management & Processing,Enlisted Distribution,Type Duty Codes,Into how many types of duty designations are commands classified for the establishment of sea-shore flow?,Five,Three,Four,Six,A,MILPERSMAN 1306-102,Whole MILPERSMAN.pdf,https://www.mynavyhr.navy.mil/References/MILPERSMAN/,1606,"CH-95, 16 Jun 2026","1. Type Duty Classification Codes. Commands are classified into five types of duty designations, which are used for the establishment of sea-shore flow.",PASS,Found on stated page.,PASS,
ADV304,PS,E-6,Transfers Management & Processing,Enlisted Distribution,Type Duty Codes,"Which office assigns and, when required, updates type duty codes?",OPNAV N13,The type commander,The command's commanding officer,NAVPERSCOM Career Management Department (PERS-4),D,MILPERSMAN 1306-102,Whole MILPERSMAN.pdf,https://www.mynavyhr.navy.mil/References/MILPERSMAN/,1606,"CH-95, 16 Jun 2026","b. These codes are assigned and, when required, updated by Navy Personnel Command (NAVPERSCOM) Career Management Department (PERS-4).",PASS,Found on stated page.,PASS,
ADV305,PS,E-6,Transfers Management & Processing,Enlisted Distribution,Type Duty Codes,U.S. land-based activities where members are not required to be absent from the corporate limits of their duty station more than how many days per year are Sea-Shore Type Duty Code 1?,90 days,120 days,150 days,180 days,C,MILPERSMAN 1306-102,Whole MILPERSMAN.pdf,https://www.mynavyhr.navy.mil/References/MILPERSMAN/,1606,"CH-95, 16 Jun 2026","(1) Shore Duty, Sea-Shore Type Duty Code 1 (a) Duty performed in U.S. (including Hawaii and Alaska) land-based activities where members are not required to be absent from the corporate limits of their duty station more than 150 days per year.",PASS,Found on stated page.,PASS,
ADV306,PS,E-6,Transfers Management & Processing,Enlisted Distribution,Type Duty Codes,Which sea-shore type duty code applies to duty performed on commissioned vessels and deployable squadrons homeported within the U.S.?,Type Duty Code 6,Type Duty Code 2,Type Duty Code 1,Type Duty Code 4,B,MILPERSMAN 1306-102,Whole MILPERSMAN.pdf,https://www.mynavyhr.navy.mil/References/MILPERSMAN/,1607,"CH-95, 16 Jun 2026","(2) Sea Duty, Sea-Shore Type Duty Code 2 (a) Duty performed on commissioned vessels and deployable squadrons homeported within the U.S. (including Hawaii and Alaska).",PASS,Found on stated page.,PASS,
ADV307,PS,E-6,Transfers Management & Processing,Enlisted Distribution,Type Duty Codes,Which sea-shore type duty code applies to overseas remote land-based duty that is credited as sea duty for rotational purposes only because of the relative undesirability of the geographic area?,Type Duty Code 1,Type Duty Code 4,Type Duty Code 3,Type Duty Code 6,C,MILPERSMAN 1306-102,Whole MILPERSMAN.pdf,https://www.mynavyhr.navy.mil/References/MILPERSMAN/,1607,"CH-95, 16 Jun 2026","(3) Overseas Remote Land-based Sea Duty, Sea-Shore Type Duty Code 3. Duty performed in a land-based activity which does not require members to be absent more than 150 days per year, but is credited as sea duty for rotational purposes only due to the relative undesirability of the geographic area.",PASS,Found on stated page.,PASS,
ADV308,PS,E-6,Transfers Management & Processing,Enlisted Distribution,Type Duty Codes,Which sea-shore type duty code applies to duty at overseas land-based activities that are credited as shore duty for rotational purposes?,Type Duty Code 1,Type Duty Code 6,Type Duty Code 4,Type Duty Code 3,B,MILPERSMAN 1306-102,Whole MILPERSMAN.pdf,https://www.mynavyhr.navy.mil/References/MILPERSMAN/,1607,"CH-95, 16 Jun 2026","(5) Overseas Shore Duty, Sea-Shore Type Duty Code 6. Duty performed at overseas land-based activities which are credited as shore duty for rotational purposes; members are not required to be absent from the corporate limits of their duty stations for more than 150 days per year.",PASS,Found on stated page.,PASS,
ADV309,PS,E-6,Transfers Management & Processing,Enlisted Distribution,Type Duty Codes,What happens to a type duty redesignation request that is not accompanied by the proper endorsements?,It is returned without action,It is approved by default,It is forwarded with a note to the type commander,It is held for 30 days pending endorsement,A,MILPERSMAN 1306-102,Whole MILPERSMAN.pdf,https://www.mynavyhr.navy.mil/References/MILPERSMAN/,1607,"CH-95, 16 Jun 2026",b. The appropriate immediate superior in command and the manpower claimant must endorse all requests. Requests will be returned without action if not accompanied by the proper endorsements.,PASS,Found on stated page.,PASS,
ADV310,PS,E-7,Transfers Management & Processing,Manning & Readiness Reporting,Enlisted Manning Inquiry Report,Which activities are excepted from submitting an Enlisted Manning Inquiry Report (EMIR) message?,Aircraft squadrons,Recruit training commands,Submarines and submarine support staffs,All shore activities,C,MILPERSMAN 1306-108,Whole MILPERSMAN.pdf,https://www.mynavyhr.navy.mil/References/MILPERSMAN/,1623,"CH-67, 4 May 2019","2. Policy. All sea and shore activities, except submarines and submarine support staffs, will submit an EMIR message to report significant manning issues that directly impact operational readiness.",PASS,Found on stated page.,PASS,
ADV311,PS,E-7,Transfers Management & Processing,Manning & Readiness Reporting,Enlisted Manning Inquiry Report,A rating supervisory shortfall of less than what percent manned meets the EMIR rating manning criteria?,70 percent,60 percent,50 percent,80 percent,A,MILPERSMAN 1306-108,Whole MILPERSMAN.pdf,https://www.mynavyhr.navy.mil/References/MILPERSMAN/,1623,"CH-67, 4 May 2019","(1) Rating Manning. Current onboard (COB) manning or projected onboard (POB) manning in the applicable rating or closed loop/transitory Navy enlisted classification (NEC) code meets the following criteria: (a) rating supervisory shortfall of less than 70 percent manned, or (b) gapped 1 of 1 authorized billets leading to readiness impact.",PASS,Found on stated page.,PASS,
ADV312,PS,E-7,Transfers Management & Processing,Manning & Readiness Reporting,Enlisted Manning Inquiry Report,A Critical NEC (CNEC) shortage warrants an EMIR when COB or POB manning for the CNEC does not meet which threshold?,The approved EMIR rating threshold of 70 percent,The type commander's manning goal,The billet-based distribution goal,The approved DRRS-N CNEC threshold,D,MILPERSMAN 1306-108,Whole MILPERSMAN.pdf,https://www.mynavyhr.navy.mil/References/MILPERSMAN/,1623,"CH-67, 4 May 2019",(2) Critical NEC (CNEC). COB manning or POB manning for the CNEC does not meet approved Defense Readiness Reporting System – Navy (DRRS-N) CNEC threshold.,PASS,Found on stated page.,PASS,
ADV313,PS,E-7,Transfers Management & Processing,Manning & Readiness Reporting,Enlisted Manning Inquiry Report,For what purposes must an EMIR not be used?,Reporting a Critical NEC shortage,"Reporting general manning shortfalls, or unplanned losses with no significant effect on unit readiness",Reporting a rating supervisory shortfall,Reporting a shortage the commanding officer assesses as significantly affecting readiness,B,MILPERSMAN 1306-108,Whole MILPERSMAN.pdf,https://www.mynavyhr.navy.mil/References/MILPERSMAN/,1624,"CH-67, 4 May 2019","b. EMIR Limitation. The EMIR must not be used for reporting general manning shortfalls in the activity, or for reporting unplanned losses of personnel having no significant effect on unit readiness.",PASS,Found on stated page.,PASS,
ADV314,PS,E-7,Transfers Management & Processing,Manning & Readiness Reporting,Enlisted Manning Inquiry Report,When may an EMIR be submitted?,Only after the Service members are a permanent loss from the activity,As soon as PCS orders are received,Once a month regardless of losses,When a member goes on leave,A,MILPERSMAN 1306-108,Whole MILPERSMAN.pdf,https://www.mynavyhr.navy.mil/References/MILPERSMAN/,1624,"CH-67, 4 May 2019",c. EMIR Submission. Do not submit an EMIR until the Service members are a permanent loss from the activity. The appropriate loss entry must be submitted via Navy Standard Integrated Personnel System (NSIPS) to initiate appropriate personnel requisition.,PASS,Found on stated page.,PASS,
ADV315,PS,E-6,Transfers Management & Processing,Overseas Assignments,Overseas Tour Lengths and Types,Key billets will be established only at overseas duty stations where the accompanied tour length is at least how long?,18 months,12 months,36 months,24 months,D,MILPERSMAN 1300-308,Whole MILPERSMAN.pdf,https://www.mynavyhr.navy.mil/References/MILPERSMAN/,1037,"CH-65, 26 Nov 2018","Assignment to key billets must require Service members to serve the accompanied tour length, even if the Service member declines to serve the tour accompanied. Key billets will be established only at overseas duty stations where the accompanied tour length is at least 24 months per reference (a).",PASS,Found on stated page.,PASS,
ADV316,PS,E-6,Transfers Management & Processing,Overseas Assignments,Overseas Tour Lengths and Types,Which senior enlisted Service members may fill key billets?,E-7 through E-9,Any chief petty officer,E-8 or E-9,E-6 or E-7,C,MILPERSMAN 1300-308,Whole MILPERSMAN.pdf,https://www.mynavyhr.navy.mil/References/MILPERSMAN/,1037,"CH-65, 26 Nov 2018","Key billets are reserved for only those positions in which the continued presence of an officer, warrant officer, or senior enlisted Service member (E-8 or E-9) is determined to be absolutely essential to the mission of the activity, unit, or the U.S. presence in that area.",PASS,Found on stated page.,PASS,
ADV317,PS,E-6,Transfers Management & Processing,Overseas Assignments,Overseas Tour Lengths and Types,When does an overseas tour begin?,On the day of departure from CONUS,On the day of detachment from the losing command,On the date of the PCS orders,On the day of arrival at the overseas duty station,A,MILPERSMAN 1300-308,Whole MILPERSMAN.pdf,https://www.mynavyhr.navy.mil/References/MILPERSMAN/,1037,"CH-65, 26 Nov 2018",An overseas tour begins with the day of departure from the continental U.S. (CONUS) and ends with the day of return. Authorized leave taken en route to an overseas duty station will be excluded from the computation.,PASS,Found on stated page.,PASS,
ADV318,PS,E-6,Transfers Management & Processing,Overseas Assignments,Overseas Tour Lengths and Types,How is authorized leave taken en route to an overseas duty station treated when computing the overseas tour?,It is excluded from the computation,It is counted only for accompanied tours,It is counted as part of the tour,It is counted up to 30 days,A,MILPERSMAN 1300-308,Whole MILPERSMAN.pdf,https://www.mynavyhr.navy.mil/References/MILPERSMAN/,1037,"CH-65, 26 Nov 2018",An overseas tour begins with the day of departure from the continental U.S. (CONUS) and ends with the day of return. Authorized leave taken en route to an overseas duty station will be excluded from the computation.,PASS,Found on stated page.,PASS,
ADV319,PS,E-6,Transfers Management & Processing,Overseas Assignments,Overseas Tour Lengths and Types,A Sailor reports on unaccompanied orders to an overseas area that allows accompanied tours and is later joined by dependents at the Sailor's expense. To what is the tour adjusted?,The tour is not adjusted,An additional 6 months from the date the dependents arrive,The accompanied tour length only,"The accompanied tour length or an additional 1 year on board from the date command sponsorship is granted, whichever is longer",D,MILPERSMAN 1300-308,Whole MILPERSMAN.pdf,https://www.mynavyhr.navy.mil/References/MILPERSMAN/,1038,"CH-65, 26 Nov 2018","Service members who report on unaccompanied orders to an overseas area that allows accompanied tours, then are later joined by dependent(s) at the Service member’s expense, will have their tour adjusted to the accompanied tour length or an additional 1 year on board, computed from the date command sponsorship is granted, whichever is longer.",PASS,Found on stated page.,PASS,
ADV320,PS,E-6,Transfers Management & Processing,Overseas Assignments,Overseas Tour Lengths and Types,Service members may be reassigned up to how many days prior to completion of the full overseas tour length and be considered as having completed the full tour?,90 days,60 days,120 days,30 days,B,MILPERSMAN 1300-308,Whole MILPERSMAN.pdf,https://www.mynavyhr.navy.mil/References/MILPERSMAN/,1038,"CH-65, 26 Nov 2018",Tours must meet Department of Defense (DoD) overseas tour lengths. Service members may be reassigned up to 60 days prior to completion of the full tour length and be considered as having completed the full tour.,PASS,Found on stated page.,PASS,
ADV321,PS,E-6,Transfers Management & Processing,Overseas Assignments,Overseas Tour Lengths and Types,How long must Service members assigned to 12-month overseas tours serve?,11 months,10 months,The full 12-month tour,12 months minus up to 60 days,C,MILPERSMAN 1300-308,Whole MILPERSMAN.pdf,https://www.mynavyhr.navy.mil/References/MILPERSMAN/,1038,"CH-65, 26 Nov 2018",Tours must meet Department of Defense (DoD) overseas tour lengths. Service members may be reassigned up to 60 days prior to completion of the full tour length and be considered as having completed the full tour. Note: Service members assigned to 12-month overseas tours will serve the full 12-month tour.,PASS,Found on stated page.,PASS,
ADV322,PS,E-6,Transfers Management & Processing,Overseas Assignments,Overseas Tour Lengths and Types,"Projected rotation dates for enlisted Service members assigned to Hawaii and Alaska will coincide with their sea shore flow, but in no case for less than how long?",3 years,2 years,18 months,5 years,A,MILPERSMAN 1300-308,Whole MILPERSMAN.pdf,https://www.mynavyhr.navy.mil/References/MILPERSMAN/,1039,"CH-65, 26 Nov 2018","(1) Hawaii and Alaska Tour Lengths. Projected rotation dates (PRD) for enlisted Service members assigned to duty in Hawaii and Alaska will coincide with their assigned sea shore flow (SSF) per applicable SSF NAVADMIN, but in no case for less than 3 years.",PASS,Found on stated page.,PASS,
ADV323,PS,E-6,Transfers Management & Processing,Overseas Assignments,Overseas Tour Lengths and Types,What is the tour length for enlisted Service members assigned to submarines permanently homeported in Guam or on CVNs permanently homeported in Japan?,36 months,30 months,48 months,24 months,A,MILPERSMAN 1300-308,Whole MILPERSMAN.pdf,https://www.mynavyhr.navy.mil/References/MILPERSMAN/,1039,"CH-65, 26 Nov 2018",Tour length for enlisted Service members assigned to submarines permanently homeported in Guam or on CVNs permanently homeported in Japan will be 36 months.,PASS,Found on stated page.,PASS,
ADV324,PS,E-6,Transfers Management & Processing,Overseas Assignments,Overseas Tour Lengths and Types,How long are Personnel Exchange Program (PEP) tours in a flying status?,36 months,24 months,18 months,30 months,D,MILPERSMAN 1300-308,Whole MILPERSMAN.pdf,https://www.mynavyhr.navy.mil/References/MILPERSMAN/,1039,"CH-65, 26 Nov 2018","f. PEP Tours. Per reference (a), PEP tours are normally 24 months, PEP tours in a flying status will be 30 months (24 months plus 6 months of training).",PASS,Found on stated page.,PASS,
ADV325,PS,E-6,Transfers Management & Processing,Overseas Assignments,Overseas Tour Lengths and Types,"During the overseas interview, what must Service members be given the opportunity to elect?",Whether to serve a sea tour or a shore tour,Whether to extend their PRD by 1 year,Which overseas location they will be assigned to,Whether to be accompanied by family members or to serve in an unaccompanied status,D,MILPERSMAN 1300-308,Whole MILPERSMAN.pdf,https://www.mynavyhr.navy.mil/References/MILPERSMAN/,1039,"CH-65, 26 Nov 2018","During the interview conducted per MILPERSMAN 1300-300 through 1300-304, Service members must be given the opportunity to elect whether they desire to be accompanied by family member(s) in an overseas area that is authorized accompanied tours or serve in an unaccompanied status.",PASS,Found on stated page.,PASS,
ADV326,PS,E-6,Transfers Management & Processing,Overseas Assignments,Overseas Tour Lengths and Types,"Which overseas tour length type is assigned to single Service members, or to those who are not accompanied by command-sponsored family members?",Unaccompanied (All Others),Accompanied with Family Member(s),In-place Consecutive Overseas Tour,Consecutive Overseas Tour,A,MILPERSMAN 1300-308,Whole MILPERSMAN.pdf,https://www.mynavyhr.navy.mil/References/MILPERSMAN/,1039,"CH-65, 26 Nov 2018",Types. Overseas tour length types are as follows: (1) Accompanied with Family Member(s). Tour length assigned to Service members accompanied or joined by command-sponsored family member(s). (2) Unaccompanied (All Others). Tour length assigned to single Service members or those who either voluntarily or involuntarily are not accompanied by command-sponsored family member(s).,PASS,Found on stated page.,PASS,
ADV327,PS,E-6,Transfers Management & Processing,Overseas Assignments,Overseas Tour Lengths and Types,On which form does the CO make the service record entry when a Service member elects the accompanied overseas tour?,"NAVPERS 1306/7, Enlisted Personnel Action Request","NAVPERS 1300/16, Report of Suitability for Overseas Assignment","NAVPERS 1301/85, Officer Personnel Action Request","NAVPERS 1070/613, Administrative Remarks",D,MILPERSMAN 1300-308,Whole MILPERSMAN.pdf,https://www.mynavyhr.navy.mil/References/MILPERSMAN/,1040,"CH-65, 26 Nov 2018","b. Service Record Entries. The CO must ensure the following electronic service record entries made when the Service member indicates a decision has been reached regarding options available. (1) For accompanied tours, make the following entry on NAVPERS 1070/613 Administrative Remarks:",PASS,Found on stated page.,PASS,
ADV328,PS,E-6,Transfers Management & Processing,Overseas Assignments,Overseas Tour Lengths and Types,Which form does an enlisted Service member use to request a change from an unaccompanied tour to an accompanied tour?,"NAVPERS 1300/16, Report of Suitability for Overseas Assignment","NAVPERS 1301/85, Officer Personnel Action Request","NAVPERS 1070/613, Administrative Remarks","NAVPERS 1306/7, Electronic Personnel Action Request",D,MILPERSMAN 1300-308,Whole MILPERSMAN.pdf,https://www.mynavyhr.navy.mil/References/MILPERSMAN/,1041,"CH-65, 26 Nov 2018","c. Change from Unaccompanied to Accompanied. If, after choosing an unaccompanied (all others) tour and orders have been endorsed accordingly, and the Service member desires the longer accompanied (with family member(s)) tour, the Service member must request command sponsorship and dependent entry approval prior to submitting PRD extension. Service member must submit request to NAVPERSCOM (PERS-4XX) (appropriate detailer code) using NAVPERS 1306/7 Electronic Personnel Action Request for enlisted memo or NAVPERS 1301/85 Officer Personnel Action Request for officers.",PASS,Found on stated page.,PASS,
ADV329,PS,E-6,Transfers Management & Processing,Overseas Assignments,Overseas Tour Lengths and Types,A Service member's family members were furnished early return transportation from the overseas duty station. What is the member required to complete?,Only the unaccompanied tour,A shortened 12-month tour,The prescribed accompanied tour,Nothing further; the tour ends on the date of the family's return,C,MILPERSMAN 1300-308,Whole MILPERSMAN.pdf,https://www.mynavyhr.navy.mil/References/MILPERSMAN/,1041,"CH-65, 26 Nov 2018","d. Tour after Early Return of Family Member(s). Service members whose family member(s) were furnished early return transportation from the Service member’s overseas duty station under the provisions of references (a), (b), and (d) will be required to complete the prescribed accompanied tour.",PASS,Found on stated page.,PASS,
ADV330,PS,E-6,Transfers Management & Processing,Overseas Assignments,Overseas Tour Lengths and Types,"After orders are executed, when may an overseas tour be shortened to change from accompanied to unaccompanied?",Only after 12 months on station,Never under any circumstances,Only if travel by dependents and household goods movement has not yet occurred,At any time with the commanding officer's approval,C,MILPERSMAN 1300-308,Whole MILPERSMAN.pdf,https://www.mynavyhr.navy.mil/References/MILPERSMAN/,1041,"CH-65, 26 Nov 2018","4. Tour Adjustments a. Requests for adjustments of overseas tours must be submitted to the Service member’s detailer (see paragraph 2 above). (1) After orders are executed, tours may not be shortened to change from accompanied to unaccompanied, unless travel by dependents and household goods movement has not yet occurred.",PASS,Found on stated page.,PASS,
ADV331,PS,E-6,Transfers Management & Processing,Overseas Assignments,Overseas Tour Lengths and Types,What is a Consecutive Overseas Tour (COT)?,An extension of an overseas tour at the same duty station,An assignment order executed from one overseas assignment to another,A return to CONUS between two overseas tours,An overseas tour of more than 36 months,B,MILPERSMAN 1300-308,Whole MILPERSMAN.pdf,https://www.mynavyhr.navy.mil/References/MILPERSMAN/,1042,"CH-65, 26 Nov 2018",5. Consecutive Overseas Tour (COT). A COT occurs when a Service member executes an assignment order from one overseas assignment to another as defined in reference (a).,PASS,Found on stated page.,PASS,
ADV332,PS,E-6,Transfers Management & Processing,Overseas Assignments,Overseas Tour Lengths and Types,"For a COT waiver request when two full tours cannot be completed, each tour must be at least how long?",24 months,The unaccompanied tour length,The accompanied tour length,12 months,B,MILPERSMAN 1300-308,Whole MILPERSMAN.pdf,https://www.mynavyhr.navy.mil/References/MILPERSMAN/,1042,"CH-65, 26 Nov 2018","(1) For COTs (costed PCS orders), the tour will be ordered for the DoD tour listed in reference (b), appendix Q, SECNAV prescribed sea tours or exhibit 1 below (accompanied or unaccompanied) as appropriate. A request for waiver may be submitted to NAVPERSCOM (PERS-4) for a determination when two full tours cannot be completed. For waiver requests, each tour must be at least the unaccompanied tour length.",PASS,Found on stated page.,PASS,
ADV333,PS,E-6,Transfers Management & Processing,Overseas Assignments,Overseas Tour Lengths and Types,Under what conditions are family members entitled to COT leave travel?,They are eligible dependents and travel to CONUS while the member remains overseas,They are command sponsored for the second tour only,They are eligible dependents and command sponsored for the first tour only,"They are eligible dependents, command sponsored for both tours, and will accompany the member during both tours",D,MILPERSMAN 1300-308,Whole MILPERSMAN.pdf,https://www.mynavyhr.navy.mil/References/MILPERSMAN/,1042,"CH-65, 26 Nov 2018","(2) Family member(s) are entitled to COT leave travel only when they (a) are an eligible dependent as defined in reference (b), appendix A; (b) are command sponsored for both tours; and (c) they will accompany the Service member during both tours.",PASS,Found on stated page.,PASS,
ADV334,PS,E-6,Transfers Management & Processing,Overseas Assignments,Overseas Tour Lengths and Types,Are waivers authorized for an In-place Consecutive Overseas Tour (IPCOT)?,"Yes, by NAVPERSCOM (PERS-4)","Yes, by the commanding officer",No,Only for unaccompanied tours,C,MILPERSMAN 1300-308,Whole MILPERSMAN.pdf,https://www.mynavyhr.navy.mil/References/MILPERSMAN/,1043,"CH-65, 26 Nov 2018","b. In-place Consecutive Overseas Tour (IPCOT). IPCOT is a subset of COT. Service members serving on an accompanied or unaccompanied tour may request an IPCOT before completing the initial tour, including voluntary extensions of that tour. The Service member is agreeing to serve another tour within the local commuting area of the original permanent duty station, whether it is an accompanied or unaccompanied tour. Waivers are not authorized for IPCOT.",PASS,Found on stated page.,PASS,
ADV335,PS,E-6,Transfers Management & Processing,Overseas Assignments,Early Return for Cause,What is Early Return for Cause (ERFC) of enlisted personnel?,Removal from an overseas tour before the normal PRD because of proven unfavorable host nation interactions or disciplinary action,Early transfer of a family member for required medical care,An extension of an overseas tour because of disciplinary action,A routine curtailment of an overseas tour for command convenience,A,MILPERSMAN 1306-114,Whole MILPERSMAN.pdf,https://www.mynavyhr.navy.mil/References/MILPERSMAN/,1632,"CH-37, 14 Nov 2011","Early Return for Cause (ERFC) is the removal of enlisted personnel from an overseas tour before their normal projected rotation date (PRD), as a result of proven unfavorable interactions with the host nation, or as a result of disciplinary action that calls into question the ability of a member to continue in an overseas assignment.",PASS,Found on stated page.,PASS,
ADV336,PS,E-6,Transfers Management & Processing,Overseas Assignments,Early Return for Cause,ERFC will not be used in lieu of what?,A tour length adjustment,Disciplinary action or administrative discharge,A PRD extension,Overseas screening,B,MILPERSMAN 1306-114,Whole MILPERSMAN.pdf,https://www.mynavyhr.navy.mil/References/MILPERSMAN/,1632,"CH-37, 14 Nov 2011","b. ERFC is one of the strongest administrative actions used and should only be requested when all other efforts (i.e., training, counseling, guidance, treatment, etc.) are exhausted. ERFC will not be used in lieu of disciplinary action or administrative discharge, nor is it an excuse to transfer a problem Sailor to another command.",PASS,Found on stated page.,PASS,
ADV337,PS,E-6,Transfers Management & Processing,Overseas Assignments,Early Return for Cause,Is ERFC necessarily a bar to retention or reenlistment eligibility?,"Yes, to both retention and reenlistment","Yes, to retention only","Yes, to reenlistment only",No,D,MILPERSMAN 1306-114,Whole MILPERSMAN.pdf,https://www.mynavyhr.navy.mil/References/MILPERSMAN/,1632,"CH-37, 14 Nov 2011",ERFC is not necessarily a bar to either retention or re-enlistment eligibility.,PASS,Found on stated page.,PASS,
ADV338,PS,E-6,Transfers Management & Processing,Overseas Assignments,Early Return for Cause,How must requests for ERFC be submitted?,On a NAVPERS 1306/7,By letter through the ISIC,Through BUPERS Online only,As an Early Return for Cause Request (ERFCR) by message,D,MILPERSMAN 1306-114,Whole MILPERSMAN.pdf,https://www.mynavyhr.navy.mil/References/MILPERSMAN/,1633,"CH-37, 14 Nov 2011",(1) All requests for Fault Early Returns must be submitted as an Early Return for Cause Request (ERFCR) (Exhibit 1) by message.,PASS,Found on stated page.,PASS,
ADV339,PS,E-6,Transfers Management & Processing,Overseas Assignments,Early Return for Cause,To which office are requests for ERFC submitted?,The type commander,OPNAV N13,"NAVPERSCOM, Enlisted Distribution Division (PERS-40HH)",NAVPERSCOM (PERS-451),C,MILPERSMAN 1306-114,Whole MILPERSMAN.pdf,https://www.mynavyhr.navy.mil/References/MILPERSMAN/,1633,"CH-37, 14 Nov 2011","(4) Requests for ERFC will be submitted to Navy Personnel Command (NAVPERSCOM), Enlisted Distribution Division (PERS-40HH). Type commanders (TYCOMs) must notify NAVPERSCOM (PERS-40HH) within 5 days of requesting commander’s message date/time/group of their concurrence or non-concurrence with the submitting commander’s request.",PASS,Found on stated page.,PASS,
ADV340,PS,E-6,Transfers Management & Processing,Overseas Assignments,Early Return for Cause,Type commanders must notify NAVPERSCOM (PERS-40HH) of their concurrence or non-concurrence with an ERFC request within how many days?,3 days,5 days,10 days,14 days,B,MILPERSMAN 1306-114,Whole MILPERSMAN.pdf,https://www.mynavyhr.navy.mil/References/MILPERSMAN/,1633,"CH-37, 14 Nov 2011","(4) Requests for ERFC will be submitted to Navy Personnel Command (NAVPERSCOM), Enlisted Distribution Division (PERS-40HH). Type commanders (TYCOMs) must notify NAVPERSCOM (PERS-40HH) within 5 days of requesting commander’s message date/time/group of their concurrence or non-concurrence with the submitting commander’s request.",PASS,Found on stated page.,PASS,
ADV341,PS,E-6,Transfers Management & Processing,Overseas Assignments,Early Return for Cause,"Under MILPERSMAN 1306-114, orders directing transfer will normally be issued within how many days?",7 days,30 days,14 days,21 days,D,MILPERSMAN 1306-114,Whole MILPERSMAN.pdf,https://www.mynavyhr.navy.mil/References/MILPERSMAN/,1634,"CH-37, 14 Nov 2011",(2) Orders directing transfer will normally be issued within 21 days. Detachment from current duty station will be directed to take place within 60 days of orders being released.,PASS,Found on stated page.,PASS,
ADV342,PS,E-6,Transfers Management & Processing,Overseas Assignments,Early Return for Cause,"When an ERFC request is approved, detachment from the current duty station will be directed to take place within how many days of orders being released?",60 days,45 days,30 days,90 days,A,MILPERSMAN 1306-114,Whole MILPERSMAN.pdf,https://www.mynavyhr.navy.mil/References/MILPERSMAN/,1634,"CH-37, 14 Nov 2011",(2) Orders directing transfer will normally be issued within 21 days. Detachment from current duty station will be directed to take place within 60 days of orders being released.,PASS,Found on stated page.,PASS,
ADV343,PS,E-6,Transfers Management & Processing,Overseas Assignments,Early Return for Cause,What must be reported prior to submitting an ERFCR when an improper overseas screening is involved?,An Enlisted Manning Inquiry Report,A NAVPERS 1300/16 filed in the medical record,A pregnancy avails report,An Overseas Screening Deficiency Report (OSDR) per MILPERSMAN 1300-306,D,MILPERSMAN 1306-114,Whole MILPERSMAN.pdf,https://www.mynavyhr.navy.mil/References/MILPERSMAN/,1634,"CH-37, 14 Nov 2011","c. Improper Overseas Screening. Ensure all facts that are related to an improper screening are documented and reported in an Overseas Screening Deficiency Report (OSDR) as required, per MILPERSMAN 1300-306, prior to submitting an ERFCR. The OSDR will be listed as a reference in the EFRCR.",PASS,Found on stated page.,PASS,
ADV344,PS,E-6,Transfers Management & Processing,Overseas Assignments,Overseas Screening and Early Return,How many types of reports or requests are identified for personnel assigned overseas or at CONUS remote locations under MILPERSMAN 1300-306?,Three,Four,Two,Five,B,MILPERSMAN 1300-306,Whole MILPERSMAN.pdf,https://www.mynavyhr.navy.mil/References/MILPERSMAN/,1031,"CH-29, 3 Dec 2009",2. Types of Reports/Requests. There are four different types of reports/request for issues that are identified for personnel assigned overseas or at CONUS remote locations.,PASS,Found on stated page.,PASS,
ADV345,PS,E-6,Transfers Management & Processing,Overseas Assignments,Overseas Screening and Early Return,What does an Overseas Screening Deficiency Report (OSDR) only document?,A request to early return the entire family,"A screening deficiency, without requiring an early return",A request for medical evacuation,A request to early return dependents only,B,MILPERSMAN 1300-306,Whole MILPERSMAN.pdf,https://www.mynavyhr.navy.mil/References/MILPERSMAN/,1031,"CH-29, 3 Dec 2009",a. Overseas Screening Deficiency Report (OSDR) only. Submitted when a member and/or dependent(s) arrive overseas with a discrepancy that occurred during the screening process or was not identified during the screening process. This report documents the screening deficiency but does not require an early return as the overseas command intends to allow the servicemember and dependents to remain overseas.,PASS,Found on stated page.,PASS,
ADV346,PS,E-6,Transfers Management & Processing,Overseas Assignments,Overseas Screening and Early Return,Which request is submitted when the Service member will remain overseas and the family is returned to CONUS?,Early Return (ER) Request,Early Return of Dependents (ERD) only,Overseas Screening Deficiency Report/Request for Early Return,Overseas Screening Deficiency Report only,B,MILPERSMAN 1300-306,Whole MILPERSMAN.pdf,https://www.mynavyhr.navy.mil/References/MILPERSMAN/,1032,"CH-29, 3 Dec 2009","d. Early Return of Dependents (ERD) Only (a) This request is submitted when the servicemember will remain overseas and the family is returned to CONUS for reasons authorized in reference (d), par. U5900.",PASS,Found on stated page.,PASS,
ADV347,PS,E-6,Transfers Management & Processing,Overseas Assignments,Overseas Screening and Early Return,Family members returned to CONUS under the ERD program cannot rejoin the Service member at government expense until when?,Six months after the family returns,The Service member is issued the next set of PCS orders,The member reaches the first anniversary of the overseas tour,The member's PRD extension is approved,B,MILPERSMAN 1300-306,Whole MILPERSMAN.pdf,https://www.mynavyhr.navy.mil/References/MILPERSMAN/,1032,"CH-29, 3 Dec 2009",NOTE: Family members that are returned to CONUS under the ERD program will not be able to rejoin the service member at government expense until the servicemember is issued the next set of permanent change of station (PCS) orders.,PASS,Found on stated page.,PASS,
ADV348,PS,E-6,Transfers Management & Processing,Overseas Assignments,Overseas Screening and Early Return,Should an ERD request be submitted when PCS orders have already been issued to a new duty station?,"Yes, within 30 days of the orders",Only for members in paygrade E-3 and below,No; the dependents are authorized travel on the new orders,"Yes, in all cases",C,MILPERSMAN 1300-306,Whole MILPERSMAN.pdf,https://www.mynavyhr.navy.mil/References/MILPERSMAN/,1032,"CH-29, 3 Dec 2009","(b) If a service member has been issued orders to a new duty station, the dependents are authorized travel on the new orders per reference (d), par. U5200. Do not submit an ERD request when PCS orders have already been issued.",PASS,Found on stated page.,PASS,
ADV349,PS,E-6,Transfers Management & Processing,Overseas Assignments,Overseas Screening and Early Return,What is the intent of an Overseas Screening Deficiency Report/Request for Early Return (OSDR/ER)?,To early return the Service member only,To document the deficiency while all remain overseas,To early return the entire family,To early return the dependents only,C,MILPERSMAN 1300-306,Whole MILPERSMAN.pdf,https://www.mynavyhr.navy.mil/References/MILPERSMAN/,1032,"CH-29, 3 Dec 2009","b. Overseas Screening Deficiency Report/Request for Early Return (OSDR/ER). This request/report is used when the member and/or dependent(s) arrive at an overseas/remote location with a disqualifying condition that should have been detected in the overseas screening, and the care required is beyond the capabilities of local resources. With this request the intent is to Early Return the entire family.",PASS,Found on stated page.,PASS,
ADV350,PS,E-6,Transfers Management & Processing,Overseas Assignments,Overseas Screening and Early Return,The early return procedure must not be used to transfer personnel in lieu of which actions?,Routine PCS orders,Medical evacuation,"Nonjudicial punishment, courts-martial, or administrative separation processing",Exceptional Family Member enrollment,C,MILPERSMAN 1300-306,Whole MILPERSMAN.pdf,https://www.mynavyhr.navy.mil/References/MILPERSMAN/,1033,"CH-29, 3 Dec 2009","5. Early Return is not a Discipline Substitute. This procedure shall not be used as a means of transferring personnel in lieu of appropriate disciplinary or administrative action, i.e., nonjudicial punishment (NJP), courts-martial, administrative separation processing, etc.; but shall be restricted to those cases where transfer is the only feasible solution; or the issue is causing, or will cause, problems with the host nation.",PASS,Found on stated page.,PASS,
ADV351,PS,E-6,Transfers Management & Processing,Overseas Assignments,Overseas Screening and Early Return,Which E-3 and below personnel will not normally be assigned OCONUS?,"Those with dependents, or who are pregnant",Those with less than 12 months of service,Those without a security clearance,Those who are unmarried,A,MILPERSMAN 1300-306,Whole MILPERSMAN.pdf,https://www.mynavyhr.navy.mil/References/MILPERSMAN/,1033,"CH-29, 3 Dec 2009","6. E-3 and below Personnel a. As stipulated in MILPERSMAN 1300-304, E-3 and below with dependent(s), or E-3 and below personnel who are pregnant, will not normally be assigned OCONUS.",PASS,Found on stated page.,PASS,
ADV352,PS,E-6,Transfers Management & Processing,Overseas Assignments,Overseas Screening and Early Return,Which process should members use when a medical issue requires hospitalization that the local MTF cannot provide?,The Early Return of Dependents program,The Early Return for Cause program,The medical evacuation (MEDEVAC) process,An OSDR only,C,MILPERSMAN 1300-306,Whole MILPERSMAN.pdf,https://www.mynavyhr.navy.mil/References/MILPERSMAN/,1033,"CH-29, 3 Dec 2009",7. Medical Issues. Members with medical issues which require hospitalization for which the local MTF cannot provide the appropriate care or treatment should use the medical evacuation (MEDEVAC) process instead of the Early Return/Reassignment Program.,PASS,Found on stated page.,PASS,
ADV353,PS,E-6,Transfers Management & Processing,Overseas Assignments,Overseas Screening and Early Return,Which commands may use the Exhibit 1 message format to submit overseas screening reports and early return requests?,Commands with no command career counselor assigned,Ships or submarines at sea with limited connectivity to BOL,Only CONUS remote locations,Only commands supporting officers,B,MILPERSMAN 1300-306,Whole MILPERSMAN.pdf,https://www.mynavyhr.navy.mil/References/MILPERSMAN/,1035,"CH-29, 3 Dec 2009",e. Ships or Submarines at sea with limited connectivity to BOL can use Exhibit 1 to submit reports. NPC will input the information into the BOL application and respond via the overseas screening application.,PASS,Found on stated page.,PASS,
ADV354,PS,E-6,Transfers Management & Processing,Enlisted Distribution,Voluntary Sea Duty Program,The Voluntary Sea Duty Program (VSDP) encourages Sailors to serve on which types of activities?,Type 1 activities,Type 2/3/4 activities,Type 1 and 6 activities,Type 6 activities only,B,MILPERSMAN 1306-141,Whole MILPERSMAN.pdf,https://www.mynavyhr.navy.mil/References/MILPERSMAN/,1668,"CH-70, 16 Jan 2020","The Voluntary Sea Duty Program (VSDP) is a voluntary program that encourages Sailors from all ratings and all pay grades to serve on Type 2/3/4 activities (subject to eligibility requirements and restrictions) to extend their enlistment in their current sea duty billet beyond their prescribed sea tour (PST), to terminate shore duty and accept new orders to a sea duty billet, or to accept back-to-back sea duty orders beyond their prescribed sea/shore flow (SSF).",PASS,Found on stated page.,PASS,
ADV355,PS,E-6,Transfers Management & Processing,Enlisted Distribution,Voluntary Sea Duty Program,What may Sailors accepted into VSDP defer?,Their C-WAY-REEN application window,Their projected rotation date,Their physical fitness assessment,Their prescribed sea tour,A,MILPERSMAN 1306-141,Whole MILPERSMAN.pdf,https://www.mynavyhr.navy.mil/References/MILPERSMAN/,1668,"CH-70, 16 Jan 2020",a. Sailors accepted into the VSDP will be able to defer their Career Waypoint-REENLISTMENT (C-WAY-REEN) application window to the minimum obligated service (OBLISERV) required for the orders negotiated as outlined in MILPERSMAN 1306-106.,PASS,Found on stated page.,PASS,
ADV356,PS,E-6,Transfers Management & Processing,Enlisted Distribution,Voluntary Sea Duty Program,"For C-WAY-REEN deferment under VSDP, a Sailor must have no evaluation performance trait mark below what for the last 3 years?",2.0,3.5,4.0,3.0,D,MILPERSMAN 1306-141,Whole MILPERSMAN.pdf,https://www.mynavyhr.navy.mil/References/MILPERSMAN/,1669,"CH-70, 16 Jan 2020",Eligibility criteria for C-WAY-REEN deferment: (1) No evaluation performance trait mark below 3.0 for the last 3 years; (2) No PFA failures during the last 2 years and no more than 1 failure in the previous 4-year-period from the date of screening approval; (3) No nonjudicial punishment during the last 2 years;,PASS,Found on stated page.,PASS,
ADV357,PS,E-6,Transfers Management & Processing,Enlisted Distribution,Voluntary Sea Duty Program,What PFA requirement must a Sailor meet for C-WAY-REEN deferment under VSDP?,No PFA failures during the last 4 years,No more than 2 PFA failures during the last 4 years,No PFA failures during the last 2 years and no more than 1 failure in the previous 4-year period,No more than 1 PFA failure during the last 2 years,C,MILPERSMAN 1306-141,Whole MILPERSMAN.pdf,https://www.mynavyhr.navy.mil/References/MILPERSMAN/,1669,"CH-70, 16 Jan 2020",Eligibility criteria for C-WAY-REEN deferment: (1) No evaluation performance trait mark below 3.0 for the last 3 years; (2) No PFA failures during the last 2 years and no more than 1 failure in the previous 4-year-period from the date of screening approval; (3) No nonjudicial punishment during the last 2 years;,PASS,Found on stated page.,PASS,
ADV358,PS,E-6,Transfers Management & Processing,Enlisted Distribution,Voluntary Sea Duty Program,"For C-WAY-REEN deferment under VSDP, a Sailor must have no nonjudicial punishment during the last how long?",3 years,2 years,1 year,5 years,B,MILPERSMAN 1306-141,Whole MILPERSMAN.pdf,https://www.mynavyhr.navy.mil/References/MILPERSMAN/,1669,"CH-70, 16 Jan 2020",Eligibility criteria for C-WAY-REEN deferment: (1) No evaluation performance trait mark below 3.0 for the last 3 years; (2) No PFA failures during the last 2 years and no more than 1 failure in the previous 4-year-period from the date of screening approval; (3) No nonjudicial punishment during the last 2 years;,PASS,Found on stated page.,PASS,
ADV359,PS,E-6,Transfers Management & Processing,Enlisted Distribution,Voluntary Sea Duty Program,"For C-WAY-REEN deferment under VSDP, how much time must a Sailor have remaining until their current PRD?",At least 6 months,At least 18 months,At least 1 year,At least 2 years,C,MILPERSMAN 1306-141,Whole MILPERSMAN.pdf,https://www.mynavyhr.navy.mil/References/MILPERSMAN/,1670,"CH-70, 16 Jan 2020",(4) Pass sea duty screening; (5) Be recommended for retention and advancement; and (6) Must have at least 1 year remaining until their current projected rotation date (PRD).,PASS,Found on stated page.,PASS,
ADV360,PS,E-6,Transfers Management & Processing,Enlisted Distribution,Voluntary Sea Duty Program,"The length of a high year tenure (HYT) waiver approved for VSDP must meet, but not exceed, what?",The length of the prescribed sea tour,"The retainability requirements for the minimum active obligated service upon arrival at a new duty station, per MILPERSMAN 1306-106",The DoD area tour length,The extension length the Sailor requests,B,MILPERSMAN 1306-141,Whole MILPERSMAN.pdf,https://www.mynavyhr.navy.mil/References/MILPERSMAN/,1670,"CH-70, 16 Jan 2020","The length of HYT waivers must meet, but not exceed, retainability requirements for the minimum amount of active obligated service a member must have upon arrival at a new duty station, per MILPERSMAN 1306-106, after a permanent change of station (PCS) transfer, both in continental United States (CONUS) and outside the continental United States (OCONUS).",PASS,Found on stated page.,PASS,
ADV361,PS,E-6,Transfers Management & Processing,Enlisted Distribution,Voluntary Sea Duty Program,Sea duty incentive pay – extension (SDIP-E) incentivizes Sailors to extend their current sea duty assignment by what range beyond their PST?,A minimum of 12 months and a maximum of 48 months,6 to 24 months,24 to 60 months,12 to 24 months,A,MILPERSMAN 1306-141,Whole MILPERSMAN.pdf,https://www.mynavyhr.navy.mil/References/MILPERSMAN/,1671,"CH-70, 16 Jan 2020","(1) Sea duty incentive pay - extension (SDIP-E) incentivizes Sailors to voluntarily extend their sea duty assignments on board their current sea duty command when assigned to ships, submarines, or aviation squadrons for rotational purposes by a minimum of 12 months and a maximum of 48 months beyond their PST.",PASS,Found on stated page.,PASS,
ADV362,PS,E-6,Transfers Management & Processing,Enlisted Distribution,Voluntary Sea Duty Program,Sea duty incentive pay – curtailment (SDIP-C) aims to incentivize Sailors to curtail their shore duty at least how many months prior to their original PRD?,12 months,3 months,6 months,9 months,C,MILPERSMAN 1306-141,Whole MILPERSMAN.pdf,https://www.mynavyhr.navy.mil/References/MILPERSMAN/,1671,"CH-70, 16 Jan 2020","(3) Sea duty incentive pay – curtailment (SDIP-C) aims at incentivizing Sailors to voluntarily curtail their shore duty assignments a minimum of 6 months prior to their original PRD and return to sea duty assignments on a ship, submarine, or at an aviation squadron for a minimum of 12 months and a maximum of 48 months beyond their PST.",PASS,Found on stated page.,PASS,
ADV363,PS,E-6,Transfers Management & Processing,Enlisted Distribution,Voluntary Sea Duty Program,How many MyNavy Assignment (MNA) cycles do detailers work with a Sailor who applied for VSDP to find desirable orders before the application expires?,Two,Four,One,Three,A,MILPERSMAN 1306-141,Whole MILPERSMAN.pdf,https://www.mynavyhr.navy.mil/References/MILPERSMAN/,1672,"CH-70, 16 Jan 2020","a. Desirable Orders. Sailors who have applied for VSDP will not be required to accept a billet they do not desire. Detailers will work with them during two MyNavy Assignment (MNA) cycles to find desirable orders. If no match is found during this time period, the current VSDP application will expire and those Sailors still interested in VSDP must reapply.",PASS,Found on stated page.,PASS,
ADV364,PS,E-6,Transfers Management & Processing,Enlisted Distribution,Voluntary Sea Duty Program,Sailors on shore duty must submit their VSDP request through their chain of command no later than how many months prior to their PRD?,12 months,6 months,9 months,18 months,A,MILPERSMAN 1306-141,Whole MILPERSMAN.pdf,https://www.mynavyhr.navy.mil/References/MILPERSMAN/,1673,"CH-70, 16 Jan 2020","e. Sailors on shore duty must submit their VSDP request through their chain of command no later than 12 months prior to their PRD to ensure receipt by NAVPERSCOM (PERS-40), using NAVPERS 1306/7. Requests received by NAVPERSCOM (PERS-40) beyond that point will be returned without action.",PASS,Found on stated page.,PASS,
ADV365,PS,E-6,Transfers Management & Processing,Enlisted Distribution,Voluntary Sea Duty Program,Sailors currently on sea duty should submit requests for a back-to-back sea tour how long prior to their PRD?,6 to 9 months,12 to 18 months,3 to 6 months,9 to 12 months,D,MILPERSMAN 1306-141,Whole MILPERSMAN.pdf,https://www.mynavyhr.navy.mil/References/MILPERSMAN/,1674,"CH-70, 16 Jan 2020",f. Sailors currently on sea duty should submit requests for a back-to-back sea tour 9 to 12 months prior to their PRD.,PASS,Found on stated page.,PASS,
ADV366,PS,E-6,Transfers Management & Processing,Enlisted Distribution,Voluntary Sea Duty Program,"Under VSDP, enlisted contracts cannot be extended for more than how many aggregate months?",36 months,48 months,60 months,24 months,B,MILPERSMAN 1306-141,Whole MILPERSMAN.pdf,https://www.mynavyhr.navy.mil/References/MILPERSMAN/,1675,"CH-70, 16 Jan 2020","i. STE Limitations. STE’s in support of this program are limited as follows: (1) Enlisted contracts cannot be extended for more than 48 aggregate months; (2) A single extension greater than 36 months is not authorized; (3) A maximum of three extension agreements, per enlistment, are authorized if the Sailor is accepted for orders under this program.",PASS,Found on stated page.,PASS,
ADV367,PS,E-6,Transfers Management & Processing,Enlisted Distribution,Voluntary Sea Duty Program,"Under VSDP, a single extension greater than how many months is not authorized?",36 months,12 months,24 months,48 months,A,MILPERSMAN 1306-141,Whole MILPERSMAN.pdf,https://www.mynavyhr.navy.mil/References/MILPERSMAN/,1675,"CH-70, 16 Jan 2020","i. STE Limitations. STE’s in support of this program are limited as follows: (1) Enlisted contracts cannot be extended for more than 48 aggregate months; (2) A single extension greater than 36 months is not authorized; (3) A maximum of three extension agreements, per enlistment, are authorized if the Sailor is accepted for orders under this program.",PASS,Found on stated page.,PASS,
ADV368,PS,E-6,Transfers Management & Processing,Enlisted Distribution,Voluntary Sea Duty Program,What is the maximum number of extension agreements authorized per enlistment for a Sailor accepted for orders under VSDP?,Three,One,Four,Two,A,MILPERSMAN 1306-141,Whole MILPERSMAN.pdf,https://www.mynavyhr.navy.mil/References/MILPERSMAN/,1675,"CH-70, 16 Jan 2020","i. STE Limitations. STE’s in support of this program are limited as follows: (1) Enlisted contracts cannot be extended for more than 48 aggregate months; (2) A single extension greater than 36 months is not authorized; (3) A maximum of three extension agreements, per enlistment, are authorized if the Sailor is accepted for orders under this program.",PASS,Found on stated page.,PASS,
ADV369,PS,E-6,Transfers Management & Processing,Enlisted Distribution,Voluntary Sea Duty Program,How often does NAVPERSCOM (PERS-4013) provide VSDP Program metrics reports to OPNAV?,Quarterly,Weekly,Monthly,Annually,C,MILPERSMAN 1306-141,Whole MILPERSMAN.pdf,https://www.mynavyhr.navy.mil/References/MILPERSMAN/,1676,"CH-70, 16 Jan 2020","6. Oversight. NAVPERSCOM (PERS-4013) will provide VSDP Program metrics reports to OPNAV, Force Shaping Plans and Policy Branch (N132) on a monthly basis.",PASS,Found on stated page.,PASS,
ADV370,PS,E-6,Transfers Management & Processing,Overseas Assignments,Overseas Tour Extension Incentives Program,How many incentive options does the Overseas Tour Extension Incentives Program (OTEIP) offer eligible enlisted members?,Three,Four,Two,Five,B,MILPERSMAN 1306-300,Whole MILPERSMAN.pdf,https://www.mynavyhr.navy.mil/References/MILPERSMAN/,1679,"CH-60, 29 Sep 2017",1. Policy. Overseas Tour Extension Incentives Program (OTEIP) offers eligible enlisted members the opportunity to choose one of four incentive options for an extension of the Department of Defense (DoD) overseas tour length of 12 months or more.,PASS,Found on stated page.,PASS,
ADV371,PS,E-6,Transfers Management & Processing,Overseas Assignments,Overseas Tour Extension Incentives Program,How much special pay per month does OTEIP Option A provide for each month during the period of the extension?,$200,$100,$50,$80,D,MILPERSMAN 1306-300,Whole MILPERSMAN.pdf,https://www.mynavyhr.navy.mil/References/MILPERSMAN/,1679,"CH-60, 29 Sep 2017",a. The following options are available: (1) Option A - $80 per month special pay for each month during the period of the extension.,PASS,Found on stated page.,PASS,
ADV372,PS,E-6,Transfers Management & Processing,Overseas Assignments,Overseas Tour Extension Incentives Program,What does OTEIP Option B provide?,30 days of rest and recuperation (R&R) absence during the period of extension,"A $2,000 lump sum payment",$80 per month special pay,15 days of R&R plus round trip transportation to CONUS,A,MILPERSMAN 1306-300,Whole MILPERSMAN.pdf,https://www.mynavyhr.navy.mil/References/MILPERSMAN/,1679,"CH-60, 29 Sep 2017",(2) Option B - 30 days rest and recuperation (R&R) absence during the period of extension.,PASS,Found on stated page.,PASS,
ADV373,PS,E-6,Transfers Management & Processing,Overseas Assignments,Overseas Tour Extension Incentives Program,How many days of R&R absence are members authorized OTEIP Option C extensions longer than 12 months entitled to receive?,25 days,10 days,20 days,30 days,C,MILPERSMAN 1306-300,Whole MILPERSMAN.pdf,https://www.mynavyhr.navy.mil/References/MILPERSMAN/,1679,"CH-60, 29 Sep 2017","(3) Option C - 15 days R&R absence, plus round trip transportation at Government expense from the location of the extended tour of duty to the port of debarkation in the continental United States (CONUS) and return during the period of extension. Members authorized OTEIP extensions longer than 12 months are entitled to receive 20 days R&R absence.",PASS,Found on stated page.,PASS,
ADV374,PS,E-6,Transfers Management & Processing,Overseas Assignments,Overseas Tour Extension Incentives Program,How much is the lump sum payment under OTEIP Option D?,"$1,000","$2,500","$5,000","$2,000",D,MILPERSMAN 1306-300,Whole MILPERSMAN.pdf,https://www.mynavyhr.navy.mil/References/MILPERSMAN/,1679,"CH-60, 29 Sep 2017","(4) Option D - $2,000 lump sum payment on the first day of the 12-month extension.",PASS,Found on stated page.,PASS,
ADV375,PS,E-6,Transfers Management & Processing,Overseas Assignments,Overseas Tour Extension Incentives Program,Can an overseas extension required for command sponsorship of family members be used as an extension for OTEIP eligibility?,No,"Yes, but only for first-term Sailors",Yes,"Yes, but only for Option A",A,MILPERSMAN 1306-300,Whole MILPERSMAN.pdf,https://www.mynavyhr.navy.mil/References/MILPERSMAN/,1680,"CH-60, 29 Sep 2017",c. An extension overseas required for command sponsorship of family member(s) will not be used as an extension for eligibility under this program.,PASS,Found on stated page.,PASS,
ADV376,PS,E-6,Transfers Management & Processing,Overseas Assignments,Overseas Tour Extension Incentives Program,The elected OTEIP option may not be used prior to what?,The date the dependents arrive overseas,The member's second year overseas,"The extension period on the NAVPERSCOM authorization message, or before the member obtains sufficient obligated service",The final 6 months of the tour,C,MILPERSMAN 1306-300,Whole MILPERSMAN.pdf,https://www.mynavyhr.navy.mil/References/MILPERSMAN/,1680,"CH-60, 29 Sep 2017",b. The elected OTEIP option may not be used prior to the extension period reflected on the NAVPERSCOM authorization message or prior to member obtaining sufficient obligated service.,PASS,Found on stated page.,PASS,
ADV377,PS,E-6,Transfers Management & Processing,Overseas Assignments,Overseas Tour Extension Incentives Program,Which office must give approval authorization before OTEIP incentive options may be granted?,NAVPERSCOM (PERS-451),"NAVPERSCOM, OTEIP Manager (PERS-40CC)",The member's commanding officer,OPNAV N13,B,MILPERSMAN 1306-300,Whole MILPERSMAN.pdf,https://www.mynavyhr.navy.mil/References/MILPERSMAN/,1680,"CH-60, 29 Sep 2017","f. Incentive options may not be granted without receipt of approval authorization from Navy Personnel Command (NAVPERSCOM), OTEIP Manager (PERS-40CC).",PASS,Found on stated page.,PASS,
ADV378,PS,E-6,Transfers Management & Processing,Overseas Assignments,Overseas Tour Extension Incentives Program,OTEIP is earned for extensions of at least how long beyond the current DoD tour?,24 months,18 months,12 months,6 months,C,MILPERSMAN 1306-300,Whole MILPERSMAN.pdf,https://www.mynavyhr.navy.mil/References/MILPERSMAN/,1680,"CH-60, 29 Sep 2017",g. Consecutive overseas tour (COT) leave entitlement is earned when a member is assigned to back-to-back complete DoD tours. OTEIP is earned for extensions of at least 12 months beyond the current DoD tour.,PASS,Found on stated page.,PASS,
ADV379,PS,E-6,Transfers Management & Processing,Overseas Assignments,Overseas Tour Extension Incentives Program,Which enlisted members are eligible for OTEIP under the duty type requirement?,"Members serving overseas on Type 3, 4, or 6 duty, and members serving in Alaska and Hawaii on Type 2 duty",Members serving in CONUS on Type 1 duty,Members serving in Alaska and Hawaii on Type 6 duty,Members serving overseas on Type 1 or 2 duty,A,MILPERSMAN 1306-300,Whole MILPERSMAN.pdf,https://www.mynavyhr.navy.mil/References/MILPERSMAN/,1681,"CH-60, 29 Sep 2017","2. Eligible Members. The following enlisted members are eligible for OTEIP: a. Members serving overseas on Type ""3,"" ""4,"" or ""6"" duty and members serving in Alaska and Hawaii on Type ""2"" duty.",PASS,Found on stated page.,PASS,
ADV380,PS,E-6,Transfers Management & Processing,Overseas Assignments,Overseas Tour Extension Incentives Program,Members serving outside the OTEIP areas on TEMADD in excess of how many days during any 12-month period are not eligible for OTEIP?,179 days,120 days,90 days,180 days,A,MILPERSMAN 1306-300,Whole MILPERSMAN.pdf,https://www.mynavyhr.navy.mil/References/MILPERSMAN/,1681,"CH-60, 29 Sep 2017",b. Members serving outside these areas on temporary additional duty (TEMADD) in excess of 179 days during any 12-month period will not be eligible for OTEIP.,PASS,Found on stated page.,PASS,
ADV381,PS,E-6,Transfers Management & Processing,Overseas Assignments,Overseas Tour Extension Incentives Program,A member at a dependent-restricted tour location extends at least 12 months beyond the prescribed DoD tour length. What may the member elect?,"Neither, because the location is dependent restricted",OTEIP only,"Either OTEIP or COT leave travel entitlement, but not both",Both OTEIP and COT leave travel entitlement,C,MILPERSMAN 1306-300,Whole MILPERSMAN.pdf,https://www.mynavyhr.navy.mil/References/MILPERSMAN/,1681,"CH-60, 29 Sep 2017","c. A member assigned to a dependent-restricted tour location who extends for a minimum of 12 months beyond the prescribed DoD tour length may elect either the OTEIP or COT leave travel entitlement, not both.",PASS,Found on stated page.,PASS,
ADV382,PS,E-6,Transfers Management & Processing,Overseas Assignments,Overseas Tour Extension Incentives Program,To which office are requests for voluntary OTEIP extensions of 12 or more months submitted?,NAVPERSCOM (PERS-4013),NAVPERSCOM (PERS-40HH),NAVPERSCOM (PERS-451),NAVPERSCOM (PERS-40CC),D,MILPERSMAN 1306-300,Whole MILPERSMAN.pdf,https://www.mynavyhr.navy.mil/References/MILPERSMAN/,1681,"CH-60, 29 Sep 2017","4. Request Procedures. Submit requests for voluntary extensions of 12 or more months to NAVPERSCOM (PERS-40CC), not more than 18 months or less than 12 months, prior to current projected rotation date (PRD).",PASS,Found on stated page.,PASS,
ADV383,PS,E-6,Transfers Management & Processing,Overseas Assignments,Overseas Tour Extension Incentives Program,Which item must an OTEIP request include?,The member's advancement exam profile sheet,"The location of dependents for members with dependents, whether serving accompanied or unaccompanied",The member's most recent evaluation,The member's spouse's employment status,B,MILPERSMAN 1306-300,Whole MILPERSMAN.pdf,https://www.mynavyhr.navy.mil/References/MILPERSMAN/,1682,"CH-60, 29 Sep 2017","c. Requests must include the following: (1) Recommendation by the command; (2) The specific time frame of the requested extension period or the specific time frame of OTEIP eligibility, if requesting OTEIP benefits when no PRD adjustment is needed; (3) Member's elected option (A, B, C, or D); and (4) Location of dependents for those members with dependents whether serving accompanied or unaccompanied.",PASS,Found on stated page.,PASS,
ADV384,PS,E-6,Transfers Management & Processing,Overseas Assignments,Overseas Tour Extension Incentives Program,How many days of processing time must activities allow for an OTEIP request before contacting the cognizant detailer for a status update?,10 days,60 days,30 days,14 days,C,MILPERSMAN 1306-300,Whole MILPERSMAN.pdf,https://www.mynavyhr.navy.mil/References/MILPERSMAN/,1682,"CH-60, 29 Sep 2017",Note: Activities must allow 30 days processing time for OTEIP request before contacting cognizant detailer for status update.,PASS,Found on stated page.,PASS,
ADV385,PS,E-6,Transfers Management & Processing,Overseas Assignments,Overseas Tour Extension Incentives Program,When may an OTEIP request be resubmitted?,After the command's next status report,Whenever the member changes the elected option,After 30 days with no reply,Only when verified as not received by NAVPERSCOM (PERS-40CC),D,MILPERSMAN 1306-300,Whole MILPERSMAN.pdf,https://www.mynavyhr.navy.mil/References/MILPERSMAN/,1682,"CH-60, 29 Sep 2017","b. Do not resubmit requests, unless a request is verified as not received by NAVPERSCOM (PERS-40CC).",PASS,Found on stated page.,PASS,
ADV386,PS,E-6,Transfers Management & Processing,Overseas Assignments,Overseas Tour Extension Incentives Program,"For OTEIP Option A, what must the PERSUPP DET or PERSOFF do besides verifying the NAVPERS 1070/613 entry and submitting it to the OMPF?",Issue TEMADD orders,Authorize the OTEIP payment,Authorize the R&R absence,Arrange round trip transportation,B,MILPERSMAN 1306-300,Whole MILPERSMAN.pdf,https://www.mynavyhr.navy.mil/References/MILPERSMAN/,1683,"CH-60, 29 Sep 2017",(2) The PERSUPP DET or PERSOFF must: (a) Verify the NSIPS NAVPERS 1070/613 Administrative Remarks entry and submit NAVPERS 1070/613 to the Official Military Personnel File (OMPF). (b) Authorize the OTEIP payment per reference (f).,PASS,Found on stated page.,PASS,
ADV387,PS,E-6,Transfers Management & Processing,Overseas Assignments,Overseas Tour Extension Incentives Program,OTEIP Option B R&R benefits may not be used in conjunction with which of the following?,Special liberty,Annual leave,Permanent change of station transfer or separation leave,Permissive temporary duty,C,MILPERSMAN 1306-300,Whole MILPERSMAN.pdf,https://www.mynavyhr.navy.mil/References/MILPERSMAN/,1684,"CH-60, 29 Sep 2017",Note: Option B benefits may be taken during one period or incrementally at the CO’s discretion. Benefits must be used during operative period of extension and may not be used in conjunction with permanent change of station transfer or separation leave.,PASS,Found on stated page.,PASS,
ADV388,PS,E-6,Transfers Management & Processing,Overseas Assignments,Overseas Tour Extension Incentives Program,Change requests to OTEIP Option C should be submitted to NAVPERSCOM not less than how many days prior to the proposed commencement of travel?,14 days,30 days,60 days,10 days,B,MILPERSMAN 1306-300,Whole MILPERSMAN.pdf,https://www.mynavyhr.navy.mil/References/MILPERSMAN/,1685,"CH-60, 29 Sep 2017","In order to allow local administrative support personnel sufficient processing time, change requests to Option C should be submitted to NAVPERSCOM by using one of the following methods: BOL PAR, NAVPERS 1306/7, letter, or naval message to NAVPERSCOM (PERS-40CC) not less than 30 days prior to the proposed commencement of travel.",PASS,Found on stated page.,PASS,
ADV389,PS,E-6,Transfers Management & Processing,Overseas Assignments,Overseas Tour Extension Incentives Program,"For members serving in Type 4 units who elect OTEIP Option C, where does travel originate and return?",The unit's homeport,The servicing PERSUPP DET,The member's home of record,The nearest CONUS port of debarkation,A,MILPERSMAN 1306-300,Whole MILPERSMAN.pdf,https://www.mynavyhr.navy.mil/References/MILPERSMAN/,1685,"CH-60, 29 Sep 2017","Travel for members serving in Type ""4"" units electing incentive Option C will originate from and return to the unit’s homeport.",PASS,Found on stated page.,PASS,
ADV390,PS,E-6,Transfers Management & Processing,Overseas Assignments,Overseas Tour Extension Incentives Program,A member who elects OTEIP Option D does not complete the 12-month extension. What must the member do?,Nothing; the payment is kept in full,Refund a prorated recoupment of the unearned portion of the benefits,Refund the full lump sum plus interest,Complete a second extension to earn the payment,B,MILPERSMAN 1306-300,Whole MILPERSMAN.pdf,https://www.mynavyhr.navy.mil/References/MILPERSMAN/,1689,"CH-60, 29 Sep 2017",b. Members who elect Option D and do not complete the 12-month extension must refund to the Government a prorated recoupment of the unearned portion of the benefits. Secretary of the Navy may waive the obligation of a member to reimburse the Navy if he or she determines that circumstances warrant the waiver.,PASS,Found on stated page.,PASS,
ADV391,PS,E-6,Transfers Management & Processing,Overseas Assignments,Overseas Tour Extension Incentives Program,Who may waive the obligation of a member who did not complete the Option D extension to reimburse the Navy?,COMNAVPERSCOM,The OTEIP Manager (PERS-40CC),The Secretary of the Navy,The member's commanding officer,C,MILPERSMAN 1306-300,Whole MILPERSMAN.pdf,https://www.mynavyhr.navy.mil/References/MILPERSMAN/,1689,"CH-60, 29 Sep 2017",b. Members who elect Option D and do not complete the 12-month extension must refund to the Government a prorated recoupment of the unearned portion of the benefits. Secretary of the Navy may waive the obligation of a member to reimburse the Navy if he or she determines that circumstances warrant the waiver.,PASS,Found on stated page.,PASS,
ADV392,PS,E-6,Transfers Management & Processing,Overseas Assignments,Overseas Tour Extension Incentives Program,Can OTEIP incentive options involving R&R absence be authorized retroactively?,"Yes, within 30 days of the extension ending","Yes, with the commanding officer's approval","Yes, up to 6 months after the extension ends",No,D,MILPERSMAN 1306-300,Whole MILPERSMAN.pdf,https://www.mynavyhr.navy.mil/References/MILPERSMAN/,1689,"CH-60, 29 Sep 2017",c. Every effort must be made to ensure the member uses the entitled incentive option during the operative period of extension. (1) Incentive options involving R&R absence cannot be authorized retroactively. (2) Retroactive monetary entitlements are payable only with authorization from NAVPERSCOM (PERS-40CC).,PASS,Found on stated page.,PASS,
ADV393,PS,E-6,Transfers Management & Processing,Enlisted Distribution,Special Programs,How far before a member's projected rotation date should a request for assignment to a special program be submitted to the applicable detailer?,Approximately 9 to 12 months,Approximately 3 to 6 months,Approximately 6 to 9 months,Approximately 13 to 18 months,D,MILPERSMAN 1306-900,Whole MILPERSMAN.pdf,https://www.mynavyhr.navy.mil/References/MILPERSMAN/,1862,"CH-95, 24 Jun 2026","3. Policy and Procedures. To request assignment to a special program, contact rating detailer for release to a special program assignment or submit NAVPERS 1306/7 Enlisted Personnel Action Request to applicable detailer at Navy Personnel Command (NAVPERSCOM) approximately 13-18 months prior to member’s projected rotation date.",PASS,Found on stated page.,PASS,
ADV394,PS,E-6,Transfers Management & Processing,Enlisted Distribution,Special Programs,Which form is used to complete special program screening?,"NAVPERS 1306/92, Special Program Screening","NAVPERS 1306/7, Enlisted Personnel Action Request","NAVPERS 1300/16, Report of Suitability for Overseas Assignment","NAVPERS 1070/613, Administrative Remarks",A,MILPERSMAN 1306-900,Whole MILPERSMAN.pdf,https://www.mynavyhr.navy.mil/References/MILPERSMAN/,1862,"CH-95, 24 Jun 2026",b. The procedures for requesting and processing special program requests are as follow: (1) Complete NAVPERS 1306/92 Special Program Screening as required.,PASS,Found on stated page.,PASS,
ADV395,PS,E-6,Transfers Management & Processing,Enlisted Distribution,Special Programs,Which report is submitted when deficiencies in the special program screening process are noted?,Special Program Waiver Request,Overseas Screening Deficiency Report,Special Program Suitability/Unsuitability Report,Special Program Screening Deficiency Report,D,MILPERSMAN 1306-900,Whole MILPERSMAN.pdf,https://www.mynavyhr.navy.mil/References/MILPERSMAN/,1862,"CH-95, 24 Jun 2026","(2) Submit exhibit 1, Special Program Suitability/Unsuitability Report, for all special program applicants once a suitability determination has been made. (3) Submit exhibit 2, Special Program Waiver Request, when a waiver is warranted. (4) Submit exhibit 3, Special Program Screening Deficiency Report, when deficiencies in the screening process are noted.",PASS,Found on stated page.,PASS,
ADV396,PS,E-6,Transfers Management & Processing,Enlisted Distribution,Special Programs,A member bound for sea duty requests a special program. What type of program will it be?,A shore duty program,A program that does not count toward sea-shore flow,A sea duty program,"Either, at the member's choice",C,MILPERSMAN 1306-900,Whole MILPERSMAN.pdf,https://www.mynavyhr.navy.mil/References/MILPERSMAN/,1862,"CH-95, 24 Jun 2026","a. Members requesting a special program must understand that these programs coincide with normal sea-shore flow. If member is bound for sea duty, the special program will be a sea duty program. If member is bound for shore duty, the special program will be for shore.",PASS,Found on stated page.,PASS,
ADV397,PS,E-6,Transfers Management & Processing,Enlisted Distribution,Special Programs,Who must release a member in order for the member to qualify for a special program?,NAVPERSCOM Shore Special Program Distribution Branch (PERS-4010),The member's rating detailer,The command master chief,The member's commanding officer,B,MILPERSMAN 1306-900,Whole MILPERSMAN.pdf,https://www.mynavyhr.navy.mil/References/MILPERSMAN/,1862,"CH-95, 24 Jun 2026",b. Members must be released by their rating detailers to qualify for a special program.,PASS,Found on stated page.,PASS,
ADV398,PS,E-6,Transfers Management & Processing,Enlisted Distribution,Special Programs,A member is unwilling to incur the OBLISERV required for a special program. What do commands do?,Retain the member on board and send an unsuitability report to NAVPERSCOM via naval message,Request an OBLISERV waiver from the gaining command,Transfer the member and flag the service record,Transfer the member and report the violation on arrival,A,MILPERSMAN 1306-900,Whole MILPERSMAN.pdf,https://www.mynavyhr.navy.mil/References/MILPERSMAN/,1863,"CH-95, 24 Jun 2026",e. Individuals qualified for a special program must have the required obligated service (OBLISERV) to complete the normal tour of duty. (1) Members who are unwilling to incur required OBLISERV are not eligible for transfer to special programs. Retain member on board and send an unsuitability report to NAVPERSCOM (appropriate code) via naval message.,PASS,Found on stated page.,PASS,
ADV399,PS,E-6,Transfers Management & Processing,Enlisted Distribution,Special Programs,What serves as the commanding officer's endorsement for a special program applicant?,The CO's signature on NAVPERS 1306/92,The CO's signature on NAVPERS 1306/7,The Special Program Suitability Report message,The command master chief's signature on NAVPERS 1306/92,A,MILPERSMAN 1306-900,Whole MILPERSMAN.pdf,https://www.mynavyhr.navy.mil/References/MILPERSMAN/,1863,"CH-95, 24 Jun 2026",f. COs must ensure members are fully qualified for assignment. The COs signature on NAVPERS 1306/92 is the endorsement.,PASS,Found on stated page.,PASS,
ADV400,PS,E-6,Transfers Management & Processing,Enlisted Distribution,Special Programs,Which special program requirements are excepted from waiver consideration?,Physical fitness standards and evaluation marks,Security clearances and prerequisite training required for personal safety,Time in rate and performance mark average,Obligated service and time on station,B,MILPERSMAN 1306-900,Whole MILPERSMAN.pdf,https://www.mynavyhr.navy.mil/References/MILPERSMAN/,1863,"CH-95, 24 Jun 2026","5. Waivers. Special screening qualifications are required for all special programs, waivers may be granted on a case-by-case basis. a. With the exception of security clearances and prerequisite training required for personal safety, waivers for published requirements will be considered if the member has exceptional potential for success in a given program.",PASS,Found on stated page.,PASS,
ADV401,PS,E-6,Transfers Management & Processing,Enlisted Distribution,Special Programs,To whom are special program waivers submitted?,The gaining command,OPNAV N13,NAVPERSCOM (PERS-4010),The transferring command,A,MILPERSMAN 1306-900,Whole MILPERSMAN.pdf,https://www.mynavyhr.navy.mil/References/MILPERSMAN/,1863,"CH-95, 24 Jun 2026","a. With the exception of security clearances and prerequisite training required for personal safety, waivers for published requirements will be considered if the member has exceptional potential for success in a given program. b. Waivers are submitted to the gaining command.",PASS,Found on stated page.,PASS,
ADV402,PS,E-6,Transfers Management & Processing,Enlisted Distribution,Special Programs,"A member is found unsuitable for a special program through no fault of their own. If the member is within how many months of completing the normal shore tour, the member will return to sea duty?",3 months,18 months,6 months,12 months,D,MILPERSMAN 1306-900,Whole MILPERSMAN.pdf,https://www.mynavyhr.navy.mil/References/MILPERSMAN/,1864,"CH-95, 24 Jun 2026","a. Negotiations with member and detailer for reassignment will occur for the remainder of the prescribed sea or shore tour. If member is within 12 months of completion of normal shore tour, the member will return to sea duty.",PASS,Found on stated page.,PASS,
ADV403,PS,E-6,Transfers Management & Processing,Enlisted Distribution,Special Programs,To whom is a Special Programs Screening Deficiency Report (SPSDR) sent?,Only the receiving command,"NAVPERSCOM Shore Special Program Distribution Branch (PERS-4010) and the applicable detailer, with the receiving command as info",OPNAV N13 and the type commander,NAVPERSCOM (PERS-40HH) and the ISIC,B,MILPERSMAN 1306-900,Whole MILPERSMAN.pdf,https://www.mynavyhr.navy.mil/References/MILPERSMAN/,1864,"CH-95, 24 Jun 2026","7. Special Programs Screening Deficiency Report (SPSDR). Exhibit 3 provides the format for submitting an SPSDR. This message is used to report discrepancies discovered as a result of the screening, which is conducted by the transferring command and sent to NAVPERSCOM Shore Special Program Distribution Branch (PERS-4010) and applicable detailer (info the receiving command).",PASS,Found on stated page.,PASS,
ADV404,PS,E-6,"MILPAY, Disbursing & Receipts",Military Pay,"Advance, Local, Partial and Emergency Partial Pay",An advance of pay is meant to ease hardships when a member is deployed aboard ship for more than how many days?,14 days,60 days,90 days,30 days,D,"DoD 7000.14-R Vol 7A, Chapter 32",Volume_07a.pdf,https://comptroller.defense.gov/Portals/45/documents/fmr/Volume_07a.pdf,690,June 2024,"An advance of pay is to ease hardships imposed by the lack of regular payments when a member is mobilized, ordered to duty at a distant station, or deployed aboard ship for more than 30 days.",PASS,Found on stated page.,PASS,
ADV405,PS,E-6,"MILPAY, Disbursing & Receipts",Military Pay,"Advance, Local, Partial and Emergency Partial Pay",A member assigned for 1 year or more to a hazardous duty pay area may be paid an advance of basic pay not to exceed how much?,"15 days, less deductions","1 month, less deductions","6 months, less deductions","3 months, less deductions",D,"DoD 7000.14-R Vol 7A, Chapter 32",Volume_07a.pdf,https://comptroller.defense.gov/Portals/45/documents/fmr/Volume_07a.pdf,690,June 2024,A member may be paid an advance of basic pay not to exceed 3 months less deductions.,PASS,Found on stated page.,PASS,
ADV406,PS,E-6,"MILPAY, Disbursing & Receipts",Military Pay,"Advance, Local, Partial and Emergency Partial Pay",A member ordered to an indoctrination center may be paid an advance of basic pay not to exceed how much?,1 month,15 days,30 days,7 days,B,"DoD 7000.14-R Vol 7A, Chapter 32",Volume_07a.pdf,https://comptroller.defense.gov/Portals/45/documents/fmr/Volume_07a.pdf,690,June 2024,A member may be paid an advance of basic pay not to exceed 15 days.,PASS,Found on stated page.,PASS,
ADV407,PS,E-6,"MILPAY, Disbursing & Receipts",Military Pay,"Advance, Local, Partial and Emergency Partial Pay",An enlisted member entitled to BAS may be paid an advance of BAS of up to how many months when the CO authorizes it?,3 months,6 months,1 month,2 months,A,"DoD 7000.14-R Vol 7A, Chapter 32",Volume_07a.pdf,https://comptroller.defense.gov/Portals/45/documents/fmr/Volume_07a.pdf,690,June 2024,An enlisted member may be paid an advance of BAS not to exceed 3 months if the member is entitled to BAS and the Commanding Officer (CO) authorizes the payment following a determination that it is necessary.,PASS,Found on stated page.,PASS,
ADV408,PS,E-6,"MILPAY, Disbursing & Receipts",Military Pay,"Advance, Local, Partial and Emergency Partial Pay","Under the DoD FMR, what is military payday?",The last calendar day of the month in which the entitlement was earned,The 15th day of the month in which the entitlement was earned,The last business day of the month after the entitlement was earned,The first calendar day of the month after the month in which the entitlement was earned,D,"DoD 7000.14-R Vol 7A, Chapter 32",Volume_07a.pdf,https://comptroller.defense.gov/Portals/45/documents/fmr/Volume_07a.pdf,691,June 2024,Payday is the first calendar day of the month after the month in which the entitlement was earned.,PASS,Found on stated page.,PASS,
ADV409,PS,E-6,"MILPAY, Disbursing & Receipts",Military Pay,"Advance, Local, Partial and Emergency Partial Pay","Except for payrolls otherwise payable on October 1, if a payday falls on a Saturday, Sunday, or federal legal holiday, payment may be made on the preceding workday, but not more than how many days before the scheduled payday?",2 days,1 day,5 days,3 days,D,"DoD 7000.14-R Vol 7A, Chapter 32",Volume_07a.pdf,https://comptroller.defense.gov/Portals/45/documents/fmr/Volume_07a.pdf,691,June 2024,"Except for payrolls otherwise payable on October 1, if the payday falls on a Saturday, Sunday, or federal legal holiday, payment is authorized on the preceding workday, but not more than 3 days before the scheduled payday.",PASS,Found on stated page.,PASS,
ADV410,PS,E-6,"MILPAY, Disbursing & Receipts",Military Pay,"Advance, Local, Partial and Emergency Partial Pay",A member assigned to sea duty may be advanced the amount of an allotment to dependents if the allotment was made not more than how many days before the scheduled date of assignment?,15 days,60 days,30 days,90 days,B,"DoD 7000.14-R Vol 7A, Chapter 32",Volume_07a.pdf,https://comptroller.defense.gov/Portals/45/documents/fmr/Volume_07a.pdf,691,June 2024,The purpose of this advance payment is to allow a member to be paid the amount of an allotment(s) to dependent(s) if the member is assigned or scheduled for assignment to sea duty or other duty with a unit or command deployed or to be deployed outside the United States and the allotment(s) is made by the member not more than 60 days before the scheduled date of the assignment of the member to this duty.,PASS,Found on stated page.,PASS,
ADV411,PS,E-6,"MILPAY, Disbursing & Receipts",Military Pay,"Advance, Local, Partial and Emergency Partial Pay",May an advance of pay be paid in an amount that would require stopping an allotment for insurance or support of dependents?,"Yes, if the commander approves","Yes, if the member requests it in writing","Yes, but only for E-4 and above",No,D,"DoD 7000.14-R Vol 7A, Chapter 32",Volume_07a.pdf,https://comptroller.defense.gov/Portals/45/documents/fmr/Volume_07a.pdf,689,June 2024,Do not pay an advance of pay in an amount that will require the stoppage of allotments for insurance or support of dependents.,PASS,Found on stated page.,PASS,
ADV412,PS,E-6,"MILPAY, Disbursing & Receipts",Military Pay,"Advance, Local, Partial and Emergency Partial Pay",Local and partial payments are authorized only for what circumstance?,Overseas areas where on-base military banking facilities are not readily available,Members in a non-pay status,Any location outside the continental United States,Members who have lost their government travel charge card,A,"DoD 7000.14-R Vol 7A, Chapter 32",Volume_07a.pdf,https://comptroller.defense.gov/Portals/45/documents/fmr/Volume_07a.pdf,692,June 2024,Local and partial payments are authorized only for overseas areas where on-base military banking facilities are not readily available.,PASS,Found on stated page.,PASS,
ADV413,PS,E-6,"MILPAY, Disbursing & Receipts",Military Pay,"Advance, Local, Partial and Emergency Partial Pay","For members residing or assigned within the United States, an emergency partial payment is one required within how many hours?",72 hours,24 hours,12 hours,6 hours,B,"DoD 7000.14-R Vol 7A, Chapter 32",Volume_07a.pdf,https://comptroller.defense.gov/Portals/45/documents/fmr/Volume_07a.pdf,692,June 2024,"For members residing or assigned within the United States (including Alaska and Hawaii), this is a payment deemed time sensitive and required within 24 hours due to an unforeseen set of circumstances or the resulting state that calls for immediate action",PASS,Found on stated page.,PASS,
ADV414,PS,E-6,"MILPAY, Disbursing & Receipts",Military Pay,"Advance, Local, Partial and Emergency Partial Pay","Who, in coordination with the supporting finance office, may authorize emergency partial payments up to the amount of accrued entitlement to date?",The member's commander,The Navy Comptroller,The member's detailer,The DFAS central site director,A,"DoD 7000.14-R Vol 7A, Chapter 32",Volume_07a.pdf,https://comptroller.defense.gov/Portals/45/documents/fmr/Volume_07a.pdf,692,June 2024,"The member’s commander, in coordination with the supporting finance office, may authorize emergency payments, up to the amount of accrued entitlement to date in the following circumstances",PASS,Found on stated page.,PASS,
ADV415,PS,E-6,"MILPAY, Disbursing & Receipts",Military Pay,"Advance, Local, Partial and Emergency Partial Pay","On request, how much basic pay advance will a member be granted for assignment to a hazardous duty pay area, unless the Secretary concerned grants more for financial hardship?",3 months of basic pay,1 month of basic pay,15 days of basic pay,2 months of basic pay,B,"DoD 7000.14-R Vol 7A, Chapter 32",Volume_07a.pdf,https://comptroller.defense.gov/Portals/45/documents/fmr/Volume_07a.pdf,698,June 2024,"Upon request, the member will be granted an advance payment equaling 1 month of basic pay. The Secretary concerned, at his discretion, may grant a request for up to 2 or 3 months of advanced basic pay if member can justify financial hardship.",PASS,Found on stated page.,PASS,
ADV416,PS,E-6,"MILPAY, Disbursing & Receipts",Military Pay,"Advance, Local, Partial and Emergency Partial Pay","For extenuating circumstances, the standard 30-day window before departure for a PCS advance may be expanded to not exceed how many days prior?",90 days,60 days,180 days,45 days,A,"DoD 7000.14-R Vol 7A, Chapter 32",Volume_07a.pdf,https://comptroller.defense.gov/Portals/45/documents/fmr/Volume_07a.pdf,698,June 2024,"The “30-day window” may be expanded to not exceed 90 days prior, and the “60-day window” may be expanded to not exceed 180 days after, when justified for extenuating circumstances and approved by the member’s commander",PASS,Found on stated page.,PASS,
ADV417,PS,E-6,"MILPAY, Disbursing & Receipts",Military Pay,"Advance, Local, Partial and Emergency Partial Pay","A PCS advance request must be made not later than how many days after the effective date of change, or after the vessel arrives at the new home port or home yard, whichever is later?",30 days,90 days,60 days,15 days,C,"DoD 7000.14-R Vol 7A, Chapter 32",Volume_07a.pdf,https://comptroller.defense.gov/Portals/45/documents/fmr/Volume_07a.pdf,698,June 2024,"The request for an advance of pay must be made not later than 60 days after effective date of change or 60 days after vessel arrives at new home port/home yard, whichever is later.",PASS,Found on stated page.,PASS,
ADV418,PS,E-6,"MILPAY, Disbursing & Receipts",Military Pay,"Advance, Local, Partial and Emergency Partial Pay",A deceased member had not fully repaid an advance of pay. What is collected from the member's estate?,Only the portion paid within the last 12 months,Half of the unrepaid balance,Nothing; the estate is not required to repay the unrepaid portion,The full unrepaid balance,C,"DoD 7000.14-R Vol 7A, Chapter 32",Volume_07a.pdf,https://comptroller.defense.gov/Portals/45/documents/fmr/Volume_07a.pdf,702,June 2024,The estate of a deceased member will not be required to repay any portion of the advanced pay paid to the member that is not repaid before the death of the member.,PASS,Found on stated page.,PASS,
ADV419,PS,E-6,"MILPAY, Disbursing & Receipts",Military Pay,"Advance, Local, Partial and Emergency Partial Pay",Who is authorized to waive recovery of an advance of not more than 1 month of basic pay when recovery would be against equity and good conscience?,The Secretary of the Military Service concerned,The member's commanding officer,The DFAS site director,The disbursing officer,A,"DoD 7000.14-R Vol 7A, Chapter 32",Volume_07a.pdf,https://comptroller.defense.gov/Portals/45/documents/fmr/Volume_07a.pdf,702,June 2024,The Secretary of the Military Service concerned is authorized to waive recovery of an advance of not more than basic pay for 1 month when such recovery would be against equity and good conscience or against the public interest.,PASS,Found on stated page.,PASS,
ADV420,PS,E-6,"MILPAY, Disbursing & Receipts",Military Pay,"Advance, Local, Partial and Emergency Partial Pay",A member who filed for bankruptcy then requests advance pay. The government may be unable to collect the advance unless what occurs?,The member reenlists,"DFAS receives court approval, or the bankruptcy is discharged or terminated",The advance is converted to an allotment,The member's commander approves the collection,B,"DoD 7000.14-R Vol 7A, Chapter 32",Volume_07a.pdf,https://comptroller.defense.gov/Portals/45/documents/fmr/Volume_07a.pdf,689,June 2024,"In such instances, the government may not be able to collect any amount of the advance pay unless the Defense Finance and Accounting Service (DFAS) receives approval from the court or after the bankruptcy is discharged or terminated.",PASS,Found on stated page.,PASS,
ADV421,PS,E-6,"MILPAY, Disbursing & Receipts",Military Pay,Non-Judicial Punishment and Pay,Which non-judicial punishments affect a member's pay?,Restriction and extra military instruction,"Forfeiture of pay, reduction in grade, or a combination of these",Oral reprimand and admonition,Correctional custody,B,"DoD 7000.14-R Vol 7A, Chapter 49",Volume_07a.pdf,https://comptroller.defense.gov/Portals/45/documents/fmr/Volume_07a.pdf,959,June 2024,"Non-judicial punishments which affect pay are forfeiture of pay, reduction in grade, or a combination of these.",PASS,Found on stated page.,PASS,
ADV422,PS,E-6,"MILPAY, Disbursing & Receipts",Military Pay,Non-Judicial Punishment and Pay,Non-judicial punishment includes both a reduction in grade and a forfeiture of pay. On what grade is the forfeiture based?,The grade the member held before the reduction,The average of the two grades,The grade to which the member was reduced,The member's paygrade at the time of the offense,C,"DoD 7000.14-R Vol 7A, Chapter 49",Volume_07a.pdf,https://comptroller.defense.gov/Portals/45/documents/fmr/Volume_07a.pdf,959,June 2024,"When punishment includes both a reduction in grade, whether or not suspended, and a forfeiture of pay, the forfeiture of pay is based on the grade to which the member was reduced.",PASS,Found on stated page.,PASS,
ADV423,PS,E-6,"MILPAY, Disbursing & Receipts",Military Pay,Non-Judicial Punishment and Pay,How must an NJP forfeiture amount be expressed?,In whole dollar amounts only,As a fraction of monthly pay,As a number of days' pay,As a percentage of basic pay,A,"DoD 7000.14-R Vol 7A, Chapter 49",Volume_07a.pdf,https://comptroller.defense.gov/Portals/45/documents/fmr/Volume_07a.pdf,959,June 2024,The amount to be forfeited must be expressed in whole dollar amounts only and not in a number of days pay or fractions of monthly pay.,PASS,Found on stated page.,PASS,
ADV424,PS,E-6,"MILPAY, Disbursing & Receipts",Military Pay,Non-Judicial Punishment and Pay,Forfeiture of pay under NJP may not extend to which pay?,Special and incentive pays,Pay earned in the month after imposition,Any pay accrued before the date of its imposition,Basic allowance for housing,C,"DoD 7000.14-R Vol 7A, Chapter 49",Volume_07a.pdf,https://comptroller.defense.gov/Portals/45/documents/fmr/Volume_07a.pdf,959,June 2024,Forfeiture of pay may not extend to any pay accrued before the date of its imposition.,PASS,Found on stated page.,PASS,
ADV425,PS,E-6,"MILPAY, Disbursing & Receipts",Military Pay,Non-Judicial Punishment and Pay,A Navy member receives a new NJP forfeiture while a prior forfeiture is still in effect. What happens?,Both forfeitures run at the same time,The prior forfeiture is canceled,The new forfeiture is applied only to accrued pay,The new forfeiture does not begin until the prior one is completed,D,"DoD 7000.14-R Vol 7A, Chapter 49",Volume_07a.pdf,https://comptroller.defense.gov/Portals/45/documents/fmr/Volume_07a.pdf,960,June 2024,"(For Navy and Marine Corps members, however, non-judicial forfeitures of pay do not run concurrently. If a forfeiture of pay is imposed by a non-judicial punishment while a prior forfeiture of pay is still in effect, it will not commence until the prior forfeiture of pay is completed.)",PASS,Found on stated page.,PASS,
ADV426,PS,E-6,"MILPAY, Disbursing & Receipts",Military Pay,Non-Judicial Punishment and Pay,A member who considers NJP unjust and appeals may be required to do what while the appeal is pending?,Remain in pay status with no forfeiture,Undergo the adjudged punishment,Have the punishment automatically suspended,Continue on duty with no reduction in grade,B,"DoD 7000.14-R Vol 7A, Chapter 49",Volume_07a.pdf,https://comptroller.defense.gov/Portals/45/documents/fmr/Volume_07a.pdf,960,June 2024,The member may be required to undergo the adjudged punishment pending determination of the appeal.,PASS,Found on stated page.,PASS,
ADV427,PS,E-6,"MILPAY, Disbursing & Receipts",Military Pay,Non-Judicial Punishment and Pay,Unsuspended forfeitures of pay and reductions in grade are effective on what date?,The first day of the next month,The date the member's appeal is decided,The date the commander imposes the punishment,The date the punishment is entered in the pay system,C,"DoD 7000.14-R Vol 7A, Chapter 49",Volume_07a.pdf,https://comptroller.defense.gov/Portals/45/documents/fmr/Volume_07a.pdf,960,June 2024,"Forfeitures of pay and reductions in grade, if unsuspended, are effective on the date the commander imposes the punishment.",PASS,Found on stated page.,PASS,
ADV428,PS,E-6,"MILPAY, Disbursing & Receipts",Military Pay,Non-Judicial Punishment and Pay,"When the suspension of a punishment is vacated, what is the effective date for pay purposes?",The date the punishment was originally imposed,The date the suspension began,The date of the vacation,The first day of the following month,C,"DoD 7000.14-R Vol 7A, Chapter 49",Volume_07a.pdf,https://comptroller.defense.gov/Portals/45/documents/fmr/Volume_07a.pdf,960,June 2024,"When the suspension of a punishment is vacated, the effective date for pay purposes is the date of the vacation.",PASS,Found on stated page.,PASS,
ADV429,PS,E-6,"MILPAY, Disbursing & Receipts",Military Pay,Non-Judicial Punishment and Pay,"In the absence of unusual circumstances, what is a reasonable time in which to set aside an executed NJP?",4 months,60 days,1 year,30 days,A,"DoD 7000.14-R Vol 7A, Chapter 49",Volume_07a.pdf,https://comptroller.defense.gov/Portals/45/documents/fmr/Volume_07a.pdf,961,June 2024,The power to set aside an executed punishment should ordinarily be exercised only within a reasonable time after the punishment has been executed. Four months is a reasonable time in the absence of unusual circumstances.,PASS,Found on stated page.,PASS,
ADV430,PS,E-6,"MILPAY, Disbursing & Receipts",Military Pay,Armed Forces Retirement Home Deductions,The monthly deduction from pay for the Armed Forces Retirement Homes may not exceed how much?,$2.00,$1.00,$0.50,$5.00,B,"DoD 7000.14-R Vol 7A, Chapter 46",Volume_07a.pdf,https://comptroller.defense.gov/Portals/45/documents/fmr/Volume_07a.pdf,913,April 2024,The Secretary of Defense sets the monthly deduction from pay in an amount not to exceed $1.00.,PASS,Found on stated page.,PASS,
ADV431,PS,E-6,"MILPAY, Disbursing & Receipts",Military Pay,Armed Forces Retirement Home Deductions,Is the monthly AFRH deduction prorated for partial months of service?,"Yes, but only for enlisted members","Yes, but only when the member separates",No,"Yes, by the number of days served",C,"DoD 7000.14-R Vol 7A, Chapter 46",Volume_07a.pdf,https://comptroller.defense.gov/Portals/45/documents/fmr/Volume_07a.pdf,913,April 2024,"The deductions of pay, which are not prorated for partial months of service, are deposited in the AFRH Trust Fund.",PASS,Found on stated page.,PASS,
ADV432,PS,E-6,"MILPAY, Disbursing & Receipts",Military Pay,Armed Forces Retirement Home Deductions,Which of the following is subject to AFRH deductions?,Reserve Component members,Regular enlisted members,Commissioned officers,Members in a non-pay status for the entire calendar month,B,"DoD 7000.14-R Vol 7A, Chapter 46",Volume_07a.pdf,https://comptroller.defense.gov/Portals/45/documents/fmr/Volume_07a.pdf,913,April 2024,"The following members are subject to deductions: 3.1.1. Regular enlisted members,",PASS,Found on stated page.,PASS,
ADV433,PS,E-6,"MILPAY, Disbursing & Receipts",Military Pay,Armed Forces Retirement Home Deductions,Which facility is the AFRH location known as the Naval Home?,AFRH - San Diego,AFRH - Gulfport,AFRH - Washington,AFRH - Norfolk,B,"DoD 7000.14-R Vol 7A, Chapter 46",Volume_07a.pdf,https://comptroller.defense.gov/Portals/45/documents/fmr/Volume_07a.pdf,913,April 2024,The AFRH includes the AFRH – Washington (Soldiers’ and Airmen’s Home) and the AFRH – Gulfport (Naval Home).,PASS,Found on stated page.,PASS,
ADV434,PS,E-6,"MILPAY, Disbursing & Receipts",Military Pay,Armed Forces Retirement Home Deductions,Which of the following is NOT subject to AFRH deductions?,Limited duty officers,Regular enlisted members,Reserve Component members,Warrant officers,C,"DoD 7000.14-R Vol 7A, Chapter 46",Volume_07a.pdf,https://comptroller.defense.gov/Portals/45/documents/fmr/Volume_07a.pdf,913,April 2024,"3.1 Members Subject to Deductions The following members are subject to deductions: 3.1.1. Regular enlisted members, 3.1.2. Warrant officers, 3.1.3. Limited duty officers of the Armed Forces, and 3.1.4. Coast Guard members (when it is operating as a Military Service in the Navy). 3.2 Members Not Subject to Deductions The following members are not subject to deductions: 3.2.1. Reserve Component members,",PASS,Found on stated page.,PASS,
ADV435,PS,E-6,"MILPAY, Disbursing & Receipts",Military Pay,Separation Payments,A member discharged under honorable conditions is generally entitled to what for unused accrued leave?,Payment of only 30 days of leave,Forfeiture of all unused leave,Payment only if the member has completed 20 years of service,"Payment of the unused accrued leave, unless the member continues on active duty under conditions that require it to be carried forward",D,"DoD 7000.14-R Vol 7A, Chapter 35",Volume_07a.pdf,https://comptroller.defense.gov/Portals/45/documents/fmr/Volume_07a.pdf,728,March 2024,A member who is discharged or separated under honorable conditions is entitled to payment of unused accrued leave unless the member continues on active duty under conditions that require accrued leave to be carried forward,PASS,Found on stated page.,PASS,
ADV436,PS,E-6,"MILPAY, Disbursing & Receipts",Military Pay,Separation Payments,"Generally, a Service member may receive payment for no more than how many days of accrued leave during a military career?",90 days,30 days,75 days,60 days,D,"DoD 7000.14-R Vol 7A, Chapter 35",Volume_07a.pdf,https://comptroller.defense.gov/Portals/45/documents/fmr/Volume_07a.pdf,728,March 2024,"Generally, a Service member is entitled to receive payment for no more than 60 days of accrued leave during a military career.",PASS,Found on stated page.,PASS,
ADV437,PS,E-6,"MILPAY, Disbursing & Receipts",Military Pay,Separation Payments,An enlisted member qualified for Special Leave Accrual who would lose leave in excess of 90 days may elect a one-time payment of up to how many days of the excess leave?,30 days,60 days,15 days,45 days,A,"DoD 7000.14-R Vol 7A, Chapter 35",Volume_07a.pdf,https://comptroller.defense.gov/Portals/45/documents/fmr/Volume_07a.pdf,729,March 2024,An enlisted member of the Armed Forces who qualifies for Special Leave Accrual (SLA) as set forth in subparagraphs 2.2.2.2 through 2.2.2.5 and who would lose accumulated leave in excess of 90 days may elect to be paid up to 30 days of the excess leave.,PASS,Found on stated page.,PASS,
ADV438,PS,E-6,"MILPAY, Disbursing & Receipts",Military Pay,Separation Payments,How many times in a career may a member exercise the one-time leave payment option for excess leave?,Twice,Once per fiscal year,Once per enlistment,Once,D,"DoD 7000.14-R Vol 7A, Chapter 35",Volume_07a.pdf,https://comptroller.defense.gov/Portals/45/documents/fmr/Volume_07a.pdf,729,March 2024,A member may exercise this option only once in their career.,PASS,Found on stated page.,PASS,
ADV439,PS,E-6,"MILPAY, Disbursing & Receipts",Military Pay,Separation Payments,What is the status of accrued leave for a member discharged under other than honorable conditions?,The member is paid for leave accrued in the last year,All accrued leave is forfeited at the time of discharge,The member may carry the leave forward to a later enlistment,The member is paid for up to 30 days,B,"DoD 7000.14-R Vol 7A, Chapter 35",Volume_07a.pdf,https://comptroller.defense.gov/Portals/45/documents/fmr/Volume_07a.pdf,730,March 2024,"A member who is discharged under other than honorable conditions forfeits all accrued leave at the time of discharge and is not entitled to payment for accrued leave, regardless of the length of time the separated member has served.",PASS,Found on stated page.,PASS,
ADV440,PS,E-6,"MILPAY, Disbursing & Receipts",Military Pay,Separation Payments,"A member receives an entry-level discharge before completing 6 months of active duty. Except when the member failed to serve satisfactorily, how is the discharge treated for accrued leave?","As an other than honorable discharge, with forfeiture of leave","As a general discharge, with payment limited to 15 days","As an honorable discharge, with payment of accrued leave authorized",As a discharge that requires a commander's approval for payment,C,"DoD 7000.14-R Vol 7A, Chapter 35",Volume_07a.pdf,https://comptroller.defense.gov/Portals/45/documents/fmr/Volume_07a.pdf,730,March 2024,"Except as provided in subparagraph 2.1.5, a member who receives an entry-level discharge before completing 6 months of active duty will be considered as having received an honorable discharge with payment of accrued leave being authorized. 2.1.5. A member, who is discharged before completing 6 months of active duty because of failure to serve satisfactorily, forfeits all accrued leave at the time of discharge.",PASS,Found on stated page.,PASS,
ADV441,PS,E-6,"MILPAY, Disbursing & Receipts",Military Pay,Separation Payments,How is leave earned valued for payment purposes?,Using basic pay plus special and incentive pays,Using basic pay plus BAH,Using total monthly entitlements,Using only basic pay,D,"DoD 7000.14-R Vol 7A, Chapter 35",Volume_07a.pdf,https://comptroller.defense.gov/Portals/45/documents/fmr/Volume_07a.pdf,731,March 2024,Leave earned is valued using only basic pay.,PASS,Found on stated page.,PASS,
ADV442,PS,E-6,"MILPAY, Disbursing & Receipts",Military Pay,Separation Payments,At what rate does leave accrue to a Service member serving on active duty for 30 days or more?,2 1/2 days for each month of active service,2 days for each month of active service,3 days for each month of active service,"30 days for each year, credited on the anniversary date",A,"DoD 7000.14-R Vol 7A, Chapter 35",Volume_07a.pdf,https://comptroller.defense.gov/Portals/45/documents/fmr/Volume_07a.pdf,732,March 2024,Leave accrues to a Service member serving on active duty for 30 days or more. It accrues at the rate of 2½ days for each month of active service,PASS,Found on stated page.,PASS,
ADV443,PS,E-6,"MILPAY, Disbursing & Receipts",Military Pay,Separation Payments,"A member may not carry forward a leave balance of more than how many days into a new fiscal year, except when entitled to Special Leave Accrual?",60 days,90 days,30 days,75 days,A,"DoD 7000.14-R Vol 7A, Chapter 35",Volume_07a.pdf,https://comptroller.defense.gov/Portals/45/documents/fmr/Volume_07a.pdf,732,March 2024,"A member may not carry forward a leave balance of more than 60 days into a new fiscal year, except when entitled to Special Leave Accrual.",PASS,Found on stated page.,PASS,
ADV444,PS,E-6,"MILPAY, Disbursing & Receipts",Military Pay,Separation Payments,A member entitled to SLA may carry forward a combined total leave balance of up to how many days?,100 days,120 days,60 days,90 days,D,"DoD 7000.14-R Vol 7A, Chapter 35",Volume_07a.pdf,https://comptroller.defense.gov/Portals/45/documents/fmr/Volume_07a.pdf,732,March 2024,"A member entitled to SLA may carry forward a combined total leave balance of up to 90 days (i.e., 60 days of ordinary leave plus 30 days of SLA leave).",PASS,Found on stated page.,PASS,
ADV445,PS,E-6,"MILPAY, Disbursing & Receipts",Military Pay,Separation Payments,A member who serves on active duty while entitled to hostile fire/imminent danger pay for a continuous period of at least how many days is eligible for Special Leave Accrual?,60 days,90 days,120 days,30 days,C,"DoD 7000.14-R Vol 7A, Chapter 35",Volume_07a.pdf,https://comptroller.defense.gov/Portals/45/documents/fmr/Volume_07a.pdf,732,March 2024,2.2.2.3. The following members are eligible for SLA. 2.2.2.3.1. A member who serves on active duty while entitled to hostile fire/imminent danger pay for a continuous period of at least 120 days;,PASS,Found on stated page.,PASS,
ADV446,PS,E-6,"MILPAY, Disbursing & Receipts",Military Pay,Separation Payments,From whom must a member described in the SLA eligibility categories receive written authorization for SLA?,The Navy Comptroller,The first O-6 in the chain of command,The member's commanding officer,The first officer in the grade above O-6 in the chain of command,D,"DoD 7000.14-R Vol 7A, Chapter 35",Volume_07a.pdf,https://comptroller.defense.gov/Portals/45/documents/fmr/Volume_07a.pdf,732,March 2024,A member described in subparagraphs 2.2.2.3.1 through 2.2.2.3.3 must receive written authorization for SLA from the first officer in the grade above O-6 in their chain of command.,PASS,Found on stated page.,PASS,
ADV447,PS,E-6,"MILPAY, Disbursing & Receipts",Military Pay,Separation Payments,Which leave accounting method is generally used when leave is taken?,Special leave accrual first,"Last In, First Out (most recently accrued leave charged first)",Highest value first,"First In, First Out (oldest accrued leave charged first)",B,"DoD 7000.14-R Vol 7A, Chapter 35",Volume_07a.pdf,https://comptroller.defense.gov/Portals/45/documents/fmr/Volume_07a.pdf,733,March 2024,"Generally, when used, leave will be charged with the most recently accrued leave charged first. This method is known as Last In, First Out.",PASS,Found on stated page.,PASS,
ADV448,PS,E-6,"MILPAY, Disbursing & Receipts",Military Pay,Separation Payments,Payments for accrued leave are normally treated how for taxes?,Subject to taxation and income tax withholding,Exempt from all federal taxes,Exempt from withholding but reported as income,Taxed only if the member's paygrade is E-7 or above,A,"DoD 7000.14-R Vol 7A, Chapter 35",Volume_07a.pdf,https://comptroller.defense.gov/Portals/45/documents/fmr/Volume_07a.pdf,733,March 2024,Payments for accrued leave are normally subject to taxation and income tax withholding.,PASS,Found on stated page.,PASS,
ADV449,PS,E-6,"MILPAY, Disbursing & Receipts",Military Pay,Separation Payments,Do enlisted members (E-1 and above) have a ceiling on the value of tax-exempt Combat Zone Tax Exclusion payments for a qualifying month?,"Yes, the limit is the highest rate of enlisted basic pay","Yes, the limit is $5,000 per month","Yes, the limit is set by paygrade","No, enlisted members and warrant officers have no limitation or ceiling",D,"DoD 7000.14-R Vol 7A, Chapter 35",Volume_07a.pdf,https://comptroller.defense.gov/Portals/45/documents/fmr/Volume_07a.pdf,733,March 2024,Enlisted members (E-1 and above) and warrant officers (W-1 through W-5) have no limitation or ceiling on the value of payments exempt from federal or state taxes and federal tax withholding for any month in which they qualify for an exemption.,PASS,Found on stated page.,PASS,
ADV450,PS,E-6,"MILPAY, Disbursing & Receipts",Military Pay,Separation Payments,May payments for accrued leave be used to satisfy debts owed to the U.S. Government?,Only with the member's written consent,"No, they are protected from debt collection",Only up to half of the payment,"Yes, without restriction",D,"DoD 7000.14-R Vol 7A, Chapter 35",Volume_07a.pdf,https://comptroller.defense.gov/Portals/45/documents/fmr/Volume_07a.pdf,734,March 2024,Payments for accrued leave may be used to satisfy debts to the U.S. Government without restriction.,PASS,Found on stated page.,PASS,
ADV451,PS,E-6,"MILPAY, Disbursing & Receipts",Military Pay,Separation Payments,An enlisted member transferring to an officer position may be paid for unused leave under the inter-service transfer rules. True or false?,False; the member may be paid only for 30 days,True; the member is paid subject to the 60-day career limit,True; the member is paid in full,False; the member may not be paid for unused leave,D,"DoD 7000.14-R Vol 7A, Chapter 35",Volume_07a.pdf,https://comptroller.defense.gov/Portals/45/documents/fmr/Volume_07a.pdf,735,March 2024,2.6.2. An enlisted member transferring to an officer position may not be paid for unused leave.,PASS,Found on stated page.,PASS,
ADV452,PS,E-6,"MILPAY, Disbursing & Receipts",Military Pay,Separation Payments,"Full non-disability separation pay requires at least how many years of active service, and less than how many years?",At least 8 years but less than 20 years,At least 4 years but less than 20 years,At least 6 years but less than 15 years,At least 6 years but less than 20 years,D,"DoD 7000.14-R Vol 7A, Chapter 35",Volume_07a.pdf,https://comptroller.defense.gov/Portals/45/documents/fmr/Volume_07a.pdf,736,March 2024,"The member is on active duty or full-time National Guard duty and has completed at least 6 years, but less than 20 years, of active service.",PASS,Found on stated page.,PASS,
ADV453,PS,E-6,"MILPAY, Disbursing & Receipts",Military Pay,Separation Payments,"For full non-disability separation pay, how must the member's separation be characterized?",Honorable or general (under honorable conditions),Any characterization other than dishonorable,Honorable,General (under honorable conditions),C,"DoD 7000.14-R Vol 7A, Chapter 35",Volume_07a.pdf,https://comptroller.defense.gov/Portals/45/documents/fmr/Volume_07a.pdf,736,March 2024,The member’s separation must be characterized as “honorable” and none of the conditions apply that are listed in paragraph 3.2;,PASS,Found on stated page.,PASS,
ADV454,PS,E-6,"MILPAY, Disbursing & Receipts",Military Pay,Separation Payments,Full separation pay requires a written agreement to serve in the Ready Reserve for at least how long after separation?,2 years,1 year,3 years,6 years,C,"DoD 7000.14-R Vol 7A, Chapter 35",Volume_07a.pdf,https://comptroller.defense.gov/Portals/45/documents/fmr/Volume_07a.pdf,736,March 2024,The member must have entered into a written agreement with the military service concerned to serve in the Ready Reserve in a Reserve Component of the Armed Forces for a minimum period of 3 years following the separation from active duty.,PASS,Found on stated page.,PASS,
ADV455,PS,E-6,"MILPAY, Disbursing & Receipts",Military Pay,Separation Payments,Half separation pay is authorized for members separated with which characterizations of service?,Honorable or general (under honorable conditions),Honorable only,"Honorable, general, or other than honorable",General (under honorable conditions) only,A,"DoD 7000.14-R Vol 7A, Chapter 35",Volume_07a.pdf,https://comptroller.defense.gov/Portals/45/documents/fmr/Volume_07a.pdf,738,March 2024,"The member’s separation must be characterized as “honorable” or “general (under honorable conditions),” and none of the conditions apply that are listed in paragraph 3.2;",PASS,Found on stated page.,PASS,
ADV456,PS,E-6,"MILPAY, Disbursing & Receipts",Military Pay,Separation Payments,Which member is NOT eligible for separation pay?,A member separated under a Reduction in Force,A fully qualified member denied continuation on active duty,A member denied reenlistment under a promotion or high year of tenure policy,A member separated from active duty at the member's own request,D,"DoD 7000.14-R Vol 7A, Chapter 35",Volume_07a.pdf,https://comptroller.defense.gov/Portals/45/documents/fmr/Volume_07a.pdf,739,March 2024,Service members separated under the following circumstances are not eligible for separation pay: 3.2.1. The member is separated from active duty at the member’s own request.,PASS,Found on stated page.,PASS,
ADV457,PS,E-6,"MILPAY, Disbursing & Receipts",Military Pay,Separation Payments,Is a member separated from active duty during an initial term of enlistment eligible for non-disability separation pay?,No,"Yes, if the characterization is honorable","Yes, if separated involuntarily","Yes, if the member has 6 or more years of service",A,"DoD 7000.14-R Vol 7A, Chapter 35",Volume_07a.pdf,https://comptroller.defense.gov/Portals/45/documents/fmr/Volume_07a.pdf,739,March 2024,"Service members separated under the following circumstances are not eligible for separation pay: 3.2.1. The member is separated from active duty at the member’s own request. The following examples will be considered to be a separation at the member’s own request: 3.2.1.1. A member who declines training that the service offers to qualify for a new skill or rating as a precondition to reenlistment or continuation on active duty; 3.2.1.2. A member who requests separation as provided for in DoDI 1332.14 or under regulations established by the Secretary of the Military Department concerned; 3.2.1.3. An officer who is separated for twice failing to promote and either (or both) of those failures to promote was the result of the officer submitting a request in writing not to be selected for promotion or who otherwise directly caused the non-selection through written communication to the selection board in accordance with 10 U.S.C. § 614(b); or 3.2.1.4. An officer who is separated for twice failing to promote when he or she was offered and declined continuation on active duty for a period that is equal to, or more than the amount of service required to qualify the officer for retirement. 3.2.2. The member is separated from active duty during an initial term of enlistment or an initial period of obligated service.",PASS,Found on stated page.,PASS,
ADV458,PS,E-6,"MILPAY, Disbursing & Receipts",Military Pay,Separation Payments,Which time is NOT included in computing active service for separation pay?,Periods of absence without leave and confinement time while serving a court-martial sentence,Full months of active service beyond full years,Periods of active duty for training,Active service in a Reserve Component,A,"DoD 7000.14-R Vol 7A, Chapter 35",Volume_07a.pdf,https://comptroller.defense.gov/Portals/45/documents/fmr/Volume_07a.pdf,741,March 2024,"Do not include periods of absence without leave, confinement time awaiting trial that results in a conviction, confinement time while serving a court-martial sentence, and time lost while not on duty.",PASS,Found on stated page.,PASS,
ADV459,PS,E-6,"MILPAY, Disbursing & Receipts",Military Pay,Separation Payments,How is full separation pay computed?,10 percent of the product of years of active service and 12 times monthly basic pay at separation,10 percent of the product of years of active service and monthly basic pay at separation,15 percent of years of active service times 12 times monthly basic pay at separation,5 percent of the product of years of active service and 12 times monthly basic pay at separation,A,"DoD 7000.14-R Vol 7A, Chapter 35",Volume_07a.pdf,https://comptroller.defense.gov/Portals/45/documents/fmr/Volume_07a.pdf,741,March 2024,Full separation pay is 10 percent of the product of the number of years of active service and 12 times the monthly basic pay to which the Service member was entitled at the time of discharge or release from active duty.,PASS,Found on stated page.,PASS,
ADV460,PS,E-6,"MILPAY, Disbursing & Receipts",Military Pay,Separation Payments,How much is half separation pay?,Two-thirds of the amount computed for full separation pay,5 percent of the member's annual basic pay,One-half of the amount computed for full separation pay,One-third of the amount computed for full separation pay,C,"DoD 7000.14-R Vol 7A, Chapter 35",Volume_07a.pdf,https://comptroller.defense.gov/Portals/45/documents/fmr/Volume_07a.pdf,741,March 2024,Half separation pay is one-half of the amount computed in subparagraph 3.4.1.,PASS,Found on stated page.,PASS,
ADV461,PS,E-6,"MILPAY, Disbursing & Receipts",Military Pay,Separation Payments,"When computing fractions of a year for separation pay, how is each full month of active service counted?","As 1/12 of a year, disregarding any remaining fractional month","As 1/12 of a year, rounding partial months up","As 1/12 of a year, counting only months with 20 or more days","As 1/10 of a year, rounding partial months up",A,"DoD 7000.14-R Vol 7A, Chapter 35",Volume_07a.pdf,https://comptroller.defense.gov/Portals/45/documents/fmr/Volume_07a.pdf,741,March 2024,"Fractions of years will be computed by counting each full month of active service, in addition to the number of full years of active service, as 1/12 of a year. Disregard any remaining fractional part of a month;",PASS,Found on stated page.,PASS,
ADV462,PS,E-6,"MILPAY, Disbursing & Receipts",Military Pay,Separation Payments,Disability severance pay is computed by multiplying how many months of the highest applicable basic pay by the number of combined years of service?,3 months,6 months,2 months,1 month,C,"DoD 7000.14-R Vol 7A, Chapter 35",Volume_07a.pdf,https://comptroller.defense.gov/Portals/45/documents/fmr/Volume_07a.pdf,743,March 2024,"To compute disability severance, pay, multiply the sum of the highest applicable basic pay amount (described in subparagraph 5.3.3) for 2 months by the number of combined years (but not over 19) of active service and inactive-duty points.",PASS,Found on stated page.,PASS,
ADV463,PS,E-6,"MILPAY, Disbursing & Receipts",Military Pay,Separation Payments,What is the maximum number of years of service used to compute disability severance pay?,20 years,10 years,19 years,15 years,C,"DoD 7000.14-R Vol 7A, Chapter 35",Volume_07a.pdf,https://comptroller.defense.gov/Portals/45/documents/fmr/Volume_07a.pdf,744,March 2024,The maximum number of years of service for computing the disability severance pay will be 19 years.,PASS,Found on stated page.,PASS,
ADV464,PS,E-6,"MILPAY, Disbursing & Receipts",Military Pay,Separation Payments,The minimum number of years used to compute disability severance pay is how many for a member separated for a disability incurred in the line of duty in a combat zone?,4 years,3 years,10 years,6 years,D,"DoD 7000.14-R Vol 7A, Chapter 35",Volume_07a.pdf,https://comptroller.defense.gov/Portals/45/documents/fmr/Volume_07a.pdf,744,March 2024,The minimum number of years for computation purposes will be: 5.3.2.1. Six years in the case of a member separated from the Armed Forces for a disability incurred in the line of duty in a CZ (as designated by the SecDef) or incurred during the performance of duty in combat-related operations (as designated by the SecDef); or,PASS,Found on stated page.,PASS,
ADV465,PS,E-6,"MILPAY, Disbursing & Receipts",Military Pay,Separation Payments,"For disability severance pay, the minimum number of years used in computation for any other member is how many?",6 years,1 year,2 years,3 years,D,"DoD 7000.14-R Vol 7A, Chapter 35",Volume_07a.pdf,https://comptroller.defense.gov/Portals/45/documents/fmr/Volume_07a.pdf,744,March 2024,Three years in the case of any other member.,PASS,Found on stated page.,PASS,
ADV466,PS,E-6,"MILPAY, Disbursing & Receipts",Military Pay,Separation Payments,Disability severance pay is normally treated how for tax purposes?,Taxed at a flat state rate only,Tax-exempt,Exempt from withholding only,Taxable income,D,"DoD 7000.14-R Vol 7A, Chapter 35",Volume_07a.pdf,https://comptroller.defense.gov/Portals/45/documents/fmr/Volume_07a.pdf,745,March 2024,Disability severance pay is normally taxable income.,PASS,Found on stated page.,PASS,
ADV467,PS,E-6,"MILPAY, Disbursing & Receipts",Military Pay,Separation Payments,Contract cancellation pay applies to which members?,Reserve members who request early release,Members separated for misconduct,Regular enlisted members who reenlist early,Reserve members released from active duty without their consent before the end of their active-duty agreement,D,"DoD 7000.14-R Vol 7A, Chapter 35",Volume_07a.pdf,https://comptroller.defense.gov/Portals/45/documents/fmr/Volume_07a.pdf,747,March 2024,Reserve members released from active duty (other than for training) without their consent before the end of their active-duty agreement made under 10 U.S.C. § 12311(a) are entitled to a special payment under 10 U.S.C. § 12312.,PASS,Found on stated page.,PASS,
ADV468,PS,E-6,"MILPAY, Disbursing & Receipts",Military Pay,Separation Payments,Is contract cancellation pay subject to withholding tax?,Yes,Only if the payment exceeds one month of basic pay,No,Only for officers,A,"DoD 7000.14-R Vol 7A, Chapter 35",Volume_07a.pdf,https://comptroller.defense.gov/Portals/45/documents/fmr/Volume_07a.pdf,748,March 2024,Contract cancellation pay is subject to withholding tax.,PASS,Found on stated page.,PASS,
ADV469,PS,E-6,"MILPAY, Disbursing & Receipts",Military Pay,Overseas Tour Extension Incentives,"To qualify for the special pay or bonus for extending duty at a designated overseas location, the member must agree at the end of the tour to extend for a period of not less than how long?",2 years,1 year,18 months,6 months,B,"DoD 7000.14-R Vol 7A, Chapter 14",Volume_07a.pdf,https://comptroller.defense.gov/Portals/45/documents/fmr/Volume_07a.pdf,241,July 2024,"At the end of the tour of duty, execute an agreement to extend that tour for a period of not less than 1 year.",PASS,Found on stated page.,PASS,
ADV470,PS,E-6,"MILPAY, Disbursing & Receipts",Military Pay,Overseas Tour Extension Incentives,What is the maximum monthly special pay for a qualified member who extends an overseas tour of duty?,$200 per month,$50 per month,$80 per month,$100 per month,C,"DoD 7000.14-R Vol 7A, Chapter 14",Volume_07a.pdf,https://comptroller.defense.gov/Portals/45/documents/fmr/Volume_07a.pdf,241,July 2024,"Special pay in monthly installments in an amount prescribed by the Secretary, but not to exceed $80 per month; or",PASS,Found on stated page.,PASS,
ADV471,PS,E-6,"MILPAY, Disbursing & Receipts",Military Pay,Overseas Tour Extension Incentives,What is the maximum annual bonus for a qualified member who extends an overseas tour of duty?,"$5,000 per year","$3,000 per year","$2,000 per year","$1,000 per year",C,"DoD 7000.14-R Vol 7A, Chapter 14",Volume_07a.pdf,https://comptroller.defense.gov/Portals/45/documents/fmr/Volume_07a.pdf,242,July 2024,"An annual bonus in an amount prescribed by the Secretary, but not to exceed $2,000 per year.",PASS,Found on stated page.,PASS,
ADV472,PS,E-6,"MILPAY, Disbursing & Receipts",Military Pay,Overseas Tour Extension Incentives,"Once fixed at the time of the extension agreement, what happens to the payment rate of the overseas extension special pay or bonus?",It may be changed by the member's commander,It is reduced after the first 6 months,It may not be changed during the extended tour,It is adjusted annually,C,"DoD 7000.14-R Vol 7A, Chapter 14",Volume_07a.pdf,https://comptroller.defense.gov/Portals/45/documents/fmr/Volume_07a.pdf,242,July 2024,The payment rate for the special pay or bonus will be fixed at the time of the agreement and may not be changed during the period of the extended tour of duty.,PASS,Found on stated page.,PASS,
ADV473,PS,E-6,"MILPAY, Disbursing & Receipts",Military Pay,Overseas Tour Extension Incentives,A member may elect in lieu of the special pay or bonus a period of SR&R absence of not more than how many days?,15 days,45 days,20 days,30 days,D,"DoD 7000.14-R Vol 7A, Chapter 14",Volume_07a.pdf,https://comptroller.defense.gov/Portals/45/documents/fmr/Volume_07a.pdf,242,July 2024,A period of SR&R absence for not more than 30 days; or,PASS,Found on stated page.,PASS,
ADV474,PS,E-6,"MILPAY, Disbursing & Receipts",Military Pay,Overseas Tour Extension Incentives,Travel time to or from the CONUS port and the overseas location is treated how for the 15-day or 20-day SR&R absence?,Non-chargeable and not included in the 15-day or 20-day SR&R,Included in the 15-day or 20-day SR&R,Chargeable as leave,Chargeable as special liberty,A,"DoD 7000.14-R Vol 7A, Chapter 14",Volume_07a.pdf,https://comptroller.defense.gov/Portals/45/documents/fmr/Volume_07a.pdf,243,July 2024,"Travel time to or from the CONUS port, or alternate destination, and overseas location is non-chargeable and not included in the 15-day or 20-day SR&R.",PASS,Found on stated page.,PASS,
ADV475,PS,E-6,"MILPAY, Disbursing & Receipts",Military Pay,Overseas Tour Extension Incentives,Which Navy reference provides Navy entitlements and procedures for the overseas extension incentives?,BUPERSINST 1001.39F,Naval Military Personnel Manual 1306-900,Naval Military Personnel Manual 1300-308,Naval Military Personnel Manual 1306-300,D,"DoD 7000.14-R Vol 7A, Chapter 14",Volume_07a.pdf,https://comptroller.defense.gov/Portals/45/documents/fmr/Volume_07a.pdf,243,July 2024,4.2 Navy Naval Military Personnel Manual 1306-300,PASS,Found on stated page.,PASS,
ADV476,PS,E-6,"MILPAY, Disbursing & Receipts",Military Pay,Garnishments and Involuntary Allotments,Which federal statute governs the processing of garnishment orders for child support and/or alimony from the pay of individuals paid by the United States?,42 U.S.C. section 659,10 U.S.C. section 815,37 U.S.C. section 351,5 U.S.C. section 5520a(k),A,"DoD 7000.14-R Vol 7A, Chapter 41",Volume_07a.pdf,https://comptroller.defense.gov/Portals/45/documents/fmr/Volume_07a.pdf,834,January 2025,"The processing of garnishment orders for child support and/or alimony from the pay of individuals receiving remuneration for employment from the United States is governed by 42 U.S.C. § 659 and Title 5, Code of Federal Regulations (CFR), part 581.",PASS,Found on stated page.,PASS,
ADV477,PS,E-6,"MILPAY, Disbursing & Receipts",Military Pay,Garnishments and Involuntary Allotments,"When state or foreign law where the issuing court is located conflicts with federal law on garnishment, which law applies?",The more restrictive law,The less restrictive law,The state or foreign law always,The federal law always,A,"DoD 7000.14-R Vol 7A, Chapter 41",Volume_07a.pdf,https://comptroller.defense.gov/Portals/45/documents/fmr/Volume_07a.pdf,834,January 2025,"When the law of the state or foreign nation in which the issuing court is located conflicts with the federal law, the more restrictive law applies.",PASS,Found on stated page.,PASS,
ADV478,PS,E-6,"MILPAY, Disbursing & Receipts",Military Pay,Garnishments and Involuntary Allotments,Which of these items of pay is subject to garnishment?,"Special pay, including enlistment and reenlistment bonuses",Basic allowance for housing,Family separation allowance,Basic allowance for subsistence,A,"DoD 7000.14-R Vol 7A, Chapter 41",Volume_07a.pdf,https://comptroller.defense.gov/Portals/45/documents/fmr/Volume_07a.pdf,835,January 2025,2.3.2. Special pay (including enlistment and reenlistment bonuses);,PASS,Found on stated page.,PASS,
ADV479,PS,E-6,"MILPAY, Disbursing & Receipts",Military Pay,Garnishments and Involuntary Allotments,Which of these allowances is NOT subject to legal process for garnishment?,Basic pay,Inactive duty training pay,Basic allowance for housing,Incentive pay,C,"DoD 7000.14-R Vol 7A, Chapter 41",Volume_07a.pdf,https://comptroller.defense.gov/Portals/45/documents/fmr/Volume_07a.pdf,835,January 2025,The following items of pay and allowances are not subject to legal process: 2.4.1. Basic allowance for subsistence; 2.4.2. Basic allowance for housing;,PASS,Found on stated page.,PASS,
ADV480,PS,E-6,"MILPAY, Disbursing & Receipts",Military Pay,Garnishments and Involuntary Allotments,Which of the following is NOT subject to garnishment?,Readjustment pay,Separation pay,Death gratuity,Severance pay,C,"DoD 7000.14-R Vol 7A, Chapter 41",Volume_07a.pdf,https://comptroller.defense.gov/Portals/45/documents/fmr/Volume_07a.pdf,836,January 2025,2.4.10. Reserve Officer Training Corps subsistence allowance; 2.4.11. Death gratuity; 2.4.12. Allowance for recruiting expenses;,PASS,Found on stated page.,PASS,
ADV481,PS,E-6,"MILPAY, Disbursing & Receipts",Military Pay,Garnishments and Involuntary Allotments,How are disposable earnings defined for garnishment?,"Basic pay only, with no deductions",Gross pay subject to garnishment less specified deductions that are not subject to legal process,Gross pay less any voluntary allotments,Total pay and allowances less federal taxes only,B,"DoD 7000.14-R Vol 7A, Chapter 41",Volume_07a.pdf,https://comptroller.defense.gov/Portals/45/documents/fmr/Volume_07a.pdf,836,January 2025,"Disposable earnings are a member’s gross pay subject to garnishment less deductions for the following items, which are not subject to legal process:",PASS,Found on stated page.,PASS,
ADV482,PS,E-6,"MILPAY, Disbursing & Receipts",Military Pay,Garnishments and Involuntary Allotments,"Unless a lower state or local limit applies, what part of disposable earnings may be garnished if the member is not supporting a spouse or dependent child?",60 percent,25 percent,65 percent,50 percent,A,"DoD 7000.14-R Vol 7A, Chapter 41",Volume_07a.pdf,https://comptroller.defense.gov/Portals/45/documents/fmr/Volume_07a.pdf,837,January 2025,Sixty percent if the member concerned is not supporting a spouse or dependent child; or,PASS,Found on stated page.,PASS,
ADV483,PS,E-6,"MILPAY, Disbursing & Receipts",Military Pay,Garnishments and Involuntary Allotments,What is the maximum garnishment percentage if a member asserts by affidavit that he or she provides over half the support for another spouse or dependent child?,60 percent,55 percent,50 percent,25 percent,C,"DoD 7000.14-R Vol 7A, Chapter 41",Volume_07a.pdf,https://comptroller.defense.gov/Portals/45/documents/fmr/Volume_07a.pdf,837,January 2025,Fifty percent of disposable earnings if the member concerned asserts by affidavit or other acceptable evidence that he or she is providing over half of the support for a spouse or dependent child,PASS,Found on stated page.,PASS,
ADV484,PS,E-6,"MILPAY, Disbursing & Receipts",Military Pay,Garnishments and Involuntary Allotments,"When the legal process shows the member is in arrears for a period 12 weeks prior to the beginning of the pay period, the 60 percent maximum garnishment rises to what?",55 percent,65 percent,70 percent,75 percent,B,"DoD 7000.14-R Vol 7A, Chapter 41",Volume_07a.pdf,https://comptroller.defense.gov/Portals/45/documents/fmr/Volume_07a.pdf,837,January 2025,"2.6.2. Sixty percent if the member concerned is not supporting a spouse or dependent child; or 2.6.3. If it appears from the face of the legal process that the member is in arrears for a period which is 12 weeks prior to the beginning of that pay period, then the maximum percentage under subparagraph 2.6.1, is 55 percent and under subparagraph 2.6.2, is 65 percent.",PASS,Found on stated page.,PASS,
ADV485,PS,E-6,"MILPAY, Disbursing & Receipts",Military Pay,Garnishments and Involuntary Allotments,"When allotments must be stopped to comply with a garnishment and the member does not say which, which allotment is involuntarily stopped first?",U.S. Savings Bond,Commercial life insurance,Combined Federal Campaign (CFC) charity drive,Repay home loans,C,"DoD 7000.14-R Vol 7A, Chapter 41",Volume_07a.pdf,https://comptroller.defense.gov/Portals/45/documents/fmr/Volume_07a.pdf,837,January 2025,"If the member refuses or is unable to advise which allotment should be stopped to permit compliance with the legal process, then the allotments will be involuntarily stopped in the following order: 2.7.1.1. Combined Federal Campaign (CFC) - Charity Drive;",PASS,Found on stated page.,PASS,
ADV486,PS,E-6,"MILPAY, Disbursing & Receipts",Military Pay,Garnishments and Involuntary Allotments,Which allotments are NOT subject to legal process and should not be stopped for a garnishment?,Allotments for U.S. Government insurance,Combined Federal Campaign allotments,Allotments for repayment of indebtedness to the United States and delinquent federal taxes,Allotments to financial organizations,C,"DoD 7000.14-R Vol 7A, Chapter 41",Volume_07a.pdf,https://comptroller.defense.gov/Portals/45/documents/fmr/Volume_07a.pdf,838,January 2025,The allotments of pay for the repayment of indebtedness to the United States and repayment of delinquent federal taxes are not subject to legal process and should not be stopped.,PASS,Found on stated page.,PASS,
ADV487,PS,E-6,"MILPAY, Disbursing & Receipts",Military Pay,Garnishments and Involuntary Allotments,Which organization is responsible for receiving and processing legal processes for child support and alimony against active-duty members?,The Navy Personnel Command,The Defense Manpower Data Center,The DFAS Garnishment Law Directorate,The member's command legal office,C,"DoD 7000.14-R Vol 7A, Chapter 41",Volume_07a.pdf,https://comptroller.defense.gov/Portals/45/documents/fmr/Volume_07a.pdf,838,January 2025,"The Defense Finance and Accounting Service (DFAS) Garnishment Law Directorate, or designated representatives, are responsible for receiving and processing all legal processes concerning active-duty members and members of the RC not on active duty.",PASS,Found on stated page.,PASS,
ADV488,PS,E-6,"MILPAY, Disbursing & Receipts",Military Pay,Garnishments and Involuntary Allotments,Within how many calendar days after valid service of legal process must the member be notified in writing?,15 calendar days,5 calendar days,60 calendar days,30 calendar days,A,"DoD 7000.14-R Vol 7A, Chapter 41",Volume_07a.pdf,https://comptroller.defense.gov/Portals/45/documents/fmr/Volume_07a.pdf,839,January 2025,Notify the member within 15 calendar days after valid service of legal process.,PASS,Found on stated page.,PASS,
ADV489,PS,E-6,"MILPAY, Disbursing & Receipts",Military Pay,Garnishments and Involuntary Allotments,"Within how many calendar days of effective service must the designated agent determine disposable earnings, answer the legal process, and pay the amount due?",10 calendar days,60 calendar days,30 calendar days,15 calendar days,C,"DoD 7000.14-R Vol 7A, Chapter 41",Volume_07a.pdf,https://comptroller.defense.gov/Portals/45/documents/fmr/Volume_07a.pdf,839,January 2025,"2.9.3. Within 30 calendar days of effective service, or such longer period as may be allowed by applicable State law: 2.9.3.1. Determine the amount of the member’s disposable earnings; 2.9.3.2. Where required, file an answer to the legal process with the court in which the proceeding was brought and answer any interrogatories regarding the pay and allowances due the member. The designated agent may use its standard answer form for this purpose; and 2.9.3.3. Pay the amount due pursuant to legal process.",PASS,Found on stated page.,PASS,
ADV490,PS,E-6,"MILPAY, Disbursing & Receipts",Military Pay,Garnishments and Involuntary Allotments,"When multiple legal processes are served, which has priority?",Support arrearages over current support,Involuntary allotments for commercial debts over child support,Alimony over current child support,Legal process to enforce current support over support arrearages,D,"DoD 7000.14-R Vol 7A, Chapter 41",Volume_07a.pdf,https://comptroller.defense.gov/Portals/45/documents/fmr/Volume_07a.pdf,840,January 2025,Legal process to enforce current support will have priority over legal process to enforce support arrearages;,PASS,Found on stated page.,PASS,
ADV491,PS,E-6,"MILPAY, Disbursing & Receipts",Military Pay,Garnishments and Involuntary Allotments,DFAS will start a statutory child support allotment for a member on extended active duty when the member has failed to make support payments equal to how much support?,1 month,6 months,6 weeks,2 months or longer,D,"DoD 7000.14-R Vol 7A, Chapter 41",Volume_07a.pdf,https://comptroller.defense.gov/Portals/45/documents/fmr/Volume_07a.pdf,840,January 2025,"DFAS will start a statutory child or child and spousal support allotment from the pay and allowances of a member on extended active duty when the member has failed to make periodic payments, under a support order, in an amount equal to the support payable for 2 months or longer.",PASS,Found on stated page.,PASS,
ADV492,PS,E-6,"MILPAY, Disbursing & Receipts",Military Pay,Garnishments and Involuntary Allotments,The designated official must send the member a copy of a statutory allotment notice not later than how many calendar days after receipt?,60 calendar days,30 calendar days,5 calendar days,15 calendar days,D,"DoD 7000.14-R Vol 7A, Chapter 41",Volume_07a.pdf,https://comptroller.defense.gov/Portals/45/documents/fmr/Volume_07a.pdf,844,January 2025,"as soon as possible, but not later than 15 calendar days after the date of receipt of the notice, the designated official will send to the member, at his or her duty station, a copy of the notice and other legal documentation",PASS,Found on stated page.,PASS,
ADV493,PS,E-6,"MILPAY, Disbursing & Receipts",Military Pay,Garnishments and Involuntary Allotments,Within how many days of notice must the member's commanding officer confirm in writing that the member received legal consultation on the support obligation?,30 days,60 days,10 days,15 days,A,"DoD 7000.14-R Vol 7A, Chapter 41",Volume_07a.pdf,https://comptroller.defense.gov/Portals/45/documents/fmr/Volume_07a.pdf,845,January 2025,"The member's commanding officer, or designee, will confirm in writing to the designated official within 30 days of notice that the member received a consultation concerning the member's support obligation",PASS,Found on stated page.,PASS,
ADV494,PS,E-6,"MILPAY, Disbursing & Receipts",Military Pay,Garnishments and Involuntary Allotments,How much additional percentage of disposable earnings is withheld when the total support payments are 12 or more weeks in arrears under a statutory allotment?,25 percent,10 percent,15 percent,5 percent,D,"DoD 7000.14-R Vol 7A, Chapter 41",Volume_07a.pdf,https://comptroller.defense.gov/Portals/45/documents/fmr/Volume_07a.pdf,846,January 2025,an additional 5 percent of the member's disposable earnings will be withheld when the notice states that the total amount of the member's support payments is 12 or more weeks in arrears.,PASS,Found on stated page.,PASS,
ADV495,PS,E-6,"MILPAY, Disbursing & Receipts",Military Pay,Garnishments and Involuntary Allotments,"If several notices are sent for the same member, how are payments satisfied?",Proportionally among all notices,"Child support first, then spousal support","On a first-come, first-served basis within the maximum limits",Highest amount first,C,"DoD 7000.14-R Vol 7A, Chapter 41",Volume_07a.pdf,https://comptroller.defense.gov/Portals/45/documents/fmr/Volume_07a.pdf,846,January 2025,"If several notices are sent with respect to the same member, then payments will be satisfied on a first-come, first-served basis within the amount limitations in subparagraph 3.6.2.",PASS,Found on stated page.,PASS,
ADV496,PS,E-6,"MILPAY, Disbursing & Receipts",Military Pay,Garnishments and Involuntary Allotments,"For a first assessment of a levy for unpaid child support against an active duty member, satisfaction of the levy is stayed for how long after notice and demand?",30 days,15 days,90 days,60 days,D,"DoD 7000.14-R Vol 7A, Chapter 41",Volume_07a.pdf,https://comptroller.defense.gov/Portals/45/documents/fmr/Volume_07a.pdf,847,January 2025,"in the case of a first assessment against an active duty, retired (including members of the Fleet Reserve and Marine Corps Fleet Reserve), or Reserve member for unpaid child support, satisfaction of the levy will be stayed for a period of 60 days immediately following notice and demand.",PASS,Found on stated page.,PASS,
ADV497,PS,E-6,"MILPAY, Disbursing & Receipts",Military Pay,Garnishments and Involuntary Allotments,Which DD Form does a creditor use to start the involuntary allotment process?,"DD Form 2558, Authorization to Start, Stop or Change an Allotment","DD Form 2653, Involuntary Allotment Application","DD Form 1351-2, Travel Voucher","DD Form 2654, Involuntary Allotment Notice and Processing",B,"DoD 7000.14-R Vol 7A, Chapter 41",Volume_07a.pdf,https://comptroller.defense.gov/Portals/45/documents/fmr/Volume_07a.pdf,849,January 2025,"The creditor initiates the involuntary allotment process by mailing a completed application package, the “Involuntary Allotment Application,” DoD (DD) Form 2653, and a certified copy of the final judgment to the designated agent",PASS,Found on stated page.,PASS,
ADV498,PS,E-6,"MILPAY, Disbursing & Receipts",Military Pay,Garnishments and Involuntary Allotments,"The designated agent sends a notification letter, a copy of the application package, and which DD Form to the member and the member's commanding officer?",DD Form 2654,DD Form 2653,DD Form 2558,DD Form 214,A,"DoD 7000.14-R Vol 7A, Chapter 41",Volume_07a.pdf,https://comptroller.defense.gov/Portals/45/documents/fmr/Volume_07a.pdf,850,January 2025,"The designated agent will send a notification letter, along with a copy of the application package and a DD Form 2654, “Involuntary Allotment Notice and Processing,” to the pertinent member, and to the member’s commanding officer, in care of the member’s unit address of record in the military pay system.",PASS,Found on stated page.,PASS,
ADV499,PS,E-6,"MILPAY, Disbursing & Receipts",Military Pay,Garnishments and Involuntary Allotments,"An involuntary allotment will be established if no response is received within how many calendar days from the original date of mailing, unless an extension has been granted?",60 calendar days,90 calendar days,30 calendar days,120 calendar days,B,"DoD 7000.14-R Vol 7A, Chapter 41",Volume_07a.pdf,https://comptroller.defense.gov/Portals/45/documents/fmr/Volume_07a.pdf,850,January 2025,The notice letter to the member and the member’s commanding officer will state that the involuntary allotment will be established against the member’s pay if a response is not received within 90 calendar days from the original date of mailing,PASS,Found on stated page.,PASS,
ADV500,PS,E-6,"MILPAY, Disbursing & Receipts",Military Pay,Garnishments and Involuntary Allotments,"When the member is available, within how many days of receiving the application package and DD Form 2654 must the commanding officer notify and counsel the member?",10 days,5 days,3 days,15 days,B,"DoD 7000.14-R Vol 7A, Chapter 41",Volume_07a.pdf,https://comptroller.defense.gov/Portals/45/documents/fmr/Volume_07a.pdf,851,January 2025,"If the member is available for counseling, within 5 days of receipt of the application package and the DD Form 2654, then the commanding officer will notify the member of the application, provide the member with a copy of the entire application package, and counsel the member using and completing Section III of the DD Form 2654.",PASS,Found on stated page.,PASS,
ADV501,PS,E-6,"MILPAY, Disbursing & Receipts",Military Pay,Garnishments and Involuntary Allotments,How many calendar days does a member have to complete Section IV of the DD Form 2654 after receiving the commanding officer's notice?,5 calendar days,90 calendar days,15 calendar days,30 calendar days,C,"DoD 7000.14-R Vol 7A, Chapter 41",Volume_07a.pdf,https://comptroller.defense.gov/Portals/45/documents/fmr/Volume_07a.pdf,851,January 2025,The commanding officer’s counsel will include notifying the member that he or she has 15 calendar days from receipt of the commanding officer’s notice to complete Section IV of the DD Form 2654 and return it to the commanding officer.,PASS,Found on stated page.,PASS,
ADV502,PS,E-6,"MILPAY, Disbursing & Receipts",Military Pay,Garnishments and Involuntary Allotments,Which of the following is a defense a member may assert against an involuntary allotment?,"That the judgment has been fully satisfied, superseded, or set aside",That the member disagrees with the creditor's interest rate,That the member was not present at the hearing by choice,That the debt is owed to the U.S. Government,A,"DoD 7000.14-R Vol 7A, Chapter 41",Volume_07a.pdf,https://comptroller.defense.gov/Portals/45/documents/fmr/Volume_07a.pdf,852,January 2025,"That the judgment has been fully satisfied, superseded, or set aside;",PASS,Found on stated page.,PASS,
ADV503,PS,E-6,"MILPAY, Disbursing & Receipts",Military Pay,Basic Pay,"How is time served in an enlistment that is terminated, voided, or invalidated as fraudulent treated when computing a basic pay date?",It is creditable for officers only,It is not creditable service,It is creditable if the member completed 2 years,It is creditable at one-half value,B,"DoD 7000.14-R Vol 7A, Chapter 1",Volume_07a.pdf,https://comptroller.defense.gov/Portals/45/documents/fmr/Volume_07a.pdf,15,May 2024,"2.2.1. General. Do not use any service that is not listed as creditable service to compute a basic pay date. The following list includes a few types of service that are not creditable: 2.2.1.1. The time served in an enlistment that is terminated, voided, or invalidated as fraudulent;",PASS,Found on stated page.,PASS,
ADV504,PS,E-6,"MILPAY, Disbursing & Receipts",Military Pay,Basic Pay,Is time served as a commissioned officer in the Philippine Army creditable when computing a basic pay date?,"Yes, at one-half value","Yes, for officers only","Yes, in full",No,D,"DoD 7000.14-R Vol 7A, Chapter 1",Volume_07a.pdf,https://comptroller.defense.gov/Portals/45/documents/fmr/Volume_07a.pdf,15,May 2024,"2.2.1. General. Do not use any service that is not listed as creditable service to compute a basic pay date. The following list includes a few types of service that are not creditable: 2.2.1.1. The time served in an enlistment that is terminated, voided, or invalidated as fraudulent; 2.2.1.2. The time served as a commissioned officer in the Philippine Army;",PASS,Found on stated page.,PASS,
ADV505,PS,E-6,"MILPAY, Disbursing & Receipts",Military Pay,Basic Pay,From which date do all basic pay date computations start?,The date of the member's first enlistment,The date of the member's most recent entry on duty without a break in service,The date of the member's last promotion,The date of the member's last reenlistment ceremony,B,"DoD 7000.14-R Vol 7A, Chapter 1",Volume_07a.pdf,https://comptroller.defense.gov/Portals/45/documents/fmr/Volume_07a.pdf,18,May 2024,All basic pay date computations start from the date of the member’s most recent entry on duty without a break in service.,PASS,Found on stated page.,PASS,
ADV506,PS,E-6,"MILPAY, Disbursing & Receipts",Military Pay,Basic Pay,"For enlisted members, what date is used to start a basic pay date computation?",The date the member reported to the first permanent duty station,The date of enlistment,The date of graduation from recruit training,The date of first paycheck,B,"DoD 7000.14-R Vol 7A, Chapter 1",Volume_07a.pdf,https://comptroller.defense.gov/Portals/45/documents/fmr/Volume_07a.pdf,18,May 2024,"For enlisted members, the date of enlistment, but see subparagraph 2.1.4.12 for service under a DEP;",PASS,Found on stated page.,PASS,
ADV507,PS,E-6,"MILPAY, Disbursing & Receipts",Military Pay,Basic Pay,"When computing a basic pay date, if an ending date falls on the 31st day of the month, how is it treated?",It is changed to the 30th,It is counted as the 31st,It is changed to the 1st of the next month,It is dropped and the previous day used,A,"DoD 7000.14-R Vol 7A, Chapter 1",Volume_07a.pdf,https://comptroller.defense.gov/Portals/45/documents/fmr/Volume_07a.pdf,19,May 2024,"List all ending dates. If the day is the 31st day of the month, change it to 30.",PASS,Found on stated page.,PASS,
ADV508,PS,E-6,"MILPAY, Disbursing & Receipts",Military Pay,Basic Pay,"For each non-continuous period of service in a basic pay date computation, how many days are added for inclusive days?",3 days,2 days,1 day,No days are added,C,"DoD 7000.14-R Vol 7A, Chapter 1",Volume_07a.pdf,https://comptroller.defense.gov/Portals/45/documents/fmr/Volume_07a.pdf,19,May 2024,"For each non-continuous period of service, add 1 day to account for inclusive days.",PASS,Found on stated page.,PASS,
ADV509,PS,E-6,"MILPAY, Disbursing & Receipts",Military Pay,Basic Pay,"When lost time has not been made good, on what basis is lost time computed?",A 30-day month basis,A 31-day month basis,A calendar day basis,A 360-day year basis with fractions rounded up,A,"DoD 7000.14-R Vol 7A, Chapter 1",Volume_07a.pdf,https://comptroller.defense.gov/Portals/45/documents/fmr/Volume_07a.pdf,20,May 2024,"When there is a period of lost time that has not been made good, compute the lost time on a 30-day month basis",PASS,Found on stated page.,PASS,
ADV510,PS,E-6,"MILPAY, Disbursing & Receipts",Military Pay,Basic Pay,A member makes good lost time and completes the enlistment. How is the lost time computed?,On the basis that shows the higher total of days lost,Only on a 30-day month basis,Only on a day-to-day basis,"On both a 30-day month basis and a day-to-day basis, using the result most advantageous to the member",D,"DoD 7000.14-R Vol 7A, Chapter 1",Volume_07a.pdf,https://comptroller.defense.gov/Portals/45/documents/fmr/Volume_07a.pdf,21,May 2024,"When the member makes good on lost time and completes the enlistment or contract period, compute the period of lost time on both a 30-day month basis and a day-to-day basis and use the result that is most advantageous to the member.",PASS,Found on stated page.,PASS,
ADV511,PS,E-6,"MILPAY, Disbursing & Receipts",Military Pay,Basic Pay,"When an enlisted person returns to duty after a period of lost time, how is the basic pay date adjusted?",The number of days of lost time is added to the basic pay date,The basic pay date is reset to the date of return,The basic pay date is unchanged,The number of days of lost time is subtracted from the basic pay date,A,"DoD 7000.14-R Vol 7A, Chapter 1",Volume_07a.pdf,https://comptroller.defense.gov/Portals/45/documents/fmr/Volume_07a.pdf,23,May 2024,"When an enlisted person returns to duty after a period of lost time, add the number of days lost time to the member’s basic pay date to reflect the lost time.",PASS,Found on stated page.,PASS,
ADV512,PS,E-6,"MILPAY, Disbursing & Receipts",Military Pay,Basic Pay,"When a basic pay date falls on February 29, on what date do longevity increases begin in non-leap years?",March 1,The first day of the next pay period,March 2,February 28,A,"DoD 7000.14-R Vol 7A, Chapter 1",Volume_07a.pdf,https://comptroller.defense.gov/Portals/45/documents/fmr/Volume_07a.pdf,23,May 2024,"When basic pay date falls on February 29, entitlement to longevity increases begins on March 1 in non-leap years and on February 29 in leap years.",PASS,Found on stated page.,PASS,
ADV513,PS,E-6,"MILPAY, Disbursing & Receipts",Military Pay,Basic Pay,"Besides Tables 1-7 through 1-10 in Chapter 1, where are current basic pay rates published?",In the annual NAVADMIN on advancement,In the myPay leave and earnings statement instructions,In MILPERSMAN 1000-010,On the Basic Pay tables on DFAS.MIL,D,"DoD 7000.14-R Vol 7A, Chapter 1",Volume_07a.pdf,https://comptroller.defense.gov/Portals/45/documents/fmr/Volume_07a.pdf,23,May 2024,"Current basic pay rates are contained in Tables 1-7, 1-8, 1-9, 1-10, and on the Basic Pay tables on DFAS.MIL.",PASS,Found on stated page.,PASS,
ADV514,PS,E-6,"MILPAY, Disbursing & Receipts",Military Pay,Basic Pay,Enlisted members whose enlistments expire while serving on a naval vessel in foreign waters and who are retained as service essential to the public interest receive how much increase in basic pay?,A 50-percent increase,A 25-percent increase,A 15-percent increase,A 10-percent increase,B,"DoD 7000.14-R Vol 7A, Chapter 1",Volume_07a.pdf,https://comptroller.defense.gov/Portals/45/documents/fmr/Volume_07a.pdf,30,May 2024,"During the period of retention, except in time of war, members are entitled to regular pay and allowances, plus a 25-percent increase in the basic pay, to which they were entitled on the day before the period of retention began.",PASS,Found on stated page.,PASS,
ADV515,PS,E-6,"MILPAY, Disbursing & Receipts",Military Pay,Basic Pay,Who determines whether the retention of a member whose enlistment expired aboard a vessel in foreign waters is service essential to the public interests?,The senior officer present afloat,The type commander,The Chief of Naval Personnel,The ship's commanding officer,A,"DoD 7000.14-R Vol 7A, Chapter 1",Volume_07a.pdf,https://comptroller.defense.gov/Portals/45/documents/fmr/Volume_07a.pdf,30,May 2024,The senior officer present afloat makes this determination.,PASS,Found on stated page.,PASS,
ADV516,PS,E-6,"MILPAY, Disbursing & Receipts",Military Pay,Basic Pay,For which of the following is the 25-percent increase in basic pay NOT used in the computation?,Cash settlement for unused leave on discharge,Basic pay for the period of retention,Regular pay while retained on the vessel,Pay accrued until the vessel returns to CONUS,A,"DoD 7000.14-R Vol 7A, Chapter 1",Volume_07a.pdf,https://comptroller.defense.gov/Portals/45/documents/fmr/Volume_07a.pdf,30,May 2024,Do not use the 25-percent increase in computing: 3.4.3.1. Cash settlement for unused leave on discharge;,PASS,Found on stated page.,PASS,
ADV517,PS,E-6,"MILPAY, Disbursing & Receipts",Military Pay,Basic Pay,An enlisted member is retained after the enlistment expires at a shore station. Does the member receive the 25-percent increase in basic pay?,"Yes, for the first 30 days","Yes, if the retention is in the public interest",No,"Yes, if the member has dependents",C,"DoD 7000.14-R Vol 7A, Chapter 1",Volume_07a.pdf,https://comptroller.defense.gov/Portals/45/documents/fmr/Volume_07a.pdf,30,May 2024,Enlisted members are not entitled to the increased basic pay if retained on active duty after the expiration of enlistment: 3.4.2.1.1. At shore stations;,PASS,Found on stated page.,PASS,
ADV518,PS,E-6,"MILPAY, Disbursing & Receipts",Military Pay,Basic Pay,The 25-percent increase in basic pay continues through the date of discharge if the member is discharged within how many days after arrival in CONUS?,60 days,30 days,10 days,15 days,B,"DoD 7000.14-R Vol 7A, Chapter 1",Volume_07a.pdf,https://comptroller.defense.gov/Portals/45/documents/fmr/Volume_07a.pdf,31,May 2024,"3.4.4. Termination of Increase in Basic Pay. The 25-percent increase in basic pay continues through date of: 3.4.4.1. Discharge, if the member is discharged within 30 days after arrival in CONUS; or",PASS,Found on stated page.,PASS,
ADV519,PS,E-6,"MILPAY, Disbursing & Receipts",Military Pay,Basic Pay,Members on active duty for how many consecutive days or more are entitled to accrue leave?,10 consecutive days,30 consecutive days,60 consecutive days,90 consecutive days,B,"DoD 7000.14-R Vol 7A, Chapter 1",Volume_07a.pdf,https://comptroller.defense.gov/Portals/45/documents/fmr/Volume_07a.pdf,32,May 2024,All Military Service members on active duty for 30 consecutive days or more are entitled to accrue leave under applicable Military Service leave regulations.,PASS,Found on stated page.,PASS,
ADV520,PS,E-6,"MILPAY, Disbursing & Receipts",Military Pay,Basic Pay,Which Navy publication is the applicable Navy leave regulation cited in the FMR?,Military Personnel Manual 1306-300,Military Personnel Manual 1050-010,Military Personnel Manual 1050-030,BUPERSINST 1001.39F,B,"DoD 7000.14-R Vol 7A, Chapter 1",Volume_07a.pdf,https://comptroller.defense.gov/Portals/45/documents/fmr/Volume_07a.pdf,32,May 2024,4.1.2.2. Navy - Military Personnel Manual 1050-010;,PASS,Found on stated page.,PASS,
ADV521,PS,E-6,"MILPAY, Disbursing & Receipts",Military Pay,Basic Pay,"A member may carry an advance leave balance into a new term of service, not to exceed the days accruing in the new term or how many days, whichever is less?",60 days,45 days,30 days,15 days,C,"DoD 7000.14-R Vol 7A, Chapter 1",Volume_07a.pdf,https://comptroller.defense.gov/Portals/45/documents/fmr/Volume_07a.pdf,33,May 2024,"Carryover will not exceed the number of days or fraction of days the member will accrue in the new enlistment or term of service or 30 days, whichever is less.",PASS,Found on stated page.,PASS,
ADV522,PS,E-6,"MILPAY, Disbursing & Receipts",Military Pay,Basic Pay,Are members on excess leave entitled to pay and allowances?,"Yes, if they have dependents",No,"Yes, basic pay only","Yes, but only at half rate",B,"DoD 7000.14-R Vol 7A, Chapter 1",Volume_07a.pdf,https://comptroller.defense.gov/Portals/45/documents/fmr/Volume_07a.pdf,34,May 2024,Members on excess leave are not entitled to pay and allowances.,PASS,Found on stated page.,PASS,
ADV523,PS,E-6,"MILPAY, Disbursing & Receipts",Military Pay,Basic Pay,"When the complete period of leave is granted as excess leave, when does pay and allowance accrual stop?",After 30 days of leave,Beginning with the second day of leave,Beginning with the first day of leave,On the last day of leave,C,"DoD 7000.14-R Vol 7A, Chapter 1",Volume_07a.pdf,https://comptroller.defense.gov/Portals/45/documents/fmr/Volume_07a.pdf,34,May 2024,"When the complete period of leave is granted as excess leave, pay and allowance accrual will be stopped beginning with the first day of leave.",PASS,Found on stated page.,PASS,
ADV524,PS,E-6,"MILPAY, Disbursing & Receipts",Military Pay,Basic Pay,An unauthorized absence of how many consecutive hours or less does not affect pay or allowances?,12 consecutive hours,6 consecutive hours,48 consecutive hours,24 consecutive hours,D,"DoD 7000.14-R Vol 7A, Chapter 1",Volume_07a.pdf,https://comptroller.defense.gov/Portals/45/documents/fmr/Volume_07a.pdf,37,May 2024,Unauthorized absence of 24 consecutive hours or less does not affect pay or allowances.,PASS,Found on stated page.,PASS,
ADV525,PS,E-6,"MILPAY, Disbursing & Receipts",Military Pay,Basic Pay,Is a discharge for desertion conclusive evidence of desertion for forfeiture of pay?,"No, an administrative hearing is required","Yes, even in the absence of trial by court-martial","Yes, but only with a commanding officer's endorsement","No, a court-martial conviction is required",B,"DoD 7000.14-R Vol 7A, Chapter 1",Volume_07a.pdf,https://comptroller.defense.gov/Portals/45/documents/fmr/Volume_07a.pdf,37,May 2024,"A discharge for desertion is conclusive evidence of desertion for the purpose of forfeiture of pay, even in the absence of trial by court-martial.",PASS,Found on stated page.,PASS,
ADV526,PS,E-6,"MILPAY, Disbursing & Receipts",Military Pay,Basic Pay,Where is the gross amount of pay forfeited by an enlisted member as a result of desertion deposited?,The U.S. Treasury general account,The Navy General Fund,The Armed Forces Retirement Home Trust Fund,The member's next of kin,C,"DoD 7000.14-R Vol 7A, Chapter 1",Volume_07a.pdf,https://comptroller.defense.gov/Portals/45/documents/fmr/Volume_07a.pdf,37,May 2024,"When an enlisted member, warrant officer, or limited duty officer forfeits pay as a result of desertion, deposit the gross amount of such forfeited pay to the Armed Forces Retirement Home Trust Fund.",PASS,Found on stated page.,PASS,
ADV527,PS,E-6,"MILPAY, Disbursing & Receipts",Military Pay,Basic Pay,A member whose pay is forfeited for disease-related absence under the applicable rule for more than 1 month is entitled to how much for personal expenses for each full month?,$1,$5,$25,$10,B,"DoD 7000.14-R Vol 7A, Chapter 1",Volume_07a.pdf,https://comptroller.defense.gov/Portals/45/documents/fmr/Volume_07a.pdf,38,May 2024,"A member whose pay is forfeited under Table 1-12, rule 3 for more than 1 month is entitled to $5 for personal expenses for each full month that he or she forfeits pay.",PASS,Found on stated page.,PASS,
ADV528,PS,E-6,"MILPAY, Disbursing & Receipts",Military Pay,Basic Pay,Which absence from duty does NOT result in forfeiture of pay?,Absence caused by desertion,Absence caused by an injury,Absence caused by unauthorized absence,Absence caused by confinement resulting from a court-martial sentence with total forfeitures,B,"DoD 7000.14-R Vol 7A, Chapter 1",Volume_07a.pdf,https://comptroller.defense.gov/Portals/45/documents/fmr/Volume_07a.pdf,38,May 2024,Pay is not forfeited for absence from duty caused by: 4.2.5.2.1. An injury;,PASS,Found on stated page.,PASS,
ADV529,PS,E-6,"MILPAY, Disbursing & Receipts",Military Pay,Basic Pay,A member confined awaiting trial by court-martial when the enlistment expires. What happens to pay and allowances?,They end on the date the enlistment expires,They continue until discharge in every case,They continue at half rate,They continue until the trial is complete,A,"DoD 7000.14-R Vol 7A, Chapter 1",Volume_07a.pdf,https://comptroller.defense.gov/Portals/45/documents/fmr/Volume_07a.pdf,39,May 2024,"If a member is confined awaiting court-martial trial when the enlistment expires, pay and allowances end on the date the enlistment expires.",PASS,Found on stated page.,PASS,
ADV530,PS,E-6,"MILPAY, Disbursing & Receipts",Military Pay,Basic Pay,How is a fraudulent contract of enlistment treated?,It is void once the member is discharged,It is automatically void,It is valid and cannot be changed,It is not void but voidable at the option of the government,D,"DoD 7000.14-R Vol 7A, Chapter 1",Volume_07a.pdf,https://comptroller.defense.gov/Portals/45/documents/fmr/Volume_07a.pdf,40,May 2024,A fraudulent contract of enlistment or induction is not void but is voidable at the option of the government.,PASS,Found on stated page.,PASS,
ADV531,PS,E-6,"MILPAY, Disbursing & Receipts",Military Pay,Basic Pay,Which financial institution charges may be reimbursed?,Overdraft or minimum or average balance charges caused by a government administrative or mechanical error that delayed or misdirected pay,Any late fees the member incurs,Charges caused by incorrect information provided by the member,Charges from a credit card company,A,"DoD 7000.14-R Vol 7A, Chapter 1",Volume_07a.pdf,https://comptroller.defense.gov/Portals/45/documents/fmr/Volume_07a.pdf,41,May 2024,"Authorized reimbursements are limited to overdraft charges or minimum balance, or average balance charges levied by the financial institution because of an administrative or mechanical error on the part of the government that causes pay to be deposited late or in an incorrect manner or amount.",PASS,Found on stated page.,PASS,
ADV532,PS,E-6,"MILPAY, Disbursing & Receipts",Military Pay,Basic Pay,Are financial institution charges resulting from erroneous information provided by the member reimbursed?,"No, they are not the liability of the government","Yes, at the commander's discretion","Yes, up to $50","Yes, if the member requests in writing",A,"DoD 7000.14-R Vol 7A, Chapter 1",Volume_07a.pdf,https://comptroller.defense.gov/Portals/45/documents/fmr/Volume_07a.pdf,41,May 2024,Charges by financial institutions resulting from erroneous information provided by the member or the financial institution to a military pay office are not the liability of the government and will not be reimbursed.,PASS,Found on stated page.,PASS,
ADV533,PS,E-6,"MILPAY, Disbursing & Receipts",Military Pay,Inactive Duty Training Pay,At what rate is a Reserve Component member compensated for each authorized period of regular inactive duty training?,One-twelfth of the basic pay for grade and years of service,One-thirtieth of the basic pay for grade and years of service,One-sixtieth of the basic pay for grade and years of service,One-fifteenth of the basic pay for grade and years of service,B,"DoD 7000.14-R Vol 7A, Chapter 58",Volume_07a.pdf,https://comptroller.defense.gov/Portals/45/documents/fmr/Volume_07a.pdf,1076,March 2025,2.1.1. IDT With Pay. A member of a Reserve Component is entitled to compensation at the rate of one-thirtieth of the basic pay prescribed for grade and years of service for the performance of each authorized period of: 2.1.1.1. Regular IDT; and,PASS,Found on stated page.,PASS,
ADV534,PS,E-6,"MILPAY, Disbursing & Receipts",Military Pay,Inactive Duty Training Pay,"Which Navy instruction is cited for Navy IDT equivalent training, instruction, or duty details?",MILPERSMAN 1306-300,OPNAVINST 1001.39,BUPERSINST 1001.39F CH-1,BUPERSINST 1430.16H,C,"DoD 7000.14-R Vol 7A, Chapter 58",Volume_07a.pdf,https://comptroller.defense.gov/Portals/45/documents/fmr/Volume_07a.pdf,1076,March 2025,"2.1.1.2.2. Navy. See Bureau of Naval Personnel Instruction 1001.39F CH-1, (BUPERSINST 1001.39F CH-1).",PASS,Found on stated page.,PASS,
ADV535,PS,E-6,"MILPAY, Disbursing & Receipts",Military Pay,Inactive Duty Training Pay,"To qualify for pay for a period of IDT, a member must engage in duty or training for not less than how many hours?",3 hours,1 hour,2 hours,4 hours,C,"DoD 7000.14-R Vol 7A, Chapter 58",Volume_07a.pdf,https://comptroller.defense.gov/Portals/45/documents/fmr/Volume_07a.pdf,1077,March 2025,"To qualify for pay for a period of IDT, each member must engage in such duty or training for the period (not less than 2 hours) as prescribed by the Secretary of the Military Department concerned.",PASS,Found on stated page.,PASS,
ADV536,PS,E-6,"MILPAY, Disbursing & Receipts",Military Pay,Inactive Duty Training Pay,A member cannot qualify for pay for more than how many periods of IDT during a single calendar day?,One,Two,Three,Four,B,"DoD 7000.14-R Vol 7A, Chapter 58",Volume_07a.pdf,https://comptroller.defense.gov/Portals/45/documents/fmr/Volume_07a.pdf,1077,March 2025,A member cannot qualify for pay for more than two periods of IDT during a single calendar day.,PASS,Found on stated page.,PASS,
ADV537,PS,E-6,"MILPAY, Disbursing & Receipts",Military Pay,Inactive Duty Training Pay,Can a member accrue IDT compensation on a day on which the member is also entitled to basic pay for active duty?,"Yes, if the commander approves",No,"Yes, at one-half the IDT rate","Yes, if the IDT is at least 4 hours",B,"DoD 7000.14-R Vol 7A, Chapter 58",Volume_07a.pdf,https://comptroller.defense.gov/Portals/45/documents/fmr/Volume_07a.pdf,1077,March 2025,A member cannot accrue compensation for IDT performed on a day on which he or she is also entitled to basic pay for AD or on a day on which he or she is entitled to Muster Duty Allowance (MDA).,PASS,Found on stated page.,PASS,
ADV538,PS,E-6,"MILPAY, Disbursing & Receipts",Military Pay,Inactive Duty Training Pay,May Reserve Component members allot their IDT compensation?,"No, except as prescribed in Chapter 57, paragraph 2.5","Yes, for insurance premiums only","Yes, up to 50 percent","Yes, without restriction",A,"DoD 7000.14-R Vol 7A, Chapter 58",Volume_07a.pdf,https://comptroller.defense.gov/Portals/45/documents/fmr/Volume_07a.pdf,1077,March 2025,"Except as prescribed in Chapter 57, paragraph 2.5, there is no authorization for members of a Reserve Component to allot IDT compensation.",PASS,Found on stated page.,PASS,
ADV539,PS,E-6,"MILPAY, Disbursing & Receipts",Military Pay,Inactive Duty Training Pay,The Muster Duty Allowance is what percent of the average per diem rate in effect on September 30 of the preceding calendar year?,100 percent,50 percent,125 percent,150 percent,C,"DoD 7000.14-R Vol 7A, Chapter 58",Volume_07a.pdf,https://comptroller.defense.gov/Portals/45/documents/fmr/Volume_07a.pdf,1078,March 2025,The MDA is 125 percent of the average per diem rate in effect on September 30 of the calendar year preceding the calendar year in which the muster duty is performed.,PASS,Found on stated page.,PASS,
ADV540,PS,E-6,"MILPAY, Disbursing & Receipts",Military Pay,Inactive Duty Training Pay,"A Ready Reserve member may be paid MDA before, on, or after the muster duty date, but not more than how many days after?",60 days,30 days,7 days,15 days,B,"DoD 7000.14-R Vol 7A, Chapter 58",Volume_07a.pdf,https://comptroller.defense.gov/Portals/45/documents/fmr/Volume_07a.pdf,1078,March 2025,"A Ready Reserve Service member may be paid the MDA before, on, or after the date on which he or she performs muster duty, but not more than 30 days after that date.",PASS,Found on stated page.,PASS,
ADV541,PS,E-6,"MILPAY, Disbursing & Receipts",Military Pay,Inactive Duty Training Pay,Is muster duty credited in determining entitlement to or computing retired pay?,"Yes, but only for computing retired pay","Yes, as one retirement point per muster",No,"Yes, as two retirement points per muster",C,"DoD 7000.14-R Vol 7A, Chapter 58",Volume_07a.pdf,https://comptroller.defense.gov/Portals/45/documents/fmr/Volume_07a.pdf,1078,March 2025,"Muster duty will not be credited in determining entitlement to, nor computing, retired pay.",PASS,Found on stated page.,PASS,
ADV542,PS,E-6,"MILPAY, Disbursing & Receipts",Military Pay,Inactive Duty Training Pay,Is MDA subject to collection of Federal Insurance Contributions Act (FICA) taxes?,"Yes, at half the standard rate","Yes, at the standard rate",Only if the member is in the Selected Reserve,No,D,"DoD 7000.14-R Vol 7A, Chapter 58",Volume_07a.pdf,https://comptroller.defense.gov/Portals/45/documents/fmr/Volume_07a.pdf,1078,March 2025,NOTE: MDA is not subject to collection of the Federal Insurance Contributions Act (FICA) taxes.,PASS,Found on stated page.,PASS,
ADV543,PS,E-6,"MILPAY, Disbursing & Receipts",Military Pay,Inactive Duty Training Pay,The aggregate ESA stipend paid to an IRR member in any calendar year may not exceed how much?,$250,$25,$100,$50,D,"DoD 7000.14-R Vol 7A, Chapter 58",Volume_07a.pdf,https://comptroller.defense.gov/Portals/45/documents/fmr/Volume_07a.pdf,1079,March 2025,"The aggregate amount of the ESA stipend paid to an IRR member, in any calendar year, may not exceed $50, regardless of pay grade.",PASS,Found on stated page.,PASS,
ADV544,PS,E-6,"MILPAY, Disbursing & Receipts",Military Pay,Inactive Duty Training Pay,A member is entitled to Funeral Honors Duty Allowance for a minimum of how many hours of funeral honors duty?,3 hours,1 hour,4 hours,2 hours,D,"DoD 7000.14-R Vol 7A, Chapter 58",Volume_07a.pdf,https://comptroller.defense.gov/Portals/45/documents/fmr/Volume_07a.pdf,1079,March 2025,A member is entitled to FHDA for a minimum of 2 hours of funeral honors duty (FHD).,PASS,Found on stated page.,PASS,
ADV545,PS,E-6,"MILPAY, Disbursing & Receipts",Military Pay,Inactive Duty Training Pay,What is the maximum number of Funeral Honors Duty Allowances that may be earned and paid in one calendar day?,Two,Three,Four,One,D,"DoD 7000.14-R Vol 7A, Chapter 58",Volume_07a.pdf,https://comptroller.defense.gov/Portals/45/documents/fmr/Volume_07a.pdf,1079,March 2025,A maximum of 1 FHDA may be earned and paid in 1 calendar day.,PASS,Found on stated page.,PASS,
ADV546,PS,E-6,"MILPAY, Disbursing & Receipts",Military Pay,Inactive Duty Training Pay,"FHDA is payable at how much for each funeral honors duty period regardless of pay grade, or one-thirtieth of the member's basic pay rate?",$75,$50,$100,$25,B,"DoD 7000.14-R Vol 7A, Chapter 58",Volume_07a.pdf,https://comptroller.defense.gov/Portals/45/documents/fmr/Volume_07a.pdf,1079,March 2025,"FHDA is payable at $50 for each FHD period regardless of pay grade, or one-thirtieth of the member’s basic pay rate for each FHD period.",PASS,Found on stated page.,PASS,
ADV547,PS,E-6,"MILPAY, Disbursing & Receipts",Military Pay,Inactive Duty Training Pay,What is the maximum Designated Unit Pay for each authorized IDT period for a member of a high-priority Selected Reserve unit?,$25,$50,$75,$100,B,"DoD 7000.14-R Vol 7A, Chapter 58",Volume_07a.pdf,https://comptroller.defense.gov/Portals/45/documents/fmr/Volume_07a.pdf,1080,March 2025,"2.8.1. A member assigned to a unit designated as a high-priority unit of the Selected Reserves (SELRES) by the Secretary of the Military Department concerned is, while performing IDT for compensation, entitled to a maximum of $50 Designated Unit Pay for the performance of each authorized period of:",PASS,Found on stated page.,PASS,
ADV548,PS,E-6,"MILPAY, Disbursing & Receipts",Military Pay,Inactive Duty Training Pay,Reserve Component members entitled to incentive pay for hazardous duty during IDT receive an increase in compensation equal to what for each authorized IDT period of not less than 2 hours?,One-fifteenth of the applicable monthly rate,The full monthly rate,One-thirtieth of the applicable monthly rate,One-sixtieth of the applicable monthly rate,C,"DoD 7000.14-R Vol 7A, Chapter 58",Volume_07a.pdf,https://comptroller.defense.gov/Portals/45/documents/fmr/Volume_07a.pdf,1080,March 2025,Members entitled to IP for hazardous duty are entitled to an increase in compensation equal to one-thirtieth the applicable monthly rate for each authorized period of IDT of not less than 2 hours.,PASS,Found on stated page.,PASS,
ADV549,PS,E-6,"MILPAY, Disbursing & Receipts",Military Pay,Cost of Living Allowance CONUS,By at least what minimum threshold percentage must the cost of living in an area exceed the CONUS average for the area to be a high-cost area?,15 percent,10 percent,5 percent,2 percent,C,"DoD 7000.14-R Vol 7A, Chapter 67",Volume_07a.pdf,https://comptroller.defense.gov/Portals/45/documents/fmr/Volume_07a.pdf,1165,December 2024,"The Secretary of Defense, in consultation with the other administering Secretaries, shall establish the threshold percentage, except that the threshold percentage may not be less than 5 percent.",PASS,Found on stated page.,PASS,
ADV550,PS,E-6,"MILPAY, Disbursing & Receipts",Military Pay,Cost of Living Allowance CONUS,"For CONUS COLA purposes, a Service member has a dependent if they are authorized what?",Basic allowance for subsistence,Any dependent identification card,Family separation allowance,"BAH, or would be authorized BAH at the with-dependent rate if Government quarters were not occupied",D,"DoD 7000.14-R Vol 7A, Chapter 67",Volume_07a.pdf,https://comptroller.defense.gov/Portals/45/documents/fmr/Volume_07a.pdf,1165,December 2024,A Service member is with a dependent if they are authorized the basic allowance for housing (BAH) or would be authorized BAH at the with-dependent rate if Government quarters were not occupied.,PASS,Found on stated page.,PASS,
ADV551,PS,E-6,"MILPAY, Disbursing & Receipts",Military Pay,Cost of Living Allowance CONUS,A spouse who is also a Service member on active duty may be a dependent for CONUS COLA purposes. True or false?,False; but only if the spouse is in a different Service,False; a spouse who is an active duty Service member may not be a dependent,True; always,True; but only for E-5 and above,B,"DoD 7000.14-R Vol 7A, Chapter 67",Volume_07a.pdf,https://comptroller.defense.gov/Portals/45/documents/fmr/Volume_07a.pdf,1165,December 2024,A spouse who is also a Service member on active duty may not be a dependent for CONUS COLA purposes.,PASS,Found on stated page.,PASS,
ADV552,PS,E-6,"MILPAY, Disbursing & Receipts",Military Pay,Cost of Living Allowance CONUS,Who is the primary dependent when a Service member is married?,The Service member's spouse,The Service member's parent,The Service member's oldest child,The Service member's dependent who lives closest to the PDS,A,"DoD 7000.14-R Vol 7A, Chapter 67",Volume_07a.pdf,https://comptroller.defense.gov/Portals/45/documents/fmr/Volume_07a.pdf,1166,December 2024,A primary dependent is the Service member’s spouse when the Service member is married.,PASS,Found on stated page.,PASS,
ADV553,PS,E-6,"MILPAY, Disbursing & Receipts",Military Pay,Cost of Living Allowance CONUS,"For a Service member assigned to a ship or afloat staff, what is the PDS for CONUS COLA purposes?",The member's home of record,The Navy Region headquarters,The home port of the ship or afloat staff,The location of the ship's last port call,C,"DoD 7000.14-R Vol 7A, Chapter 67",Volume_07a.pdf,https://comptroller.defense.gov/Portals/45/documents/fmr/Volume_07a.pdf,1166,December 2024,The home port of the ship or afloat staff to which a Service member is assigned is their PDS for CONUS COLA purposes.,PASS,Found on stated page.,PASS,
ADV554,PS,E-6,"MILPAY, Disbursing & Receipts",Military Pay,Cost of Living Allowance CONUS,Does the CONUS COLA rate paid to the Service member change when the member is on leave?,"Yes, it stops during leave","Yes, it changes to the leave location rate",No,"Yes, it is reduced by half",C,"DoD 7000.14-R Vol 7A, Chapter 67",Volume_07a.pdf,https://comptroller.defense.gov/Portals/45/documents/fmr/Volume_07a.pdf,1166,December 2024,The CONUS COLA rate paid to the Service member does not change when the Service member is on leave.,PASS,Found on stated page.,PASS,
ADV555,PS,E-6,"MILPAY, Disbursing & Receipts",Military Pay,Cost of Living Allowance CONUS,"If two married Service members maintain a joint residence with a dependent, how is CONUS COLA paid?",Only one spouse receives CONUS COLA,Both at the without dependent rate,One spouse at the with-dependent rate and the other at the without dependent rate,Both at the with-dependent rate,C,"DoD 7000.14-R Vol 7A, Chapter 67",Volume_07a.pdf,https://comptroller.defense.gov/Portals/45/documents/fmr/Volume_07a.pdf,1167,December 2024,"If two married Service members maintain a joint residence with a dependent, CONUS COLA is paid to one spouse at the with-dependent rate and to the other spouse at the without dependent rate.",PASS,Found on stated page.,PASS,
ADV556,PS,E-6,"MILPAY, Disbursing & Receipts",Military Pay,Cost of Living Allowance CONUS,A Service member paying child support only (no custody) who is authorized BAH at the with-dependent rate is authorized CONUS COLA at which rate?,The without-dependent rate,No CONUS COLA,The with-dependent rate,Half of the with-dependent rate,A,"DoD 7000.14-R Vol 7A, Chapter 67",Volume_07a.pdf,https://comptroller.defense.gov/Portals/45/documents/fmr/Volume_07a.pdf,1169,December 2024,A Service member is authorized CONUS COLA at the without-dependent rate when they are authorized BAH at the with-dependent rate or BAH Differential (see Chapter 26) based solely on the payment of child-support and not based on custody.,PASS,Found on stated page.,PASS,
ADV557,PS,E-6,"MILPAY, Disbursing & Receipts",Military Pay,Cost of Living Allowance CONUS,"A Service member who has physical custody of a child, but not by court order, is authorized CONUS COLA at the with-dependent rate if they have custody for a minimum of how many consecutive days and are authorized BAH?",60 consecutive days,30 consecutive days,180 consecutive days,90 consecutive days,D,"DoD 7000.14-R Vol 7A, Chapter 67",Volume_07a.pdf,https://comptroller.defense.gov/Portals/45/documents/fmr/Volume_07a.pdf,1169,December 2024,"The Service member has physical custody of the child for a minimum of 90 consecutive days. A break of 5 or fewer days is not considered an interruption of the 90-day period, even if there are multiple breaks of 5 or fewer days.",PASS,Found on stated page.,PASS,
ADV558,PS,E-6,"MILPAY, Disbursing & Receipts",Military Pay,Cost of Living Allowance CONUS,A dependent may visit the Service member's PDS for how many days or fewer without changes to CONUS COLA?,30 days,90 days,60 days,180 days,B,"DoD 7000.14-R Vol 7A, Chapter 67",Volume_07a.pdf,https://comptroller.defense.gov/Portals/45/documents/fmr/Volume_07a.pdf,1170,December 2024,"A dependent may visit the Service member for 90 or fewer days at the PDS without changes to the CONUS COLA. When the visit exceeds 90 days, the CONUS COLA rate changes to the rate for the Service member’s PDS location on the 91st day.",PASS,Found on stated page.,PASS,
ADV559,PS,E-6,"MILPAY, Disbursing & Receipts",Military Pay,Cost of Living Allowance CONUS,"When the Government defers dependent travel to a PDS in the CONUS, CONUS COLA based on the dependent's location continues for up to how many days after dependent travel is authorized?",90 days,60 days,30 days,140 days,B,"DoD 7000.14-R Vol 7A, Chapter 67",Volume_07a.pdf,https://comptroller.defense.gov/Portals/45/documents/fmr/Volume_07a.pdf,1171,December 2024,CONUS COLA payment based on the primary dependent’s location or old PDS continues for up to 60 days after dependent travel is authorized.,PASS,Found on stated page.,PASS,
ADV560,PS,E-6,"MILPAY, Disbursing & Receipts",Military Pay,Cost of Living Allowance CONUS,All of a Service member's dependents return early from an OCONUS PDS to CONUS at personal expense. Is the member authorized CONUS COLA?,No,"Yes, at the without-dependent rate","Yes, for 60 days","Yes, at the with-dependent rate",A,"DoD 7000.14-R Vol 7A, Chapter 67",Volume_07a.pdf,https://comptroller.defense.gov/Portals/45/documents/fmr/Volume_07a.pdf,1171,December 2024,"When all of a Service member’s dependents return early from a PDS OCONUS to a CONUS location at personal expense, the Service member is not authorized CONUS COLA.",PASS,Found on stated page.,PASS,
ADV561,PS,E-6,"MILPAY, Disbursing & Receipts",Military Pay,Cost of Living Allowance CONUS,"If a Service member in confinement is authorized allowances, what CONUS COLA rate do they receive?",No CONUS COLA,The same rate paid immediately before confinement,The rate for the confinement facility location,The without-dependent rate,B,"DoD 7000.14-R Vol 7A, Chapter 67",Volume_07a.pdf,https://comptroller.defense.gov/Portals/45/documents/fmr/Volume_07a.pdf,1172,December 2024,"If a Service member in confinement is authorized allowances, they receive the same CONUS COLA rate paid immediately before confinement.",PASS,Found on stated page.,PASS,
ADV562,PS,E-6,"MILPAY, Disbursing & Receipts",Military Pay,Cost of Living Allowance CONUS,"For a member requiring prolonged hospitalization with an appropriate order, what becomes the PDS for CONUS COLA purposes?",The hospital where the member is transferred,The member's previous PDS,The member's home of record,The member's home port,A,"DoD 7000.14-R Vol 7A, Chapter 67",Volume_07a.pdf,https://comptroller.defense.gov/Portals/45/documents/fmr/Volume_07a.pdf,1172,December 2024,The hospital where a Service member is transferred becomes their PDS for CONUS COLA purposes when they require prolonged hospitalization and are issued an appropriate order.,PASS,Found on stated page.,PASS,
ADV563,PS,E-6,"MILPAY, Disbursing & Receipts",Military Pay,Cost of Living Allowance CONUS,"A Reserve Component member is eligible for CONUS COLA when called or ordered to active duty for how many or more days, or in support of a contingency operation?",180 or more days,30 or more days,90 or more days,140 or more days,D,"DoD 7000.14-R Vol 7A, Chapter 67",Volume_07a.pdf,https://comptroller.defense.gov/Portals/45/documents/fmr/Volume_07a.pdf,1173,December 2024,Table 67-9 specifies CONUS COLA for an RC member called or ordered to active duty for a period of 140 or more days or in support of a contingency operation.,PASS,Found on stated page.,PASS,
ADV564,PS,E-6,"MILPAY, Disbursing & Receipts",Military Pay,Housing Allowances,Which allowances are included in the housing allowances covered by Chapter 26?,"Basic Allowance for Housing, Overseas Housing Allowance, and Family Separation Housing Allowance","BAH, BAS, and COLA","BAH, FSA, and Career Sea Pay","OHA, COLA, and Clothing Allowance",A,"DoD 7000.14-R Vol 7A, Chapter 26",Volume_07a.pdf,https://comptroller.defense.gov/Portals/45/documents/fmr/Volume_07a.pdf,466,May 2025,"Housing allowances include Basic Allowance for Housing (BAH), Overseas Housing Allowance (OHA), and Family Separation Housing (FSH) Allowance.",PASS,Found on stated page.,PASS,
ADV565,PS,E-6,"MILPAY, Disbursing & Receipts",Military Pay,Housing Allowances,On what factors is a basic housing allowance (BAH or OHA) based?,"Grade, rank, location, and whether the Service member has any dependents",Grade only,"Time in service, duty station, and marital status only","Rating, sea duty status, and location",A,"DoD 7000.14-R Vol 7A, Chapter 26",Volume_07a.pdf,https://comptroller.defense.gov/Portals/45/documents/fmr/Volume_07a.pdf,466,May 2025,"A Service member on Active Duty (AD) entitled to basic pay is authorized basic housing allowance (BAH or OHA) based on their grade, rank, location, and whether the Service member has any dependents.",PASS,Found on stated page.,PASS,
ADV566,PS,E-6,"MILPAY, Disbursing & Receipts",Military Pay,Housing Allowances,Is a housing allowance generally authorized for a Service member assigned to appropriate and adequate Government quarters?,"Yes, for E-5 and above","Yes, at the without-dependent rate","Yes, at half rate",No,D,"DoD 7000.14-R Vol 7A, Chapter 26",Volume_07a.pdf,https://comptroller.defense.gov/Portals/45/documents/fmr/Volume_07a.pdf,466,May 2025,A housing allowance generally is not authorized for a Service member who is assigned to appropriate and adequate Government quarters,PASS,Found on stated page.,PASS,
ADV567,PS,E-6,"MILPAY, Disbursing & Receipts",Military Pay,Housing Allowances,Do housing allowances accrue while a Service member is on excess leave?,"Yes, for the first 30 days","Yes, at the without-dependent rate","Yes, at the full rate",No,D,"DoD 7000.14-R Vol 7A, Chapter 26",Volume_07a.pdf,https://comptroller.defense.gov/Portals/45/documents/fmr/Volume_07a.pdf,466,May 2025,"If a Service member is on excess leave, housing allowances do not accrue during the excess-leave period.",PASS,Found on stated page.,PASS,
ADV568,PS,E-6,"MILPAY, Disbursing & Receipts",Military Pay,Housing Allowances,Is a housing allowance authorized for a Service member absent without leave when the absence is not excused as unavoidable?,"Yes, until the member is declared a deserter",No,"Yes, at half rate","Yes, at the without-dependent rate",B,"DoD 7000.14-R Vol 7A, Chapter 26",Volume_07a.pdf,https://comptroller.defense.gov/Portals/45/documents/fmr/Volume_07a.pdf,466,May 2025,"If a Service member is absent without leave which is not excused as unavoidable, housing allowances are not authorized.",PASS,Found on stated page.,PASS,
ADV569,PS,E-6,"MILPAY, Disbursing & Receipts",Military Pay,Housing Allowances,"For housing allowance purposes, which of these is NOT Government quarters?",Quarters in a state-owned National Guard camp,U.S. Government owned or leased sleeping accommodations,Privatized housing,Dormitories operated by a cost-plus-a-fixed-fee contract,C,"DoD 7000.14-R Vol 7A, Chapter 26",Volume_07a.pdf,https://comptroller.defense.gov/Portals/45/documents/fmr/Volume_07a.pdf,468,May 2025,"For housing allowance purposes, the term does not include privatized housing or transient facilities",PASS,Found on stated page.,PASS,
ADV570,PS,E-6,"MILPAY, Disbursing & Receipts",Military Pay,Housing Allowances,Which form is the authorizing document for OHA and FSH-O?,"DD Form 1351-2, Travel Voucher","DD Form 2367, OHA Report","DD Form 2558, Authorization to Start, Stop or Change an Allotment","DD Form 137, Secondary Dependency Application",B,"DoD 7000.14-R Vol 7A, Chapter 26",Volume_07a.pdf,https://comptroller.defense.gov/Portals/45/documents/fmr/Volume_07a.pdf,468,May 2025,"The authorizing document for OHA and FSH-O is the DoD DD Form 2367, OHA Report.",PASS,Found on stated page.,PASS,
ADV571,PS,E-6,"MILPAY, Disbursing & Receipts",Military Pay,Housing Allowances,"Unless specifically authorized elsewhere, when does PDS housing allowance eligibility start?",The day the member receives PCS orders,On the Service member's reporting day to the new PDS,The day the member's dependents arrive,The first day of the month following reporting,B,"DoD 7000.14-R Vol 7A, Chapter 26",Volume_07a.pdf,https://comptroller.defense.gov/Portals/45/documents/fmr/Volume_07a.pdf,468,May 2025,"Unless specifically authorized elsewhere in this chapter, PDS housing allowance eligibility starts on a Service member’s reporting day to a new PDS.",PASS,Found on stated page.,PASS,
ADV572,PS,E-6,"MILPAY, Disbursing & Receipts",Military Pay,Housing Allowances,When do OHA and FSH-O start?,The day the member's household goods arrive,"The day the Service member incurs a financial obligation for private-sector housing, such as the lease start date",The day the member reports to the PDS,The first day of the month in which the member reports,B,"DoD 7000.14-R Vol 7A, Chapter 26",Volume_07a.pdf,https://comptroller.defense.gov/Portals/45/documents/fmr/Volume_07a.pdf,468,May 2025,"OHA and FSH-O start on the day a Service member incurs a financial obligation for private-sector housing (e.g., the lease start date), assuming all other criteria for OHA or FSH-O is met.",PASS,Found on stated page.,PASS,
ADV573,PS,E-6,"MILPAY, Disbursing & Receipts",Military Pay,Housing Allowances,"Unless an extension applies, which of the following causes OHA, FSH-B, and FSH-O allowances to stop?",The day before the Service member departs due to a PCS order,Thirty days after the PCS order is issued,The day the member departs on a PCS order,The day the member reports to the new PDS,A,"DoD 7000.14-R Vol 7A, Chapter 26",Volume_07a.pdf,https://comptroller.defense.gov/Portals/45/documents/fmr/Volume_07a.pdf,469,May 2025,"the OHA, FSH-B and FSH-O allowances stop on any of the following: 2.2.1.2.1. The day the Service member’s OHA, FSH-O, or FSH-B lease ends. 2.2.1.2.2. The day before the Service member departs due to a PCS order.",PASS,Found on stated page.,PASS,
ADV574,PS,E-6,"MILPAY, Disbursing & Receipts",Military Pay,Housing Allowances,Which of the following is considered a Service member's primary dependent?,A college-age student,A parent,"A spouse, except a spouse who is a Service member entitled to basic pay, and a child",A stepparent,C,"DoD 7000.14-R Vol 7A, Chapter 26",Volume_07a.pdf,https://comptroller.defense.gov/Portals/45/documents/fmr/Volume_07a.pdf,469,May 2025,"3.1.1.1. Primary Dependents. The following are considered a Service member’s primary dependent: 3.1.1.1.1. Spouse. As defined in the Definitions chapter, except for a spouse who is a Service member entitled to basic pay as provided in section 4.0. 3.1.1.1.2. Child. As defined in the Definitions chapter, “Dependent,” definition 2, 3, and 4.",PASS,"Found on stated page. (close match, 94%)",PASS,
ADV575,PS,E-6,"MILPAY, Disbursing & Receipts",Military Pay,Housing Allowances,Which of the following is a secondary dependent?,A spouse,"A parent, including a stepparent",A spouse who is a civilian,A minor child,B,"DoD 7000.14-R Vol 7A, Chapter 26",Volume_07a.pdf,https://comptroller.defense.gov/Portals/45/documents/fmr/Volume_07a.pdf,470,May 2025,"The following individuals may be considered a Service member’s secondary dependent only if all requirements of relationship, age, marital status, educational status (if applicable), mental and/or physical incapacitation (if applicable), and support are proven: 3.1.1.2.1. College-Age Student. As dependent as defined in the Definitions chapter, “Dependent,” definition 5. 3.1.1.2.2. Incapacitated Adult Child. A dependent as defined in the Definitions chapter, “Dependent,” definition 6. 3.1.1.2.3. Parent, Including Stepparent.",PASS,Found on stated page.,PASS,
ADV576,PS,E-6,"MILPAY, Disbursing & Receipts",Military Pay,Housing Allowances,"For a secondary dependent, a Service member must show the individual depends on the member for what part of the individual's support?",Over one-half,All,Any part,One-quarter,A,"DoD 7000.14-R Vol 7A, Chapter 26",Volume_07a.pdf,https://comptroller.defense.gov/Portals/45/documents/fmr/Volume_07a.pdf,470,May 2025,"A Service member must provide evidence that a secondary dependent, as that term is defined below, is dependent upon the Service member for over one-half of the individual’s support.",PASS,Found on stated page.,PASS,
ADV577,PS,E-6,"MILPAY, Disbursing & Receipts",Military Pay,Housing Allowances,What documentation shows a stepchild's parentage for housing allowance purposes?,A copy of the member's birth certificate,A signed statement from the member's commanding officer,"A marriage license showing the member is married to the child's legal parent, and documentation showing the member's spouse is the child's parent",A school enrollment record,C,"DoD 7000.14-R Vol 7A, Chapter 26",Volume_07a.pdf,https://comptroller.defense.gov/Portals/45/documents/fmr/Volume_07a.pdf,471,May 2025,"For a stepchild, a marriage license showing the Service member is married to the child’s legal parent and documentation showing that the Service member’s spouse is the child’s parent; or",PASS,Found on stated page.,PASS,
ADV578,PS,E-6,"MILPAY, Disbursing & Receipts",Military Pay,Housing Allowances,A Service member with a dependent arrives at a new PDS. What must the member do to keep the housing allowance for the dependent?,Submit a new DD Form 137,Recertify the status of the dependent to the Secretary concerned,File a new tax return,Request a housing allowance waiver,B,"DoD 7000.14-R Vol 7A, Chapter 26",Volume_07a.pdf,https://comptroller.defense.gov/Portals/45/documents/fmr/Volume_07a.pdf,472,May 2025,"Upon arrival at a new PDS, each Service member authorized a housing allowance for a dependent must recertify the status of the dependent to the Secretary concerned to support a housing allowance on the dependent’s behalf.",PASS,Found on stated page.,PASS,
ADV579,PS,E-6,"MILPAY, Disbursing & Receipts",Military Pay,Housing Allowances,How often must annual certification of financial and relationship status be made for a housing allowance for a secondary dependent?,Every 6 months,Annually,Every 2 years,Every 3 years,B,"DoD 7000.14-R Vol 7A, Chapter 26",Volume_07a.pdf,https://comptroller.defense.gov/Portals/45/documents/fmr/Volume_07a.pdf,472,May 2025,"Annual certification of financial and relationship status is required for a Service member who claims a housing allowance for a secondary dependent, as defined in subparagraph 3.1.1.2.",PASS,Found on stated page.,PASS,
ADV580,PS,E-6,"MILPAY, Disbursing & Receipts",Military Pay,Housing Allowances,How often must a Reserve Component member recertify each dependent's status at a minimum?,Every year,Every fifth year,Every second year,At least every third year,D,"DoD 7000.14-R Vol 7A, Chapter 26",Volume_07a.pdf,https://comptroller.defense.gov/Portals/45/documents/fmr/Volume_07a.pdf,472,May 2025,"An RC member must recertify each dependent’s status at least every third year from the previous certification or when a dependent’s status changes, whichever is sooner.",PASS,Found on stated page.,PASS,
ADV581,PS,E-6,"MILPAY, Disbursing & Receipts",Military Pay,Housing Allowances,A Service member fails to report a change in dependency status. For what is the member indebted?,Only the amount received in the last 30 days,"Nothing, if the member reports it later",Only half of the with-dependent allowance received,Any with-dependent housing allowance received after the dependency relationship ended,D,"DoD 7000.14-R Vol 7A, Chapter 26",Volume_07a.pdf,https://comptroller.defense.gov/Portals/45/documents/fmr/Volume_07a.pdf,472,May 2025,the member will be indebted for any amount of with-dependent housing allowance received after the dependency relationship ended,PASS,Found on stated page.,PASS,
ADV582,PS,E-6,"MILPAY, Disbursing & Receipts",Military Pay,Housing Allowances,"To receive a housing allowance for a primary dependent, a Service member must contribute to the dependent's support in an amount at least equal to which rate?",The applicable BAH-Diff rate,The without-dependent BAH rate,The with-dependent BAH rate,One-half of the member's basic pay,A,"DoD 7000.14-R Vol 7A, Chapter 26",Volume_07a.pdf,https://comptroller.defense.gov/Portals/45/documents/fmr/Volume_07a.pdf,473,May 2025,A Service member is authorized a housing allowance on behalf of a primary dependent if the Service member contributes to the dependent’s support in an amount that is at least equal to the applicable BAH-Diff rate.,PASS,Found on stated page.,PASS,
ADV583,PS,E-6,"MILPAY, Disbursing & Receipts",Military Pay,Housing Allowances,"When BAH-Diff rates increase, within how many days must a Service member increase support to continue receiving the housing allowance for a dependent?",30 days,90 days,15 days,60 days,D,"DoD 7000.14-R Vol 7A, Chapter 26",Volume_07a.pdf,https://comptroller.defense.gov/Portals/45/documents/fmr/Volume_07a.pdf,473,May 2025,"A Service member receiving a housing allowance on behalf of a dependent must, as applicable, increase the amount of support within 60 days of the rate increase to continue receiving the housing allowance.",PASS,Found on stated page.,PASS,
ADV584,PS,E-6,"MILPAY, Disbursing & Receipts",Military Pay,Housing Allowances,Which form must a Service member submit to prove financial dependency of a secondary dependent?,"DD Form 137, Secondary Dependency Application","DD Form 2367, OHA Report","DD Form 2653, Involuntary Allotment Application","DD Form 1747, Status of Forces Policy",A,"DoD 7000.14-R Vol 7A, Chapter 26",Volume_07a.pdf,https://comptroller.defense.gov/Portals/45/documents/fmr/Volume_07a.pdf,474,May 2025,"Complete and submit the DD Form 137, Secondary Dependency Application, including a tax return demonstrating the individual was claimed on the Service member’s tax return as a dependent.",PASS,Found on stated page.,PASS,
ADV585,PS,E-6,"MILPAY, Disbursing & Receipts",Military Pay,Housing Allowances,Can a Service member avoid the legal responsibility to comply with a court order for support by forfeiting a housing allowance?,"Yes, if the court order is more than 1 year old","Yes, if the housing allowance is forfeited in writing",No,"Yes, if the member is in Government quarters",C,"DoD 7000.14-R Vol 7A, Chapter 26",Volume_07a.pdf,https://comptroller.defense.gov/Portals/45/documents/fmr/Volume_07a.pdf,475,May 2025,A Service member does not avoid the legal responsibility to comply with a court order for support by forfeiting a housing allowance.,PASS,Found on stated page.,PASS,
ADV586,PS,E-6,"MILPAY, Disbursing & Receipts",Military Pay,OCONUS Cost of Living Allowance and TLA,What does OCONUS COLA offset?,The cost of dependents' education overseas,The cost of transportation to an overseas duty station,"The higher prices of goods and services, excluding housing, in foreign countries, U.S. territories, Alaska, and Hawaii",The cost of housing in foreign countries,C,"DoD 7000.14-R Vol 7A, Chapter 68",Volume_07a.pdf,https://comptroller.defense.gov/Portals/45/documents/fmr/Volume_07a.pdf,1191,January 2025,"The OCONUS COLA is a non-taxable allowance that offsets the higher prices of goods and services, excluding housing, in foreign countries, U.S. territories, Alaska, and Hawaii.",PASS,Found on stated page.,PASS,
ADV587,PS,E-6,"MILPAY, Disbursing & Receipts",Military Pay,OCONUS Cost of Living Allowance and TLA,What does the Temporary Lodging Allowance (TLA) partially offset?,The cost of leave travel,"The cost of lodging and meals, and incidental expenses, while occupying temporary lodgings OCONUS",The cost of shipping household goods,The cost of a permanent overseas residence,B,"DoD 7000.14-R Vol 7A, Chapter 68",Volume_07a.pdf,https://comptroller.defense.gov/Portals/45/documents/fmr/Volume_07a.pdf,1191,January 2025,"The TLA partially offsets the cost of lodging and meals, and incidental expenses incurred while occupying temporary lodgings OCONUS.",PASS,Found on stated page.,PASS,
ADV588,PS,E-6,"MILPAY, Disbursing & Receipts",Military Pay,OCONUS Cost of Living Allowance and TLA,Which statute provides the statutory requirements for the OCONUS COLA chapter?,10 U.S.C. section 815,37 U.S.C. section 405,42 U.S.C. section 659,37 U.S.C. section 351,B,"DoD 7000.14-R Vol 7A, Chapter 68",Volume_07a.pdf,https://comptroller.defense.gov/Portals/45/documents/fmr/Volume_07a.pdf,1191,January 2025,"The statutory requirements for the chapter are provided by Title 37, United States Code (U.S.C.), section 405 (37 U.S.C. § 405).",PASS,Found on stated page.,PASS,
ADV589,PS,E-6,"MILPAY, Disbursing & Receipts",Military Pay,OCONUS Cost of Living Allowance and TLA,"For OCONUS COLA and TLA purposes, what is the ""vicinity""?",The local commuting area of the PDS,The installation where the member is assigned,"The entire country, U.S. territory or possession, or state when in Alaska or Hawaii, where the member's PDS is located",A 50-mile radius from the PDS,C,"DoD 7000.14-R Vol 7A, Chapter 68",Volume_07a.pdf,https://comptroller.defense.gov/Portals/45/documents/fmr/Volume_07a.pdf,1191,January 2025,"The “vicinity” is the entire country, U.S. territory or possession, or state when in Alaska or Hawaii where the Service member’s permanent duty station (PDS) is located.",PASS,Found on stated page.,PASS,
ADV590,PS,E-6,"MILPAY, Disbursing & Receipts",Military Pay,OCONUS Cost of Living Allowance and TLA,"For COLA purposes, how are barracks, including a dormitory and quarters aboard a ship, treated?",As Government quarters,As privatized housing,As a commercial lodging facility,As a Government dining facility,A,"DoD 7000.14-R Vol 7A, Chapter 68",Volume_07a.pdf,https://comptroller.defense.gov/Portals/45/documents/fmr/Volume_07a.pdf,1192,January 2025,"For COLA purposes, barracks are considered Government quarters, including dormitory and quarters aboard a ship.",PASS,Found on stated page.,PASS,
ADV591,PS,E-6,"MILPAY, Disbursing & Receipts",Military Pay,OCONUS Cost of Living Allowance and TLA,An OCONUS COLA index of 110 means prices in the area OCONUS are overall how much more expensive than in the CONUS?,10 percent,1 percent,11 percent,110 percent,A,"DoD 7000.14-R Vol 7A, Chapter 68",Volume_07a.pdf,https://comptroller.defense.gov/Portals/45/documents/fmr/Volume_07a.pdf,1192,January 2025,"For example, an OCONUS COLA index of 110 indicates that the prices in the area OCONUS are overall 10% more expensive than in the CONUS.",PASS,Found on stated page.,PASS,
ADV592,PS,E-6,"MILPAY, Disbursing & Receipts",Military Pay,OCONUS Cost of Living Allowance and TLA,What does an OCONUS COLA index of 100 indicate?,Prices are 100 percent higher than in the CONUS,The maximum COLA is warranted,The cost of goods and services is about the same as in the CONUS and no COLA is warranted,The location has a high exchange rate,C,"DoD 7000.14-R Vol 7A, Chapter 68",Volume_07a.pdf,https://comptroller.defense.gov/Portals/45/documents/fmr/Volume_07a.pdf,1192,January 2025,An index of 100 indicates that the overall cost of the goods and services surveyed is approximately the same at the location OCONUS as in the CONUS and no COLA is warranted.,PASS,Found on stated page.,PASS,
ADV593,PS,E-6,"MILPAY, Disbursing & Receipts",Military Pay,OCONUS Cost of Living Allowance and TLA,"When a Service member is married to another Service member on active duty, how is the active duty spouse treated for OCONUS COLA and TLA?",The spouse on active duty is not considered a dependent,The spouse is a dependent only if command-sponsored,The spouse is a dependent only for TLA,The spouse is a dependent at the with-dependent rate,A,"DoD 7000.14-R Vol 7A, Chapter 68",Volume_07a.pdf,https://comptroller.defense.gov/Portals/45/documents/fmr/Volume_07a.pdf,1193,January 2025,"When a Service member is married to another Service member who is on active duty, the spouse on active duty is not considered a dependent.",PASS,Found on stated page.,PASS,
ADV594,PS,E-6,"MILPAY, Disbursing & Receipts",Military Pay,OCONUS Cost of Living Allowance and TLA,What must a dependent be for the Service member to receive OCONUS COLA or TLA based on the dependent's presence (with limited exceptions)?,Residing in Government quarters,Enrolled in DEERS for over one year,Command-sponsored,A U.S. citizen,C,"DoD 7000.14-R Vol 7A, Chapter 68",Volume_07a.pdf,https://comptroller.defense.gov/Portals/45/documents/fmr/Volume_07a.pdf,1193,January 2025,A dependent must be command-sponsored for the Service member to receive OCONUS COLA or TLA based on the dependent’s presence,PASS,Found on stated page.,PASS,
ADV595,PS,E-6,"MILPAY, Disbursing & Receipts",Military Pay,OCONUS Cost of Living Allowance and TLA,"When dependent travel to a new PDS OCONUS is deferred, COLA at the old PDS OCONUS continues until the dependents depart or for how many days after dependent travel to the new PDS is authorized?",60 days,30 days,90 days,120 days,A,"DoD 7000.14-R Vol 7A, Chapter 68",Volume_07a.pdf,https://comptroller.defense.gov/Portals/45/documents/fmr/Volume_07a.pdf,1194,January 2025,"2.3.1.3. Deferred Travel. When dependent travel to a new PDS OCONUS is deferred, COLA at an old PDS OCONUS or designated place continues until the dependents depart or for 60 days after dependent travel to the new PDS is authorized.",PASS,Found on stated page.,PASS,
ADV596,PS,E-6,"MILPAY, Disbursing & Receipts",Military Pay,OCONUS Cost of Living Allowance and TLA,"While a Service member is authorized station allowances for a dependent's location, what is the member authorized at the new unaccompanied or sea duty PDS?",OCONUS COLA and TLA at the with-dependent rate,"OCONUS COLA only, at half rate",No station allowances,"OCONUS COLA and TLA, if any, at the without-dependent rate",D,"DoD 7000.14-R Vol 7A, Chapter 68",Volume_07a.pdf,https://comptroller.defense.gov/Portals/45/documents/fmr/Volume_07a.pdf,1195,January 2025,"While a Service member is authorized station allowances for a dependent’s location, the Service member is also authorized the OCONUS COLA and TLA, if any, at the “without dependent” rate at the new PDS.",PASS,Found on stated page.,PASS,
ADV597,PS,E-6,"MILPAY, Disbursing & Receipts",Military Pay,OCONUS Cost of Living Allowance and TLA,"Upon a subsequent PCS order to an accompanied tour area, when do OCONUS COLA and TLA stop?",The day the member reports to the new PDS,Thirty days after the PCS order is issued,The day the member departs due to the PCS order,The day before the Service member departs due to the PCS order or the day before the effective date of the home port change,D,"DoD 7000.14-R Vol 7A, Chapter 68",Volume_07a.pdf,https://comptroller.defense.gov/Portals/45/documents/fmr/Volume_07a.pdf,1195,January 2025,"Upon a subsequent PCS order to an accompanied tour area to which dependent transportation is authorized, OCONUS COLA and TLA stop the day before the Service member departs due to the PCS order or the day before the effective date of the home port change from OCONUS.",PASS,Found on stated page.,PASS,
ADV598,PS,E-6,"MILPAY, Disbursing & Receipts",Military Pay,OCONUS Cost of Living Allowance and TLA,Which two surveys are conducted to determine prices OCONUS for the COLA indexes?,The Overseas Housing Survey and the Living Pattern Survey,The Living Pattern Survey and the Consumer Price Index,The Housing Cost Survey and the Retail Price Schedule,The Living Pattern Survey (LPS) and the Retail Price Schedule (RPS),D,"DoD 7000.14-R Vol 7A, Chapter 68",Volume_07a.pdf,https://comptroller.defense.gov/Portals/45/documents/fmr/Volume_07a.pdf,1196,January 2025,The two surveys conducted to determine prices OCONUS are the Living Pattern Survey (LPS) and the Retail Price Schedule (RPS).,PASS,Found on stated page.,PASS,
ADV599,PS,E-6,"MILPAY, Disbursing & Receipts",Military Pay,OCONUS Cost of Living Allowance and TLA,OUSD (P&R) adjusts OCONUS COLA for currency fluctuations as frequently as how often?,Twice monthly,Daily,Weekly,Quarterly,A,"DoD 7000.14-R Vol 7A, Chapter 68",Volume_07a.pdf,https://comptroller.defense.gov/Portals/45/documents/fmr/Volume_07a.pdf,1196,January 2025,OUSD (P&R) adjusts OCONUS COLA based on currency fluctuations as frequently as twice monthly.,PASS,Found on stated page.,PASS,
ADV600,PS,E-6,"MILPAY, Disbursing & Receipts",Military Pay,OCONUS Cost of Living Allowance and TLA,How is a COLA Unique Expense reimbursed?,As a fixed amount for every Service member OCONUS,"As a lump-sum, dollar-for-dollar reimbursement for a specifically authorized expense at a designated authorized location",As an addition to the COLA index,As a monthly percentage of basic pay,B,"DoD 7000.14-R Vol 7A, Chapter 68",Volume_07a.pdf,https://comptroller.defense.gov/Portals/45/documents/fmr/Volume_07a.pdf,1197,January 2025,"For these expenses, payment is a lump-sum dollar-for-dollar reimbursement for a specifically authorized expense at a designated authorized location.",PASS,Found on stated page.,PASS,
ADV601,PS,E-6,"MILPAY, Disbursing & Receipts",Military Pay,OCONUS Cost of Living Allowance and TLA,Does OUSD (P&R) accept requests from individual Service members to authorize a COLA Unique Expense?,"Yes, through the member's commanding officer","Yes, if the member has a valid receipt","Yes, for E-7 and above",No,D,"DoD 7000.14-R Vol 7A, Chapter 68",Volume_07a.pdf,https://comptroller.defense.gov/Portals/45/documents/fmr/Volume_07a.pdf,1197,January 2025,OUSD (P&R) does not accept requests from individual Service members to authorize a COLA Unique Expense.,PASS,Found on stated page.,PASS,
ADV602,PS,E-6,"MILPAY, Disbursing & Receipts",Military Pay,OCONUS Cost of Living Allowance and TLA,"Generally, when does OCONUS COLA start?",On the day the member receives PCS orders,"On the day a Service member reports to a new PDS, the effective day of a home port change, or the day a dependent arrives before the member",On the first day of the month after arrival,On the day the member departs the old PDS,B,"DoD 7000.14-R Vol 7A, Chapter 68",Volume_07a.pdf,https://comptroller.defense.gov/Portals/45/documents/fmr/Volume_07a.pdf,1197,January 2025,"Generally, OCONUS COLA starts on the day a Service member reports to a new PDS, the effective day of a home port change, or the day his or her dependent arrives before the Service member at either the new PDS or the new home port",PASS,Found on stated page.,PASS,
ADV603,PS,E-6,"MILPAY, Disbursing & Receipts",Military Pay,OCONUS Cost of Living Allowance and TLA,"If a Service member is authorized MALT Plus on the reporting day, when does OCONUS COLA start?",On the first day of the following month,On the day after the reporting day,Thirty days after the reporting day,On the reporting day,B,"DoD 7000.14-R Vol 7A, Chapter 68",Volume_07a.pdf,https://comptroller.defense.gov/Portals/45/documents/fmr/Volume_07a.pdf,1197,January 2025,"if the Service member is authorized a monetary allowance in lieu of transportation plus per diem (MALT Plus) on the reporting day, OCONUS COLA starts on the day after the Service member’s reporting day.",PASS,Found on stated page.,PASS,
ADV604,PS,E-6,"MILPAY, Disbursing & Receipts",Military Pay,OCONUS Cost of Living Allowance and TLA,When does OCONUS COLA generally stop for a member departing OCONUS on a PCS order?,The day the member arrives at the new PDS,The day the member departs from OCONUS,The day before the member departs from OCONUS,The last day of the month of departure,C,"DoD 7000.14-R Vol 7A, Chapter 68",Volume_07a.pdf,https://comptroller.defense.gov/Portals/45/documents/fmr/Volume_07a.pdf,1197,January 2025,OCONUS COLA stops the day before a Service member departs from OCONUS on a PCS order or the day before the effective date of a ship’s or unit’s home port change unless any of the following occur:,PASS,Found on stated page.,PASS,
ADV605,PS,E-6,Transfers Management & Processing,Enlisted Distribution,Military Couple and Single Parent Assignment,"As a guide when considering military couple co-location requests, about how many driving-miles apart should duty stations be?",50 driving-miles,90 driving-miles,150 driving-miles,25 driving-miles,B,MILPERSMAN 1300-1000,Whole MILPERSMAN.pdf,https://www.mynavyhr.navy.mil/References/MILPERSMAN/,1128,"CH-87, 05 Apr 2024","While there is no established maximum distance between duty stations for co-location, 90 driving-miles should be used as a guide when considering co-location requests.",PASS,Found on stated page.,PASS,
ADV606,PS,E-6,Transfers Management & Processing,Enlisted Distribution,Military Couple and Single Parent Assignment,Who must approve any assignment that prevents military couple co-location?,The Chief of Naval Operations,The member's commanding officer,"Commander, Navy Recruiting Command","Assistant Commander, NAVPERSCOM for Career Management (PERS-4)",D,MILPERSMAN 1300-1000,Whole MILPERSMAN.pdf,https://www.mynavyhr.navy.mil/References/MILPERSMAN/,1128,"CH-87, 05 Apr 2024","Any assignment preventing military couple co-location must be approved by Assistant Commander, Navy Personnel Command (NAVPERSCOM) for Career Management (PERS-4).",PASS,Found on stated page.,PASS,
ADV607,PS,E-6,Transfers Management & Processing,Enlisted Distribution,Military Couple and Single Parent Assignment,"Does the Navy spouse co-location policy provide for assignment near a civilian spouse, including a civilian Government employee?","No, it does not","Yes, if the member is in the first term","Yes, if the spouse is a civilian Government employee","Yes, if the member has dependents",A,MILPERSMAN 1300-1000,Whole MILPERSMAN.pdf,https://www.mynavyhr.navy.mil/References/MILPERSMAN/,1128,"CH-87, 05 Apr 2024","Spouse co-location policy does not provide for assignment to duty near a civilian spouse, including civilian Government employees.",PASS,Found on stated page.,PASS,
ADV608,PS,E-6,Transfers Management & Processing,Enlisted Distribution,Military Couple and Single Parent Assignment,Enlisted members request military couple co-location on which form?,NAVPERS 1301/85 Officer Personnel Action Request,NAVPERS 1070/602 Record of Emergency Data,NAVPERS 1070/613 Administrative Remarks,NAVPERS 1306/7 Electronic Personnel Action Request,D,MILPERSMAN 1300-1000,Whole MILPERSMAN.pdf,https://www.mynavyhr.navy.mil/References/MILPERSMAN/,1129,"CH-87, 05 Apr 2024",Enlisted requests must be submitted on NAVPERS 1306/7 Electronic Personnel Action Request.,PASS,Found on stated page.,PASS,
ADV609,PS,E-6,Transfers Management & Processing,Enlisted Distribution,Military Couple and Single Parent Assignment,Officers request military couple co-location on which form?,NAVPERS 1301/85 Officer Personnel Action Request,NAVPERS 1070/613 Administrative Remarks,NAVPERS 1306/92 Special Program Screening,NAVPERS 1306/7 Electronic Personnel Action Request,A,MILPERSMAN 1300-1000,Whole MILPERSMAN.pdf,https://www.mynavyhr.navy.mil/References/MILPERSMAN/,1129,"CH-87, 05 Apr 2024",Officer requests must be submitted on NAVPERS 1301/85 Officer Personnel Action Request.,PASS,Found on stated page.,PASS,
ADV610,PS,E-6,Transfers Management & Processing,Enlisted Distribution,Military Couple and Single Parent Assignment,"Once co-location has been requested, what priority does spouse co-location become for every duty preference?",The member's highest priority,A secondary priority behind sea duty,A low priority unless the spouse is also requesting,No priority until the next PRD,A,MILPERSMAN 1300-1000,Whole MILPERSMAN.pdf,https://www.mynavyhr.navy.mil/References/MILPERSMAN/,1129,"CH-87, 05 Apr 2024","Once requested, spouse co-location becomes the member's highest priority for every duty preference and will be given due consideration during the assignment process.",PASS,Found on stated page.,PASS,
ADV611,PS,E-6,Transfers Management & Processing,Enlisted Distribution,Military Couple and Single Parent Assignment,A military couple not presently co-located can request reassignment to achieve co-location if the requesting member has completed at least how long on board the current duty station?,18 months,24 months,A year,6 months,C,MILPERSMAN 1300-1000,Whole MILPERSMAN.pdf,https://www.mynavyhr.navy.mil/References/MILPERSMAN/,1130,"CH-87, 05 Apr 2024",Member requesting to be transferred has completed at least a year on board current duty station at the time of the transfer,PASS,Found on stated page.,PASS,
ADV612,PS,E-6,Transfers Management & Processing,Enlisted Distribution,Military Couple and Single Parent Assignment,"When both members of a military couple are eligible for sea duty, which spouse will normally be assigned sea duty?",The spouse with the earlier PRD,The spouse with the least amount of sea duty,The spouse with the most sea duty,The senior spouse,B,MILPERSMAN 1300-1000,Whole MILPERSMAN.pdf,https://www.mynavyhr.navy.mil/References/MILPERSMAN/,1130,"CH-87, 05 Apr 2024","When both members are eligible for sea duty, the spouse with the least amount of sea duty will normally be assigned sea duty",PASS,Found on stated page.,PASS,
ADV613,PS,E-6,Transfers Management & Processing,Enlisted Distribution,Military Couple and Single Parent Assignment,What must military couples with dependents maintain?,A signed co-location waiver,A copy of their spouse's orders,A current and workable family care plan,A dual-military housing agreement,C,MILPERSMAN 1300-1000,Whole MILPERSMAN.pdf,https://www.mynavyhr.navy.mil/References/MILPERSMAN/,1130,"CH-87, 05 Apr 2024",Military couples with dependents are required to maintain a current and workable family care plan.,PASS,Found on stated page.,PASS,
ADV614,PS,E-6,Transfers Management & Processing,Enlisted Distribution,Military Couple and Single Parent Assignment,"When one spouse is already on an OCONUS Department of Defense tour, what happens to that member's PRD when the spouse is authorized to join?",It is set to 12 months after the spouse arrives,It is shortened to the date the spouse arrives,It is unchanged,It is extended to match the PRD of the joining spouse,D,MILPERSMAN 1300-1000,Whole MILPERSMAN.pdf,https://www.mynavyhr.navy.mil/References/MILPERSMAN/,1130,"CH-87, 05 Apr 2024","When one member is already on an OCONUS Department of Defense tour, that member's projected rotation date (PRD) will be extended to match the PRD of the authorized joining spouse.",PASS,Found on stated page.,PASS,
ADV615,PS,E-6,Transfers Management & Processing,Enlisted Distribution,Military Couple and Single Parent Assignment,What happens to issued orders when a marriage occurs before they are executed?,They are automatically modified for co-location,"They remain in effect, though modification may be considered if it will not create a gapped billet, hurt the gaining command's readiness, or preclude use of recently acquired skills",They are automatically canceled,They are held until the spouse's PRD,B,MILPERSMAN 1300-1000,Whole MILPERSMAN.pdf,https://www.mynavyhr.navy.mil/References/MILPERSMAN/,1130,"CH-87, 05 Apr 2024","Issued orders will remain in effect when a marriage occurs. Modification may be considered if it will not result in a gapped billet, adversely affect the gaining command’s readiness, or preclude the use of recently acquired skills or training.",PASS,Found on stated page.,PASS,
ADV616,PS,E-6,Transfers Management & Processing,Enlisted Distribution,Military Couple and Single Parent Assignment,Military couples will not be permanently assigned to which of the following?,The same shore installation,The same ship or shipboard deployable command,The same geographic area,The same type commander,B,MILPERSMAN 1300-1000,Whole MILPERSMAN.pdf,https://www.mynavyhr.navy.mil/References/MILPERSMAN/,1131,"CH-87, 05 Apr 2024",Military couples will not be permanently assigned to the same ship or shipboard deployable command,PASS,Found on stated page.,PASS,
ADV617,PS,E-6,Transfers Management & Processing,Enlisted Distribution,Military Couple and Single Parent Assignment,"When a member on shipboard duty marries another member assigned to the same ship, who will normally be reassigned as soon as possible?",The member with the fewer dependents,The member who has completed the larger percentage of his or her PST,The junior member,The member with the later PRD,B,MILPERSMAN 1300-1000,Whole MILPERSMAN.pdf,https://www.mynavyhr.navy.mil/References/MILPERSMAN/,1131,"CH-87, 05 Apr 2024",the member who has completed the larger percentage of his or her PST will normally be reassigned as soon as possible,PASS,Found on stated page.,PASS,
ADV618,PS,E-6,Transfers Management & Processing,Enlisted Distribution,Military Couple and Single Parent Assignment,Members will not be assigned to the same command ashore with the same reporting senior without whose concurrence?,The losing commanding officer's,The type commander's,The gaining commanding officer's,The detailer's,C,MILPERSMAN 1300-1000,Whole MILPERSMAN.pdf,https://www.mynavyhr.navy.mil/References/MILPERSMAN/,1131,"CH-87, 05 Apr 2024",Members will not be assigned to the same command ashore with the same reporting senior without the gaining commanding officer’s concurrence.,PASS,Found on stated page.,PASS,
ADV619,PS,E-6,Transfers Management & Processing,Enlisted Distribution,Military Couple and Single Parent Assignment,Military couples will NOT normally be involuntarily assigned to which of the following?,Simultaneous sea duty tours,Any overseas assignment,Consecutive sea duty tours,Simultaneous shore duty tours,A,MILPERSMAN 1300-1000,Whole MILPERSMAN.pdf,https://www.mynavyhr.navy.mil/References/MILPERSMAN/,1132,"CH-87, 05 Apr 2024",Military couples will not normally be involuntarily assigned to a simultaneous sea duty tour,PASS,Found on stated page.,PASS,
ADV620,PS,E-6,Transfers Management & Processing,Enlisted Distribution,Military Couple and Single Parent Assignment,Military couples made up of which type of members may be involuntarily assigned to simultaneous sea duty?,Members with dependents,Members with the same rating,Members who are both E-7 or above,First-term members or initial accessions,D,MILPERSMAN 1300-1000,Whole MILPERSMAN.pdf,https://www.mynavyhr.navy.mil/References/MILPERSMAN/,1132,"CH-87, 05 Apr 2024","When both members of a military couple are first-termers or initial accessions, both members may require assignment to simultaneous sea duty",PASS,Found on stated page.,PASS,
ADV621,PS,E-6,Transfers Management & Processing,Enlisted Distribution,Military Couple and Single Parent Assignment,A member who requests co-location that results in simultaneous sea duty must complete which form with a required statement?,NAVPERS 1070/613 Administrative Remarks,NAVPERS 1301/85 Officer Personnel Action Request,NAVPERS 1306/92 Special Program Screening,NAVPERS 1306/7 Electronic Personnel Action Request,A,MILPERSMAN 1300-1000,Whole MILPERSMAN.pdf,https://www.mynavyhr.navy.mil/References/MILPERSMAN/,1132,"CH-87, 05 Apr 2024",must complete NAVPERS 1070/613 Administrative Remarks through their command with the statement indicated below,PASS,Found on stated page.,PASS,
ADV622,PS,E-6,Transfers Management & Processing,Enlisted Distribution,Military Couple and Single Parent Assignment,"If reassignment to the area of a military spouse is not feasible, PERS-4 will normally disapprove the request. Which option may be offered?",Automatic reassignment after 24 months,Immediate reassignment of the spouse,Resubmission in 12 months,Resubmission in 6 months for reconsideration,D,MILPERSMAN 1300-1000,Whole MILPERSMAN.pdf,https://www.mynavyhr.navy.mil/References/MILPERSMAN/,1133,"CH-87, 05 Apr 2024",a. Resubmission in 6 months for reconsideration.,PASS,Found on stated page.,PASS,
ADV623,PS,E-6,Transfers Management & Processing,Enlisted Distribution,Military Couple and Single Parent Assignment,A member who accepts assignment to the nearest available requirement within the area of the spouse's present assignment must serve a minimum of how long at that activity?,24 months,12 months,36 months,18 months,A,MILPERSMAN 1300-1000,Whole MILPERSMAN.pdf,https://www.mynavyhr.navy.mil/References/MILPERSMAN/,1133,"CH-87, 05 Apr 2024",Acceptance of subparagraph 4b option will require the member to serve a minimum 24-month tour at the activity,PASS,Found on stated page.,PASS,
ADV624,PS,E-6,Transfers Management & Processing,Enlisted Distribution,Military Couple and Single Parent Assignment,Assignment of married dual-military couples to isolated duty stations where an unaccompanied tour is directed may be authorized on what basis?,"A voluntary basis, including Diego Garcia",Only with a flag officer's approval,"A voluntary basis, except Diego Garcia",An involuntary basis only,C,MILPERSMAN 1300-1000,Whole MILPERSMAN.pdf,https://www.mynavyhr.navy.mil/References/MILPERSMAN/,1133,"CH-87, 05 Apr 2024",may be authorized on a voluntary basis (except Diego Garcia) when in compliance with this article.,PASS,Found on stated page.,PASS,
ADV625,PS,E-6,Transfers Management & Processing,Enlisted Distribution,Military Couple and Single Parent Assignment,Requests for reassignment from a member of an immediate family who no longer desires to serve at the same activity must receive what consideration?,Automatic approval,No consideration until normal rotation,"Favorable consideration, provided there are no overriding military needs",Consideration only with flag approval,C,MILPERSMAN 1300-1000,Whole MILPERSMAN.pdf,https://www.mynavyhr.navy.mil/References/MILPERSMAN/,1134,"CH-87, 05 Apr 2024","must receive favorable consideration, provided there are no overriding military needs for the retention in the same unit.",PASS,Found on stated page.,PASS,
ADV626,PS,E-6,Transfers Management & Processing,Enlisted Distribution,Military Couple and Single Parent Assignment,How are single parents assigned?,Only to their home of record,With preferential shore assignment,Only to homeport-ashore billets,Using the same procedures as other Service members,D,MILPERSMAN 1300-1000,Whole MILPERSMAN.pdf,https://www.mynavyhr.navy.mil/References/MILPERSMAN/,1134,"CH-87, 05 Apr 2024",Single parents are assigned using the same procedures as other Service members.,PASS,Found on stated page.,PASS,
ADV627,PS,E-6,Transfers Management & Processing,Enlisted Distribution,Military Couple and Single Parent Assignment,Enlisted members requesting a hardship discharge because of single-parent sea duty hardship refer to which MILPERSMAN article?,MILPERSMAN 1910-124,MILPERSMAN 1910-110,MILPERSMAN 1306-900,MILPERSMAN 1300-1000,B,MILPERSMAN 1300-1000,Whole MILPERSMAN.pdf,https://www.mynavyhr.navy.mil/References/MILPERSMAN/,1135,"CH-87, 05 Apr 2024","(2) Enlisted. For hardship discharges, refer to MILPERSMAN 1910-110.",PASS,Found on stated page.,PASS,
ADV628,PS,E-6,Transfers Management & Processing,Enlisted Distribution,Military Couple and Single Parent Assignment,Enlisted members requesting a parenthood discharge refer to which MILPERSMAN article?,MILPERSMAN 1306-935,MILPERSMAN 1300-1205,MILPERSMAN 1910-124,MILPERSMAN 1910-110,C,MILPERSMAN 1300-1000,Whole MILPERSMAN.pdf,https://www.mynavyhr.navy.mil/References/MILPERSMAN/,1135,"CH-87, 05 Apr 2024","For parenthood discharges, refer to MILPERSMAN 1910-124.",PASS,Found on stated page.,PASS,
ADV629,PS,E-6,Transfers Management & Processing,Enlisted Distribution,Safety Transfers,Which NAVPERSCOM office reviews and adjudicates safety transfer requests?,Deployability Assessment Branch (PERS-454),Navy Reserve Personnel Branch (PERS-9),Career Management Department (PERS-4),Enlisted Placement Branch (PERS-401),A,MILPERSMAN 1300-1200,Whole MILPERSMAN.pdf,https://www.mynavyhr.navy.mil/References/MILPERSMAN/,1140,"CH-67, 6 Apr 2019","Safety transfer requests are reviewed and adjudicated on their individual merits by Navy Personnel Command (NAVPERSCOM), Deployability Assessment Branch (PERS-454).",PASS,Found on stated page.,PASS,
ADV630,PS,E-6,Transfers Management & Processing,Enlisted Distribution,Safety Transfers,Who holds disapproval authority for safety transfer requests?,The Chief of Naval Operations,The member's detailer,The requesting member's CO,"Commander, NAVPERSCOM",D,MILPERSMAN 1300-1200,Whole MILPERSMAN.pdf,https://www.mynavyhr.navy.mil/References/MILPERSMAN/,1140,"CH-67, 6 Apr 2019","Disapproval authority resides with Commander, NAVPERSCOM.",PASS,Found on stated page.,PASS,
ADV631,PS,E-6,Transfers Management & Processing,Enlisted Distribution,Safety Transfers,Within how many hours must the CO approve or disapprove a Service member's request for a PCS or PCA safety transfer?,24 hours of receipt,72 hours of receipt,48 hours of receipt,5 days of receipt,B,MILPERSMAN 1300-1200,Whole MILPERSMAN.pdf,https://www.mynavyhr.navy.mil/References/MILPERSMAN/,1141,"CH-67, 6 Apr 2019",The CO must approve or disapprove a Service member’s request for a PCS or PCA transfer within 72 hours of receipt.,PASS,Found on stated page.,PASS,
ADV632,PS,E-6,Transfers Management & Processing,Enlisted Distribution,Safety Transfers,Approval of a temporary assignment under a safety transfer is made by whom?,"Commander, NAVPERSCOM",The Service member's detailer,PERS-454,"The CO, per TDY travel orders",D,MILPERSMAN 1300-1200,Whole MILPERSMAN.pdf,https://www.mynavyhr.navy.mil/References/MILPERSMAN/,1141,"CH-67, 6 Apr 2019",Approval for temporary assignment will be made by the CO per temporary duty (TDY) travel orders,PASS,Found on stated page.,PASS,
ADV633,PS,E-6,Transfers Management & Processing,Enlisted Distribution,Safety Transfers,How long is an approved safety transfer request retained on file by PERS-454?,5 years,2 years,3 years,1 year,C,MILPERSMAN 1300-1200,Whole MILPERSMAN.pdf,https://www.mynavyhr.navy.mil/References/MILPERSMAN/,1141,"CH-67, 6 Apr 2019",where it will be processed and retained on file for a period of 3 years.,PASS,Found on stated page.,PASS,
ADV634,PS,E-6,Transfers Management & Processing,Enlisted Distribution,Safety Transfers,Within how many hours must the flag/general officer or SES equivalent approve or disapprove a safety transfer request after receiving the command-level disapproval recommendation?,5 days,24 hours,72 hours,7 days,C,MILPERSMAN 1300-1200,Whole MILPERSMAN.pdf,https://www.mynavyhr.navy.mil/References/MILPERSMAN/,1142,"CH-67, 6 Apr 2019",The flag/general officer or SES equivalent must approve or disapprove the request within 72 hours of receipt of the command-level disapproval recommendation,PASS,Found on stated page.,PASS,
ADV635,PS,E-6,Transfers Management & Processing,Enlisted Distribution,Safety Transfers,"Safety transfers of Service members must also include whom, as applicable?",Their department head,Their dependents and or military spouse,Their sponsor,Their immediate supervisor,B,MILPERSMAN 1300-1200,Whole MILPERSMAN.pdf,https://www.mynavyhr.navy.mil/References/MILPERSMAN/,1140,"CH-67, 6 Apr 2019",Safety transfers of Service members must also include their dependents and or military spouse (as applicable).,PASS,Found on stated page.,PASS,
ADV636,PS,E-6,Transfers Management & Processing,Enlisted Distribution,Safety Transfers,How does a requesting Service member formally end a safety transfer request that he or she no longer wishes to pursue?,By formally withdrawing it using exhibit 5,By submitting a NAVPERS 1070/613,By notifying the detailer verbally,By ignoring orders,A,MILPERSMAN 1300-1200,Whole MILPERSMAN.pdf,https://www.mynavyhr.navy.mil/References/MILPERSMAN/,1142,"CH-67, 6 Apr 2019",the request must be formally withdrawn by the Service member using exhibit 5.,PASS,Found on stated page.,PASS,
ADV637,PS,E-6,Transfers Management & Processing,Enlisted Distribution,Expedited Transfers,"If Service members or adult military dependents fear for their life or physical safety, which type of transfer should be requested instead of an expedited transfer?",A safety transfer per MILPERSMAN 1300-1200,An early PRD transfer,A humanitarian transfer per MILPERSMAN 1300-1100,A hardship transfer,A,MILPERSMAN 1300-1205,Whole MILPERSMAN.pdf,https://www.mynavyhr.navy.mil/References/MILPERSMAN/,1150,"CH-78, 7 Feb 2022","If Service members or adult military dependents fear for their life or physical safety, a safety transfer may be requested per MILPERSMAN 1300-1200.",PASS,Found on stated page.,PASS,
ADV638,PS,E-6,Transfers Management & Processing,Enlisted Distribution,Expedited Transfers,Which NAVPERSCOM branch makes final assignment decisions on expedited transfer requests?,PERS-401,PERS-4013,PERS-454,PERS-40BB,C,MILPERSMAN 1300-1205,Whole MILPERSMAN.pdf,https://www.mynavyhr.navy.mil/References/MILPERSMAN/,1150,"CH-78, 7 Feb 2022",NAVPERSCOM Deployability Assessment and Assignment Branch (PERS-454) will take into consideration all recommendations and preferences in reaching a final assignment decision.,PASS,Found on stated page.,PASS,
ADV639,PS,E-6,Transfers Management & Processing,Enlisted Distribution,Expedited Transfers,How many times may a Service member request an expedited transfer over the course of a naval career?,Once,The Navy does not limit the number of requests,Three times,Twice,B,MILPERSMAN 1300-1205,Whole MILPERSMAN.pdf,https://www.mynavyhr.navy.mil/References/MILPERSMAN/,1151,"CH-78, 7 Feb 2022",The Navy does not limit the number of expedited transfer requests a Service member may make over the course of a naval career.,PASS,Found on stated page.,PASS,
ADV640,PS,E-6,Transfers Management & Processing,Enlisted Distribution,Expedited Transfers,"An expedited transfer request must include the Service member's reason(s) for the request, military spouse and dependents (as applicable), and what else?",A copy of the investigation report,Top three location preferences,Two letters of recommendation,Top five location preferences,B,MILPERSMAN 1300-1205,Whole MILPERSMAN.pdf,https://www.mynavyhr.navy.mil/References/MILPERSMAN/,1157,"CH-78, 7 Feb 2022","(2) Top three location preferences, and",PASS,Found on stated page.,PASS,
ADV641,PS,E-6,Transfers Management & Processing,Enlisted Distribution,Expedited Transfers,Within how many days of receiving an expedited transfer request must the CO make an approval or disapproval recommendation?,10 days,30 days,Five days,72 hours,C,MILPERSMAN 1300-1205,Whole MILPERSMAN.pdf,https://www.mynavyhr.navy.mil/References/MILPERSMAN/,1157,"CH-78, 7 Feb 2022",make an approval or disapproval recommendation of the request within five days of receiving the request.,PASS,Found on stated page.,PASS,
ADV642,PS,E-6,Transfers Management & Processing,Enlisted Distribution,Expedited Transfers,Within how many days must the flag/general officer or SES-equivalent provide written approval or disapproval of an expedited transfer request after receiving the command-level recommendation?,10 days,72 hours,Five days,30 days,C,MILPERSMAN 1300-1205,Whole MILPERSMAN.pdf,https://www.mynavyhr.navy.mil/References/MILPERSMAN/,1160,"CH-78, 7 Feb 2022",The flag or general officer or SES-equivalent must provide written approval or disapproval (exhibit 5) of the request within five days of receipt of the command-level recommendation.,PASS,Found on stated page.,PASS,
ADV643,PS,E-6,Transfers Management & Processing,Enlisted Distribution,Expedited Transfers,"In most circumstances, expedited transfers to a different installation are completed within how many calendar days from the date the transfer is approved by the command and submitted to PERS-454?",90 calendar days,30 calendar days,60 calendar days,7 calendar days,B,MILPERSMAN 1300-1205,Whole MILPERSMAN.pdf,https://www.mynavyhr.navy.mil/References/MILPERSMAN/,1156,"CH-78, 7 Feb 2022","In most circumstances, expedited transfers to a different installation are completed within 30 calendar days from the date the transfer is approved by the Service member’s command and submitted to PERS-454.",PASS,Found on stated page.,PASS,
ADV644,PS,E-6,Transfers Management & Processing,Enlisted Distribution,Expedited Transfers,Expedited transfers to a new duty location that do not require a change of station move are normally completed within what time?,24 hours,1 week from the date the transfer is approved and received by PERS-454,90 days,30 calendar days,B,MILPERSMAN 1300-1205,Whole MILPERSMAN.pdf,https://www.mynavyhr.navy.mil/References/MILPERSMAN/,1156,"CH-78, 7 Feb 2022",Expedited transfers to a new duty location that do not require a change of station move are normally completed within 1 week from the date the transfer is approved by the Service member’s command and received by PERS-454.,PASS,Found on stated page.,PASS,
ADV645,PS,E-6,Transfers Management & Processing,Enlisted Distribution,Expedited Transfers,What constitutes acknowledgement that an expedited transfer request has been approved and fulfilled?,The detach date,Signing the CO's endorsement,Receipt of orders by the command,"Execution of PCS, PCA, or TEMDU orders by the requesting Service member",D,MILPERSMAN 1300-1205,Whole MILPERSMAN.pdf,https://www.mynavyhr.navy.mil/References/MILPERSMAN/,1156,"CH-78, 7 Feb 2022","Execution of PCS, PCA, or TEMDU orders by the requesting Service member will constitute acknowledgement that the expedited transfer request has been approved and fulfilled.",PASS,Found on stated page.,PASS,
ADV646,PS,E-6,Transfers Management & Processing,Enlisted Distribution,Expedited Transfers,"Where must all correspondence related to expedited transfer requests, approvals, denials, or withdrawals be forwarded?",By e-mail to PERS-454 at expd_trf.fct@navy.mil,By fax to the MyNavy Career Center,By naval message to NAVPERSCOM,Through the detailer only,A,MILPERSMAN 1300-1205,Whole MILPERSMAN.pdf,https://www.mynavyhr.navy.mil/References/MILPERSMAN/,1156,"CH-78, 7 Feb 2022","All correspondence related to expedited transfer requests, approvals, denials, or withdrawals must be forwarded via e-mail to PERS-454 at expd_trf.fct@navy.mil",PASS,Found on stated page.,PASS,
ADV647,PS,E-6,Transfers Management & Processing,Enlisted Distribution,Expedited Transfers,How long are approved expedited transfer documents retained on file?,Until the member's next PRD,1 year from date of approval,3 years from date of approval,5 years from date of approval,C,MILPERSMAN 1300-1205,Whole MILPERSMAN.pdf,https://www.mynavyhr.navy.mil/References/MILPERSMAN/,1159,"CH-78, 7 Feb 2022","All documents will be retained on file for a period of 3 years from date of approval, including:",PASS,Found on stated page.,PASS,
ADV648,PS,E-6,Transfers Management & Processing,Enlisted Distribution,Expedited Transfers,"Under the expedited transfer policy, a Service member may request a transfer on behalf of an adult military dependent who has made an allegation of what?",Sexual assault that is not domestic abuse-related,Domestic abuse,Any offense under the UCMJ,Stalking only,A,MILPERSMAN 1300-1205,Whole MILPERSMAN.pdf,https://www.mynavyhr.navy.mil/References/MILPERSMAN/,1149,"CH-78, 7 Feb 2022",expanded the expedited transfer policy to include Service members’ ability to request an expedited transfer if they have adult military dependent who has made an allegation of sexual assault that is not domestic abuse-related.,PASS,Found on stated page.,PASS,
ADV649,PS,E-6,Transfers Management & Processing,Enlisted Distribution,Expedited Transfers,The expedited transfer policy is intended to address situations in which victims feel what?,Overworked,Unsafe and in fear of their life,Ready for advancement,"Safe, but uncomfortable, in their current environment",D,MILPERSMAN 1300-1205,Whole MILPERSMAN.pdf,https://www.mynavyhr.navy.mil/References/MILPERSMAN/,1149,"CH-78, 7 Feb 2022","The expedited transfer policy is intended to address situations in which Service member victims or adult military dependents feel safe, but uncomfortable, in their current environment",PASS,Found on stated page.,PASS,
ADV650,PS,E-6,Transfers Management & Processing,Enlisted Distribution,Expedited Transfers,Which notification must the losing CO make when an expedited transfer decision is made?,Notify the losing SARC and the Service member victim in writing,Notify the Chief of Naval Personnel,Notify the gaining SARC only,Notify the alleged offender's CO,A,MILPERSMAN 1300-1205,Whole MILPERSMAN.pdf,https://www.mynavyhr.navy.mil/References/MILPERSMAN/,1153,"CH-78, 7 Feb 2022",Must notify the losing sexual assault response coordinator (SARC) and the Service member victim in writing when the expedited transfer decision is made,PASS,Found on stated page.,PASS,
ADV651,PS,E-6,Transfers Management & Processing,Enlisted Distribution,Expedited Transfers,May the reason for an expedited transfer be mentioned in the Service member's detachment evaluation?,"Yes, if the CO approves","Yes, in the comments section","No, no mention of the reason for transfer will be made","Yes, if the SARC requests",C,MILPERSMAN 1300-1205,Whole MILPERSMAN.pdf,https://www.mynavyhr.navy.mil/References/MILPERSMAN/,1153,"CH-78, 7 Feb 2022",No mention of reason for transfer will be made within the evaluation.,PASS,Found on stated page.,PASS,
ADV652,PS,E-6,Transfers Management & Processing,Enlisted Distribution,Expedited Transfers,"Once a determination has been made that the report is credible, what presumption must be established?",A presumption in favor of transferring the alleged offender,No presumption is made,A presumption against transferring the victim,A presumption in favor of transferring the Service member victim,D,MILPERSMAN 1300-1205,Whole MILPERSMAN.pdf,https://www.mynavyhr.navy.mil/References/MILPERSMAN/,1158,"CH-78, 7 Feb 2022",A presumption must be established in favor of transferring the Service member victim once a determination has been made that the report is credible.,PASS,Found on stated page.,PASS,
ADV653,PS,E-6,Transfers Management & Processing,Enlisted Distribution,Expedited Transfers,"For purposes of an expedited transfer, a report is credible when there are what?",Witnesses to the offense,A conviction at court-martial,A signed confession,Reasonable grounds to believe an offense occurred,D,MILPERSMAN 1300-1205,Whole MILPERSMAN.pdf,https://www.mynavyhr.navy.mil/References/MILPERSMAN/,1157,"CH-78, 7 Feb 2022","Determine if the report is credible (i.e., reasonable grounds to believe an offense occurred)",PASS,Found on stated page.,PASS,
ADV654,PS,E-6,Transfers Management & Processing,Enlisted Distribution,Expedited Transfers,How must a Service member withdraw an expedited transfer request?,"In writing to the CO, using exhibit 6",By failing to execute the orders,Verbally to the SARC,By e-mail to the detailer,A,MILPERSMAN 1300-1205,Whole MILPERSMAN.pdf,https://www.mynavyhr.navy.mil/References/MILPERSMAN/,1161,"CH-78, 7 Feb 2022",the request must be formally withdrawn by the Service member in writing to the CO (exhibit 6).,PASS,Found on stated page.,PASS,
ADV655,PS,E-6,Transfers Management & Processing,Enlisted Distribution,Availability Processing,"When can availability report (AVAIL) status changes, corrections, or removals occur?",Only at the end of the quarter,At any time after the initial AVAIL,Only within 30 days of the initial AVAIL,Only before orders are issued,B,MILPERSMAN 1306-1706,Whole MILPERSMAN.pdf,https://www.mynavyhr.navy.mil/References/MILPERSMAN/,2316,"CH-65, 15 Nov 2018","Status changes, including corrections, removal, or submission of a new availability report (AVAIL) can occur at any time after initial AVAIL.",PASS,Found on stated page.,PASS,
ADV656,PS,E-6,Transfers Management & Processing,Enlisted Distribution,Availability Processing,Who notifies the servicing personnel support detachment or personnel office when a Service member's status changes so an AVAIL can be changed or deleted?,The command pay and personnel support administrator or other command representative,NAVPERSCOM (PERS-454),The type commander,The Service member's detailer,A,MILPERSMAN 1306-1706,Whole MILPERSMAN.pdf,https://www.mynavyhr.navy.mil/References/MILPERSMAN/,2316,"CH-65, 15 Nov 2018","The command pay and personnel support administrator or other command representative will notify the servicing personnel support detachment, service center, or personnel office (as applicable) when changes to a Service member’s status occurs",PASS,Found on stated page.,PASS,
ADV657,PS,E-6,Transfers Management & Processing,Enlisted Distribution,Availability Processing,"If orders have not been received and the AVAIL date is undetermined, what happens to the current AVAIL?",It is held until orders arrive,It is converted to a Class F AVAIL,It will be deleted,It remains on file unchanged,C,MILPERSMAN 1306-1706,Whole MILPERSMAN.pdf,https://www.mynavyhr.navy.mil/References/MILPERSMAN/,2317,"CH-65, 15 Nov 2018","If orders have not been received and AVAIL date is undetermined, or if requiring formal order modification at a later date, current AVAIL will be deleted.",PASS,Found on stated page.,PASS,
ADV658,PS,E-6,Transfers Management & Processing,Enlisted Distribution,Availability Processing,An AVAIL will be deleted if the Service member will no longer be transferring for which reason?,The member takes leave,The member will remain onboard or separate,The member's PRD is extended one month,The member changes rate,B,MILPERSMAN 1306-1706,Whole MILPERSMAN.pdf,https://www.mynavyhr.navy.mil/References/MILPERSMAN/,2317,"CH-65, 15 Nov 2018","The AVAIL will be deleted if Service member will no longer be transferring (i.e., remain onboard, separate, etc.).",PASS,Found on stated page.,PASS,
ADV659,PS,E-6,Transfers Management & Processing,Enlisted Distribution,Availability Processing,Changes and deletions of AVAILs are submitted to which office?,"NAVPERSCOM, Career Management Department (PERS-4)","NAVPERSCOM, Deployability Assessment Branch (PERS-454)",The servicing PSD only,NETC Accessions Distribution Branch,B,MILPERSMAN 1306-1706,Whole MILPERSMAN.pdf,https://www.mynavyhr.navy.mil/References/MILPERSMAN/,2317,"CH-65, 15 Nov 2018","to NAVPERSCOM, Deployability Assessment Branch (PERS-454).",PASS,Found on stated page.,PASS,
ADV660,PS,E-6,Transfers Management & Processing,Enlisted Distribution,Availability Processing,How should changes and deletions of AVAILs be submitted?,Only by naval message,Only by fax,Using the same method as the initial AVAIL submission,Only in person,C,MILPERSMAN 1306-1706,Whole MILPERSMAN.pdf,https://www.mynavyhr.navy.mil/References/MILPERSMAN/,2317,"CH-65, 15 Nov 2018",Submit changes and deletions of AVAILs using the same method as the initial AVAIL submission,PASS,Found on stated page.,PASS,
ADV661,PS,E-6,Transfers Management & Processing,Enlisted Distribution,Command Master Chief Program,What is the tour length for the Command Master Chief program?,48 months,24 months,30 months,36 months,D,MILPERSMAN 1306-935,Whole MILPERSMAN.pdf,https://www.mynavyhr.navy.mil/References/MILPERSMAN/,1976,"CH-18, 16 Mar 2007",c. Tour length will be 36 months.,PASS,Found on stated page.,PASS,
ADV662,PS,E-6,Transfers Management & Processing,Enlisted Distribution,Command Master Chief Program,What is the required obligated service (OBLISERV) for the Command Master Chief program?,48 months,24 months,60 months,36 months,D,MILPERSMAN 1306-935,Whole MILPERSMAN.pdf,https://www.mynavyhr.navy.mil/References/MILPERSMAN/,1977,"CH-18, 16 Mar 2007",b. Required obligated service (OBLISERV) for this program is 36 months.,PASS,Found on stated page.,PASS,
ADV663,PS,E-6,Transfers Management & Processing,Enlisted Distribution,Command Master Chief Program,"Fleet, Force, CNO-Directed, and Command Master Chiefs are senior enlisted leaders who report directly to whom?",Their commanders or commanding officers,The type commander's SEA,NAVPERSCOM (PERS-40FF),The Master Chief Petty Officer of the Navy,A,MILPERSMAN 1306-935,Whole MILPERSMAN.pdf,https://www.mynavyhr.navy.mil/References/MILPERSMAN/,1976,"CH-18, 16 Mar 2007",are the senior enlisted leaders who report directly to their commanders/commanding officers.,PASS,Found on stated page.,PASS,
ADV664,PS,E-7,Leave & Liberty Administration,Leave Administration,Environmental and Morale Leave (EML),What is the primary purpose of Environmental and Morale Leave (EML) as outlined in MILPERSMAN 1050-210?,To compensate members assigned to combat zones for extended deployments,To provide relief from hardship duty conditions by allowing members at designated locations to temporarily leave the area,To allow members to attend mandatory professional training outside their duty station,To provide additional paid leave beyond the member's normal annual accrual,B,MILPERSMAN 1050-210,Whole MILPERSMAN.pdf,https://www.mynavyhr.navy.mil/References/MILPERSMAN/,265,22 Aug 2002,"EML programs are established at overseas installations, where adverse environmental conditions require specific arrangements for leave in more desirable places at periodic intervals.",PASS,Found on stated page.,PASS,
ADV665,PS,E-7,Leave & Liberty Administration,Leave Administration,Environmental and Morale Leave (EML),"Under MILPERSMAN 1050-210, how is Environmental and Morale Leave charged with respect to a member's leave account?",EML is charged as ordinary leave against the member's leave balance,EML is not charged against the member's leave balance — it is a separate special entitlement,EML is charged as excess leave and must be repaid if the member separates before completing the tour,EML is charged at half the normal rate (0.5 days per day of leave taken),A,MILPERSMAN 1050-210,Whole MILPERSMAN.pdf,https://www.mynavyhr.navy.mil/References/MILPERSMAN/,265,22 Aug 2002,The leave taken under the EML program is ordinary leave chargeable to the member's account.,PASS,Found on stated page.,PASS,
ADV666,PS,E-7,Leave & Liberty Administration,Leave Administration,Environmental and Morale Leave (EML),What transportation support does the government provide to members who are authorized Environmental and Morale Leave?,Members are reimbursed for commercial airfare up to the cost of a government fare after returning from EML,Members must arrange and fund their own transportation; EML is a leave entitlement only,The government provides space-available air transportation from the EML destination site,Transportation is provided only if the member has no accrued leave remaining,C,MILPERSMAN 1050-210,Whole MILPERSMAN.pdf,https://www.mynavyhr.navy.mil/References/MILPERSMAN/,265,22 Aug 2002,"Members, regardless of their accompanied status, and/or their family members may be provided space available air transportation from EML destination site.",PASS,Found on stated page.,PASS,
ADV667,PS,E-7,Leave & Liberty Administration,Leave Administration,Environmental and Morale Leave (EML),"Under MILPERSMAN 1050-210, what is the basic eligibility requirement regarding a member's duty station for Environmental and Morale Leave?","The duty station must have fewer than 1,000 permanently assigned military personnel",The duty station must be officially designated as an EML origination site,The duty station must be located in an active combat zone designated by the Secretary of Defense,The duty station must be outside the continental United States (OCONUS) with no other requirement,B,MILPERSMAN 1050-210,Whole MILPERSMAN.pdf,https://www.mynavyhr.navy.mil/References/MILPERSMAN/,267,22 Aug 2002,Installations selected to participate must be specifically designated as EML origination sites.,PASS,Found on stated page.,PASS,
ADV668,PS,E-7,Leave & Liberty Administration,Leave Administration,Environmental and Morale Leave (EML),"Regarding EML travel destinations under MILPERSMAN 1050-210, which statement is most accurate?",Members may select any worldwide destination for EML travel at government expense,EML destinations are chosen by the Commanding Officer on a case-by-case basis for each member,"EML destinations are specifically designated locations — members travel to approved sites, not freely chosen locations",EML travel must be to the member's home of record or nearest CONUS port city,C,MILPERSMAN 1050-210,Whole MILPERSMAN.pdf,https://www.mynavyhr.navy.mil/References/MILPERSMAN/,267,22 Aug 2002,Places to which EML program personnel may go must be designated for each origination site.,PASS,Found on stated page.,PASS,
ADV669,PS,E-7,Leave & Liberty Administration,Leave Administration,Special Leave Accrual,"Per MILPERSMAN 1050-070 (Special Leave Accrual), what is the maximum number of days of earned leave a member may accrue while assigned to duty under a circumstance listed in the Eligibility Criteria table?",Up to 100 days,Up to 90 days,Up to 120 days,Up to 75 days,C,MILPERSMAN 1050-070,Whole MILPERSMAN.pdf,https://www.mynavyhr.navy.mil/References/MILPERSMAN/,198,"CH-30, 22 Jan 2010","It is Navy policy to authorize members to accrue up to 120 days earned leave when assigned to duty under any of the circumstances specified under the ""Eligibility Criteria"" table.",PASS,Found on stated page.,PASS,
ADV670,PS,E-7,Leave & Liberty Administration,Leave Administration,Consecutive Overseas Tour (COT) Leave Travel,"Per MILPERSMAN 1050-410, how is a Consecutive Overseas Tour (COT) defined?",The PCS of a Service member from one overseas PDS to another overseas PDS,A PCS from an OCONUS duty station back to a CONUS duty station,A tour extension of at least 12 months at the same overseas duty station,A temporary duty assignment between two overseas commands lasting less than 180 days,A,MILPERSMAN 1050-410,Whole MILPERSMAN.pdf,https://www.mynavyhr.navy.mil/References/MILPERSMAN/,325,"CH-70, 22 Feb 2020",COT - the PCS of a Service member from one overseas PDS to another overseas PDS.,PASS,Found on stated page.,PASS,
ADV671,PS,E-7,Reenlistment & Extension Processing,Reenlistment and Extension,Reenlistment Under Continuous Service,"A member's EAOS is tomorrow and they wish to reenlist onboard their current command immediately after discharge. Per MILPERSMAN 1160-030, within what time frame following discharge must this occur for reenlistment to be effected at the current command?",This is never authorized — it must always be done at a Navy recruiting station,Within 24 hours following discharge,"Within 30 days of the EAOS, without additional approval needed",Up to 6 months prior to EAOS with a 3-month window after discharge,B,MILPERSMAN 1160-030,Whole MILPERSMAN.pdf,https://www.mynavyhr.navy.mil/References/MILPERSMAN/,500,"CH-88, 22 Jul 2024",Reenlistment under continuous service conditions may be effected at the following locations: a. Onboard the activity from which discharged within 24 hours following discharge.,PASS,Found on stated page.,PASS,
ADV672,PS,E-7,Reenlistment & Extension Processing,Reenlistment and Extension,Extension of Enlistments,"A member needs to extend their enlistment to establish obligated service for upcoming PCS orders. Per MILPERSMAN 1160-040, what is the maximum aggregate extension authorized per enlistment?",24 aggregate months,48 aggregate months,60 aggregate months,"36 aggregate months, with CO approval for each increment",B,MILPERSMAN 1160-040,Whole MILPERSMAN.pdf,https://www.mynavyhr.navy.mil/References/MILPERSMAN/,508,"CH-74, 11 Apr 2021",The enlistment contract cannot be extended for more than 48 aggregate months.,PASS,Found on stated page.,PASS,
ADV673,PS,E-7,Customer Service Management & Processing,Records and Documentation,NSIPS/ESR Documents to OMPF,"A Sailor is separating from the Navy after completing a 4-year enlistment. As the PS processing the separation, you must ensure the correct NSIPS/ESR documents are submitted to the OMPF. Per MILPERSMAN 1070-111, which document is printed and e-submitted to the OMPF at the time of separation?",NAVPERS 1070/622 Agreement to Recall or Extend Active Duty,NAVPERS 1070/605 History of Assignments,NAVPERS 1070/607 Court Memorandum,NAVPERS 1070/606 Record of Unauthorized Absence,B,MILPERSMAN 1070-111,Whole MILPERSMAN.pdf,https://www.mynavyhr.navy.mil/References/MILPERSMAN/,370,"CH-51, 14 May 2015",The following is a list of NSIPS/ESR documents that shall be printed and e-submitted to the OMPF upon reenlistment or separation: (1) NAVPERS 1070/605 History of Assignments,PASS,Found on stated page.,PASS,
ADV674,PS,E-7,Customer Service Management & Processing,Records and Documentation,NSIPS/ESR Documents to OMPF,"A command does not have access to NSIPS and must manually process a personnel transaction. Per MILPERSMAN 1070-111, what statement or stamp must be included on all manually created NAVPERS forms before they are submitted to the OMPF?","""CERTIFIED CORRECT"" followed by the CO's signature and command stamp","""ENTERED AND VERIFIED IN ESR"" followed by the rank or grade, title, date signed, and signature of the ESR verifying official","""APPROVED FOR SUBMISSION"" signed by NAVPERSCOM (PERS-313)","""MANUALLY PROCESSED"" with a memo from the command legal officer confirming system unavailability",B,MILPERSMAN 1070-111,Whole MILPERSMAN.pdf,https://www.mynavyhr.navy.mil/References/MILPERSMAN/,369,"CH-51, 14 May 2015","Each manually created document must contain the following statement or stamp: ""ENTERED AND VERIFIED IN ESR"" followed by the ""rank or grade, title, date signed, and signature of the ESR verifying official.""",PASS,Found on stated page.,PASS,
ADV675,PS,E-7,Customer Service Management & Processing,Records and Documentation,Dependency Application,"A member in your division just got married and reports to you for administrative guidance after updating their RED/DA application. Per MILPERSMAN 1070-270, what must the member do with the printed NAVPERS 1070/602 ""DA"" and supporting documents?",Submit them to their command's legal office for notarization before filing,Mail them directly to PERS-222 within 10 days of the marriage,Provide them to a DEERS/ID Card Lab office within 30 days of updating their RED/DA application,File them permanently in their OMPF via a NAVPERS 1070/613 Administrative Remarks entry,C,MILPERSMAN 1070-270,Whole MILPERSMAN.pdf,https://www.mynavyhr.navy.mil/References/MILPERSMAN/,388,"CH-67, 1 May 2019","The Service member will print a copy of the NAVPERS 1070/602 ""DA"" from ""RED/DA Inquire"" link and provide the copy with supporting documents to a DEERS/Real-Time Automated Personnel Identification System office (ID Card Lab) within 30 days of updating their RED/DA application.",PASS,Found on stated page.,PASS,
ADV676,PS,E-7,Customer Service Management & Processing,Records and Documentation,Correction of Date of Birth,"A member discovers that their date of birth has been recorded incorrectly in their service record since initial enlistment. Per MILPERSMAN 1000-120, which of the following is listed as the MOST PREFERRED documentary evidence to support the request for correction?",A formal board of inquiry must be convened before any date of birth correction is authorized,"Two affidavits from relatives, friends, or disinterested parties who knew the member from the time of birth",A letter from the member's commanding officer confirming the discrepancy in writing,"A copy of the birth certificate, officially certified by competent civilian authority",D,MILPERSMAN 1000-120,Whole MILPERSMAN.pdf,https://www.mynavyhr.navy.mil/References/MILPERSMAN/,84,"CH-37, 8 Nov 2011",(1) Most preferred:  A copy of the Birth Certificate provided it is officially certified by competent civilian authority.,PASS,Found on stated page.,PASS,
ADV677,PS,E-7,Manning & Manpower Management,NEC Management,NEC Code Award and Removal,"A member completed a factory training course that qualifies them for a new NEC. The NEC did not auto-populate in NSIPS. Per MILPERSMAN 1221-021, why was the NEC not auto-assigned, and what is the correct action?",NECs from factory training require a waiver from NAVPERSCOM (PERS-40) before they can be awarded; NAVPERS 1221/6 is only used for NEC removals,NECs from factory training are not automatically assigned through CeTARS — the command must submit NAVPERS 1221/6 Navy Enlisted Classification Change Request to BUPERS-328 to award the NEC,"NECs from all training sources are auto-assigned via CeTARS within 30 days; if the NEC did not appear, the member must contact the NSIPS helpdesk to report a system error",The member submits a NAVPERS 1070/613 Administrative Remarks documenting the course completion; the NEC will then be auto-assigned at the next advancement selection board,B,MILPERSMAN 1221-021,Whole MILPERSMAN.pdf,https://www.mynavyhr.navy.mil/References/MILPERSMAN/,911,"CH-87, 11 Jun 2024","NECs earned through on-the-job training, job qualification requirements, personnel qualification standards, factory training, and or non-Navy training are not automatically assigned. In these cases, recommendations for assignment of NECs should be forwarded to the Bureau of Naval Personnel (BUPERS) Community Management Support Branch (BUPERS-328) by submitting NAVPERS 1221/6 Navy Enlisted Classification Change Request.",PASS,Found on stated page.,PASS,
ADV678,PS,E-6,"Reserve Pay, Management & Processing",Reserve Participation,Participation Requirements (Drilling Reserve),"You are a PS reviewing a Reservist's IDT attendance record over the past 12 months. The member has accumulated a total of 9 unexcused absences. Based on BUPERSINST 1001.39F, Chapter 11, what is the administrative status of this member?",The member is automatically transferred to the IRR once unexcused absences exceed 6 in any fiscal year,The member is still satisfactory because authorized absences bring the total below the threshold,The member must be designated as an unsatisfactory participant because 9 or more IDT periods in a running 12-month period were declared unsatisfactory or unexcused,The member is placed on a 30-day warning period before being officially designated as unsatisfactory,C,"BUPERSINST 1001.39F, Chapter 11",BUPERSINST 1001.39.pdf,https://www.mynavyhr.navy.mil/Portals/55/Reference/Instructions/BUPERS/BUPERSINST%201001.39.pdf,122,"1001.39F, 17 Sep 2007",Members will be designated as unsatisfactory participants when 9 or more IDT periods in a running 12-month period are declared unsatisfactory or are unexcused absences.,PASS,Found on stated page.,PASS,
ADV679,PS,E-6,"Reserve Pay, Management & Processing",Reserve Participation,Participation Requirements (Drilling Reserve),"A Reservist asks you what determines their specific training and retirement requirements under BUPERSINST 1001.39F, Chapter 11. You explain that each member is assigned to a category that governs those requirements. What is the correct name of this category system?",Training and Reserve Classification (TRC),Training Readiness Code (TRC),Reserve Assignment and Retention Code (RARC),Training and Retirement Categories (TRC),D,"BUPERSINST 1001.39F, Chapter 11",BUPERSINST 1001.39.pdf,https://www.mynavyhr.navy.mil/Portals/55/Reference/Instructions/BUPERS/BUPERSINST%201001.39.pdf,119,"1001.39F, 17 Sep 2007",This chapter identifies Navy Reserve Training and Retirement Categories (TRC) and sets forth requirements for members participating in the Navy Reserve.,PASS,Found on stated page.,PASS,
ADV680,PS,E-6,"Reserve Pay, Management & Processing",Reserve Participation,Participation Requirements (Drilling Reserve),"Per BUPERSINST 1001.39F, Chapter 11, what does it mean when an IDT period is recorded as an Authorized Absence (AA), and what effect does an assigned AA have on the number of regular IDT periods the member may perform that fiscal year?",An AA is assigned only for medical emergencies and has no effect on the number of IDT periods that may be performed,An AA is assigned for any excused absence and increases the number of IDT periods that may be performed by one,An AA counts as an unexcused absence toward the 9-period unsatisfactory threshold,An AA is assigned when there is no requirement to make up the missed IDT period and meaningful training is not available; each assigned AA reduces by one the number of regular IDT periods that may be performed for the fiscal year,D,"BUPERSINST 1001.39F, Chapter 11",BUPERSINST 1001.39.pdf,https://www.mynavyhr.navy.mil/Portals/55/Reference/Instructions/BUPERS/BUPERSINST%201001.39.pdf,123,"1001.39F, 17 Sep 2007",AAs are assigned when there is not a requirement to make up missed IDT periods and meaningful training is not available. Each assigned AA reduces by one the number of regular IDT periods that may be performed per fiscal year.,PASS,Found on stated page.,PASS,
ADV681,PS,E-6,"Reserve Pay, Management & Processing",Reserve Participation,Participation Requirements (Drilling Reserve),"After reviewing attendance rosters, you identify a Reservist who failed to show up for an IDT period without prior notification or a valid excuse. Under BUPERSINST 1001.39F, Chapter 11, who is responsible for monitoring member participation and making this determination?","The member themselves, who must self-report the absence to NAVPERSCOM within 30 days",The commanding officer of the reserve unit (NOSC),"NAVPERSCOM (PERS-912), after the member's command submits a written request for administrative action","The member's senior enlisted leader, who documents the absence on the unit muster sheet",B,"BUPERSINST 1001.39F, Chapter 11",BUPERSINST 1001.39.pdf,https://www.mynavyhr.navy.mil/Portals/55/Reference/Instructions/BUPERS/BUPERSINST%201001.39.pdf,122,"1001.39F, 17 Sep 2007",Criteria for Satisfactory Participation. COs of each NOSC are responsible for monitoring the participation of their members.,PASS,Found on stated page.,PASS,
ADV682,PS,E-6,"Reserve Pay, Management & Processing",Reserve Participation,Participation Requirements (Drilling Reserve),"An enlisted Reservist in your command has been officially designated as an unsatisfactory participant, and the NOSC CO believes the circumstances that caused this have been resolved. Based on BUPERSINST 1001.39F, Chapter 11 and Figure 11-1, what administrative action may the CO take, and what can happen if the member accrues one more unexcused absence during it?","The CO may place the member on a 6-month probationary period, and one more unexcused absence during it may result in the drill assignment being cancelled",The member is transferred to the USNR-S2 (inactive status) pending a formal board of inquiry,The member forfeits all retirement points earned in the year they were designated unsatisfactory,The member is immediately separated from the Navy Reserve with no further opportunity to correct their record,A,"BUPERSINST 1001.39F, Chapter 11",BUPERSINST 1001.39.pdf,https://www.mynavyhr.navy.mil/Portals/55/Reference/Instructions/BUPERS/BUPERSINST%201001.39.pdf,125,"1001.39F, 17 Sep 2007","Enlisted personnel may be placed on 6 months probation for unsatisfactory participation if the NOSC CO believes the circumstances that caused the Reservist to be an unsatisfactory participant have been resolved. 2. If during the 6-month probationary period the member accrues one unexcused absence or fails to meet any other participation requirement, the member's drill assignment may be cancelled.",PASS,Found on stated page.,PASS,
ADV683,PS,E-7,Separations & Retirement Processing,Non-Regular (Reserve) Retirement,Non-Regular Retirement Eligibility,"A PS2 asks you how many qualifying years of service a Navy Reserve member must complete before they are eligible to receive non-regular service retired pay under BUPERSINST 1001.39F, Chapter 20. What is the correct answer?",20 qualifying years,15 qualifying years,"18 qualifying years, which may be reduced for certain combat service",25 qualifying years,A,"BUPERSINST 1001.39F, Chapter 20",BUPERSINST 1001.39.pdf,https://www.mynavyhr.navy.mil/Portals/55/Reference/Instructions/BUPERS/BUPERSINST%201001.39.pdf,163,"1001.39F CH-1, 3 May 2013 (base instruction 17 Sep 2007)","Unless otherwise provided by law, a Navy Reserve member must have completed 20 years of qualifying service to be eligible for non-regular service retired pay.",PASS,Found on stated page.,PASS,
ADV684,PS,E-7,Separations & Retirement Processing,Non-Regular (Reserve) Retirement,Non-Regular Retirement Eligibility,"A Reservist is concerned that a year in which they drilled irregularly may not count toward retirement. Under BUPERSINST 1001.39F, Chapter 20, what is the minimum retirement point standard that must be met for an anniversary year to be counted as a qualifying year toward non-regular service retirement?",At least 48 IDT periods with no unexcused absences during the anniversary year,"At least 27 retirement points, including the 15 membership points awarded annually",At least 90 days of active duty service during the calendar year,At least 50 retirement points earned during the anniversary year,D,"BUPERSINST 1001.39F, Chapter 20",BUPERSINST 1001.39.pdf,https://www.mynavyhr.navy.mil/Portals/55/Reference/Instructions/BUPERS/BUPERSINST%201001.39.pdf,166,"1001.39F CH-1, 3 May 2013 (base instruction 17 Sep 2007)","In an anniversary year in which fewer than 50 points are credited, the earned points are added to the cumulative retirement point total, but that anniversary year is not a qualifying year creditable for earning a non-regular retirement.",PASS,Found on stated page.,PASS,
ADV685,PS,E-7,Separations & Retirement Processing,Non-Regular (Reserve) Retirement,Non-Regular Retirement Eligibility,"A Reservist who has completed 20 qualifying years of service transfers to the Retired Reserve. They ask you at what age they can normally begin drawing their non-regular service retired pay under BUPERSINST 1001.39F, Chapter 20. What is your answer?","Age 55, provided they have completed at least 25 qualifying years","Age 57, with a mandatory application submitted no later than 6 months before that date","Age 62, with no exceptions","Age 60, unless eligible to receive it at a date earlier than age 60",D,"BUPERSINST 1001.39F, Chapter 20",BUPERSINST 1001.39.pdf,https://www.mynavyhr.navy.mil/Portals/55/Reference/Instructions/BUPERS/BUPERSINST%201001.39.pdf,180,"1001.39F CH-1, 3 May 2013 (base instruction 17 Sep 2007)","Normally, be at least 60 years of age or be eligible to receive non-regular retirement pay at a date earlier than age 60, per 10 U.S.C., section 12731;",PASS,Found on stated page.,PASS,
ADV686,PS,E-7,Separations & Retirement Processing,Non-Regular (Reserve) Retirement,Non-Regular Retirement Eligibility,"A PS2 asks you to explain what a ""Gray Area Retiree"" is under BUPERSINST 1001.39F, Chapter 20. Which of the following best describes this category of member?",A member who is currently receiving retired pay while simultaneously serving on active duty in a different component,A member who retired from active duty with fewer than 20 qualifying years and receives a reduced retired pay amount,A member assigned to USNR-S2 who is awaiting final transfer processing to the Retired Reserve,"A Navy Reserve member who has completed the required service for non-regular retired pay, received a Notice of Eligibility (NOE), and transferred to the Retired Reserve, but has not applied for retired pay benefits and has not yet reached eligibility to draw it",D,"BUPERSINST 1001.39F, Chapter 20",BUPERSINST 1001.39.pdf,https://www.mynavyhr.navy.mil/Portals/55/Reference/Instructions/BUPERS/BUPERSINST%201001.39.pdf,162,"1001.39F CH-1, 3 May 2013 (base instruction 17 Sep 2007)","Navy Reserve personnel who have not reached eligibility to draw non-regular retired pay, have received a Notice of Eligibility (NOE), and have not applied for retired pay benefits but have transferred to a Retired Reserve status after completing the required service for non-regular retired pay benefits under 10 U.S.C., chapter 1223. These members are often referred to as Gray Area Retirees.",PASS,Found on stated page.,PASS,
ADV687,PS,E-7,Separations & Retirement Processing,Non-Regular (Reserve) Retirement,Non-Regular Retirement Eligibility,"A Reservist in your unit believes they have recently completed their 20th qualifying year toward non-regular service retirement. Under BUPERSINST 1001.39F, Chapter 20, what official document confirms they have accumulated sufficient qualifying service to be eligible for non-regular service retired pay, and who issues it?","A NAVPERS 1070/613 Administrative Remarks entry, signed by their commanding officer","A NAVPERS 1810/1 Navy Reserve Retirement Point Capture Form, submitted by their unit","A Notice of Eligibility (NOE), issued by NAVPERSCOM (PERS-912)",A DD Form 214 reflecting their cumulative Reserve service and qualifying point totals,C,"BUPERSINST 1001.39F, Chapter 20",BUPERSINST 1001.39.pdf,https://www.mynavyhr.navy.mil/Portals/55/Reference/Instructions/BUPERS/BUPERSINST%201001.39.pdf,172,"1001.39F CH-1, 3 May 2013 (base instruction 17 Sep 2007)","Per 10 U.S.C., section 12731, NAVPERSCOM (PERS-912) will issue a NOE for non-regular service retired pay to each Navy Reserve member not on extended AD who has met all of the following conditions to qualify for non-regular service retired pay:",PASS,Found on stated page.,PASS,
ADV688,PS,E-7,Transfers Management & Processing,Enlisted Distribution,Military Couple and Single Parent Assignment,"You are counseling a military couple who both desire co-location at their next duty station. Per MILPERSMAN 1300-1000, what driving distance is used as a guideline when determining whether two duty stations constitute co-location?",90 driving-miles,150 driving-miles,50 driving-miles,25 driving-miles,A,MILPERSMAN 1300-1000,Whole MILPERSMAN.pdf,https://www.mynavyhr.navy.mil/References/MILPERSMAN/,1128,"CH-87, 05 Apr 2024","While there is no established maximum distance between duty stations for co-location, 90 driving-miles should be used as a guide when considering co-location requests.",PASS,Found on stated page.,PASS,
ADV689,PS,E-7,Transfers Management & Processing,Enlisted Distribution,Military Couple and Single Parent Assignment,"A married military couple is both assigned to the same ship. The wife has completed 65% of her Prescribed Sea Tour (PST) and the husband has completed 40%. Per MILPERSMAN 1300-1000, which member will normally be reassigned first?","The wife, because she has completed the larger percentage of her PST",Neither is reassigned until both complete their full PST,"The husband, because he has completed the smaller percentage of his PST",Both members are transferred simultaneously to the nearest shore duty billet,A,MILPERSMAN 1300-1000,Whole MILPERSMAN.pdf,https://www.mynavyhr.navy.mil/References/MILPERSMAN/,1131,"CH-87, 05 Apr 2024","In the case of a member on shipboard duty who marries another member assigned to the same ship or the same shipboard embarking command, the member who has completed the larger percentage of his or her PST will normally be reassigned as soon as possible",PASS,Found on stated page.,PASS,
ADV690,PS,E-7,Transfers Management & Processing,Enlisted Distribution,Military Couple and Single Parent Assignment,"A Sailor in your command is a single parent who has just received sea duty orders and is concerned about how single parents are handled in the assignment system. Per MILPERSMAN 1300-1000, which statement best describes Navy policy on single parent assignments?",Single parents may decline any sea duty assignment without consequence,Single parents are assigned only to CONUS duty stations by policy,Single parents are automatically assigned to shore duty for their first two tours,"Single parents are assigned using the same procedures as other Service members, since a preferential policy would be discriminatory toward other members",D,MILPERSMAN 1300-1000,Whole MILPERSMAN.pdf,https://www.mynavyhr.navy.mil/References/MILPERSMAN/,1134,"CH-87, 05 Apr 2024","7. Single Parents. Single parents are assigned using the same procedures as other Service members. a. Navy Personnel Command recognizes the unique situations that occur when single parents are assigned to some types of duty and duty locations; however, a preferential assignment policy regarding single parents would be discriminatory toward other members.",PASS,Found on stated page.,PASS,
ADV691,PS,E-7,Transfers Management & Processing,Enlisted Distribution,Overseas Tour Lengths and Types,"A member received OCONUS orders and elected an unaccompanied tour. After reporting, the member's family arrives in tourist status and is subsequently granted command sponsorship. Per MILPERSMAN 1300-308, how is the member's tour length adjusted?",The tour is automatically shortened by 6 months,No adjustment is made — the unaccompanied election is final once orders are executed,The member must complete only the original unaccompanied tour length regardless of sponsorship,"The tour is adjusted to the accompanied tour length, or an additional 1 year on board, whichever is longer",D,MILPERSMAN 1300-308,Whole MILPERSMAN.pdf,https://www.mynavyhr.navy.mil/References/MILPERSMAN/,1038,"CH-65, 26 Nov 2018","Service members who report on unaccompanied orders to an overseas area that allows accompanied tours, then are later joined by dependent(s) at the Service member's expense, will have their tour adjusted to the accompanied tour length or an additional 1 year on board, computed from the date command sponsorship is granted, whichever is longer.",PASS,Found on stated page.,PASS,
ADV692,PS,E-7,Transfers Management & Processing,Enlisted Distribution,Overseas Tour Lengths and Types,"A billet at an overseas duty station is being considered for designation as a ""key billet."" Per MILPERSMAN 1300-308, what makes a billet a key billet?","The continued presence of the officer, warrant officer, or senior enlisted (E-8/E-9) member is determined absolutely essential to the mission, and the position requires the accompanied tour length",The billet must have a 12-month unaccompanied tour length only,The billet must be vacant for more than 90 days,"The billet must be designated for an E-7 or above, and the duty station must be OCONUS",A,MILPERSMAN 1300-308,Whole MILPERSMAN.pdf,https://www.mynavyhr.navy.mil/References/MILPERSMAN/,1037,"CH-65, 26 Nov 2018","Key billets are reserved for only those positions in which the continued presence of an officer, warrant officer, or senior enlisted Service member (E-8 or E-9) is determined to be absolutely essential to the mission of the activity, unit, or the U.S. presence in that area. Assignment to key billets must require Service members to serve the accompanied tour length, even if the Service member declines to serve the tour accompanied.",PASS,Found on stated page.,PASS,
ADV693,PS,E-7,Transfers Management & Processing,Enlisted Distribution,Overseas Tour Lengths and Types,"A member serving a 24-month overseas accompanied tour receives PCS orders with a departure date that falls 57 days before their scheduled tour completion date. Per MILPERSMAN 1300-308, what is the administrative determination regarding completion of the overseas tour?","The member is considered to have completed the full tour, since reassignment up to 60 days early still counts as tour completion",The member must request a waiver from PERS-4 since only a 30-day early departure is authorized,The tour is considered incomplete and must be documented as a curtailment,The member forfeits overseas tour credit for the final 57 days,A,MILPERSMAN 1300-308,Whole MILPERSMAN.pdf,https://www.mynavyhr.navy.mil/References/MILPERSMAN/,1038,"CH-65, 26 Nov 2018",Shortened Tour Length. Tours must meet Department of Defense (DoD) overseas tour lengths. Service members may be reassigned up to 60 days prior to completion of the full tour length and be considered as having completed the full tour.,PASS,Found on stated page.,PASS,
ADV694,PS,E-7,Transfers Management & Processing,Enlisted Distribution,Expedited Transfers,"Per MILPERSMAN 1300-1205 (Expedited Transfers), what may a Service member who is the victim of an offense listed as eligible under this article request prior to their normal projected rotation date?","A temporary reassignment within or outside their unit, or a permanent change of duty station",A transfer that can only be initiated by the alleged offender's command,An immediate discharge in lieu of transfer,Only a temporary local reassignment — PCS transfers are not authorized under this article,A,MILPERSMAN 1300-1205,Whole MILPERSMAN.pdf,https://www.mynavyhr.navy.mil/References/MILPERSMAN/,1148,"CH-78, 7 Feb 2022",Service members who are victims of certain offenses stipulated in reference (a) may request a temporary reassignment within or outside their unit or a permanent change of duty station prior to their normal projected rotation date per references (b) through (i).,PASS,Found on stated page.,PASS,
ADV695,PS,E-7,Transfers Management & Processing,Enlisted Distribution,Overseas Screening and Early Return,"A member has just arrived at their OCONUS duty station. A review of their screening documentation reveals a discrepancy that was not identified during the screening process, but the overseas command intends to let the member and dependents remain overseas. Per MILPERSMAN 1300-306, what is this report called?",An Overseas Screening Deficiency Report/Request for Early Return (OSDR/ER),An Early Return for Cause Request (ERFCR),An Overseas Screening Deficiency Report (OSDR) only,A Command Sponsorship Withdrawal Report,C,MILPERSMAN 1300-306,Whole MILPERSMAN.pdf,https://www.mynavyhr.navy.mil/References/MILPERSMAN/,1031,"CH-29, 3 Dec 2009",Overseas Screening Deficiency Report (OSDR) only. Submitted when a member and/or dependent(s) arrive overseas with a discrepancy that occurred during the screening process or was not identified during the screening process. This report documents the screening deficiency but does not require an early return as the overseas command intends to allow the servicemember and dependents to remain overseas.,PASS,Found on stated page.,PASS,
ADV696,PS,E-7,Transfers Management & Processing,Enlisted Distribution,Enlisted Manning Inquiry Report,"Your command is experiencing a critical manning shortage in a supervisory rating. Per MILPERSMAN 1306-108, which of the following meets the criteria to warrant submission of an Enlisted Manning Inquiry Report (EMIR)?",Any vacancy lasting more than 30 days,"A rating supervisory shortfall of less than 70 percent manned, or a gapped 1 of 1 authorized billet leading to readiness impact","Any single unplanned loss of personnel, regardless of readiness impact","A rating manned below 90 percent, regardless of billet type",B,MILPERSMAN 1306-108,Whole MILPERSMAN.pdf,https://www.mynavyhr.navy.mil/References/MILPERSMAN/,1623,"CH-67, 4 May 2019","To warrant submission of an EMIR, the personnel shortage must meet one of the following categories: (1) Rating Manning. Current onboard (COB) manning or projected onboard (POB) manning in the applicable rating or closed loop/transitory Navy enlisted classification (NEC) code meets the following criteria: (a) rating supervisory shortfall of less than 70 percent manned, or (b) gapped 1 of 1 authorized billets leading to readiness impact.",PASS,Found on stated page.,PASS,
ADV697,PS,E-7,Transfers Management & Processing,Enlisted Distribution,Early Return for Cause,"A Sailor assigned to an overseas duty station has had multiple documented incidents of misconduct in the local community. The commanding officer is considering submitting an Early Return for Cause Request (ERFCR). Per MILPERSMAN 1306-114, when is ERFC an appropriate action?","At any time at the commanding officer's discretion, with no other requirement",Only after a court-martial conviction,"Only when all other efforts, such as training, counseling, guidance, and treatment, have been exhausted, and not in lieu of disciplinary action or administrative discharge",As a routine substitute for administrative discharge processing,C,MILPERSMAN 1306-114,Whole MILPERSMAN.pdf,https://www.mynavyhr.navy.mil/References/MILPERSMAN/,1632,"CH-37, 14 Nov 2011","ERFC is one of the strongest administrative actions used and should only be requested when all other efforts (i.e., training, counseling, guidance, treatment, etc.) are exhausted. ERFC will not be used in lieu of disciplinary action or administrative discharge, nor is it an excuse to transfer a problem Sailor to another command.",PASS,Found on stated page.,PASS,
